[2023-04-16 00:03:12.510] WARN  [http-nio-8081-exec-5] [c.h.t.h.GlobalExceptionHandler] GlobalExceptionHandler.handleBadRequestException:72 - An invalid request was rejected: [Invalid Date!]
[2023-04-16 00:03:41.376] INFO  [SpringApplicationShutdownHook] [o.s.o.j.LocalContainerEntityManagerFactoryBean] LocalContainerEntityManagerFactoryBean.destroy:651 - Closing JPA EntityManagerFactory for persistence unit 'default'
[2023-04-16 00:03:41.385] INFO  [SpringApplicationShutdownHook] [c.z.h.HikariDataSource] HikariDataSource.close:350 - HikariPool-1 - Shutdown initiated...
[2023-04-16 00:03:41.396] INFO  [SpringApplicationShutdownHook] [c.z.h.HikariDataSource] HikariDataSource.close:352 - HikariPool-1 - Shutdown completed.
[2023-04-16 00:03:50.585] INFO  [main] [c.h.t.ToiletMapBackEndApplication] ToiletMapBackEndApplication.logStarting:55 - Starting ToiletMapBackEndApplication using Java 11.0.16.1 on TienHuynhTN with PID 9632 (F:\FPT\Semester-9-Summer-2023\Capstone-Project\Implementation\toilet-map-back-end\target\classes started by tienhltse151104 in F:\FPT\Semester-9-Summer-2023\Capstone-Project\Implementation\toilet-map-back-end)
[2023-04-16 00:03:50.596] INFO  [main] [c.h.t.ToiletMapBackEndApplication] ToiletMapBackEndApplication.logStartupProfileInfo:637 - The following 2 profiles are active: "default", "prod"
[2023-04-16 00:03:52.147] INFO  [main] [o.s.d.r.c.RepositoryConfigurationDelegate] RepositoryConfigurationDelegate.registerRepositoriesIn:132 - Bootstrapping Spring Data JPA repositories in DEFAULT mode.
[2023-04-16 00:03:52.290] INFO  [main] [o.s.d.r.c.RepositoryConfigurationDelegate] RepositoryConfigurationDelegate.registerRepositoriesIn:201 - Finished Spring Data repository scanning in 131 ms. Found 15 JPA repository interfaces.
[2023-04-16 00:03:52.949] INFO  [main] [o.s.b.w.e.t.TomcatWebServer] TomcatWebServer.initialize:108 - Tomcat initialized with port(s): 8081 (http)
[2023-04-16 00:03:52.949] INFO  [main] [o.a.c.c.AprLifecycleListener] AprLifecycleListener.log:173 - Loaded Apache Tomcat Native library [1.2.35] using APR version [1.7.0].
[2023-04-16 00:03:52.949] INFO  [main] [o.a.c.c.AprLifecycleListener] AprLifecycleListener.log:173 - APR capabilities: IPv6 [true], sendfile [true], accept filters [false], random [true], UDS [true].
[2023-04-16 00:03:52.949] INFO  [main] [o.a.c.c.AprLifecycleListener] AprLifecycleListener.log:173 - APR/OpenSSL configuration: useAprConnector [false], useOpenSSL [true]
[2023-04-16 00:03:52.955] INFO  [main] [o.a.c.c.AprLifecycleListener] AprLifecycleListener.log:173 - OpenSSL successfully initialized [OpenSSL 1.1.1q  5 Jul 2022]
[2023-04-16 00:03:52.955] INFO  [main] [o.a.c.c.StandardService] StandardService.log:173 - Starting service [Tomcat]
[2023-04-16 00:03:52.955] INFO  [main] [o.a.c.c.StandardEngine] StandardEngine.log:173 - Starting Servlet engine: [Apache Tomcat/9.0.71]
[2023-04-16 00:03:53.093] INFO  [main] [o.a.c.c.C.[.[.[/]] [/].log:173 - Initializing Spring embedded WebApplicationContext
[2023-04-16 00:03:53.093] INFO  [main] [o.s.b.w.s.c.ServletWebServerApplicationContext] ServletWebServerApplicationContext.prepareWebApplicationContext:292 - Root WebApplicationContext: initialization completed in 2422 ms
[2023-04-16 00:03:53.539] INFO  [main] [o.h.j.i.u.LogHelper] LogHelper.logPersistenceUnitInformation:31 - HHH000204: Processing PersistenceUnitInfo [name: default]
[2023-04-16 00:03:53.586] INFO  [main] [o.h.Version] Version.logVersion:44 - HHH000412: Hibernate ORM core version 5.6.14.Final
[2023-04-16 00:03:53.776] INFO  [main] [o.h.a.c.Version] Version.<clinit>:56 - HCANN000001: Hibernate Commons Annotations {5.1.2.Final}
[2023-04-16 00:03:53.906] INFO  [main] [c.z.h.HikariDataSource] HikariDataSource.getConnection:110 - HikariPool-1 - Starting...
[2023-04-16 00:03:54.740] INFO  [main] [c.z.h.HikariDataSource] HikariDataSource.getConnection:123 - HikariPool-1 - Start completed.
[2023-04-16 00:03:54.763] INFO  [main] [o.h.d.Dialect] Dialect.<init>:175 - HHH000400: Using dialect: org.hibernate.dialect.SQLServer2012Dialect
[2023-04-16 00:03:55.986] INFO  [main] [o.h.e.t.j.p.i.JtaPlatformInitiator] JtaPlatformInitiator.initiateService:52 - HHH000490: Using JtaPlatform implementation: [org.hibernate.engine.transaction.jta.platform.internal.NoJtaPlatform]
[2023-04-16 00:03:56.005] INFO  [main] [o.s.o.j.LocalContainerEntityManagerFactoryBean] LocalContainerEntityManagerFactoryBean.buildNativeEntityManagerFactory:437 - Initialized JPA EntityManagerFactory for persistence unit 'default'
[2023-04-16 00:03:58.305] INFO  [main] [o.s.s.w.DefaultSecurityFilterChain] DefaultSecurityFilterChain.<init>:55 - Will secure any request with [org.springframework.security.web.session.DisableEncodeUrlFilter@6779959d, org.springframework.security.web.context.request.async.WebAsyncManagerIntegrationFilter@335a45a8, org.springframework.security.web.context.SecurityContextPersistenceFilter@5cbebfba, org.springframework.security.web.header.HeaderWriterFilter@3903cfc9, org.springframework.web.filter.CorsFilter@294c36b9, org.springframework.security.web.authentication.logout.LogoutFilter@5bed8b91, com.happy3friends.toiletmapbackend.sercurity.TokenAuthenticationFilter@60256d1b, org.springframework.security.web.savedrequest.RequestCacheAwareFilter@2a5c115b, org.springframework.security.web.servletapi.SecurityContextHolderAwareRequestFilter@6c3627c, org.springframework.security.web.authentication.AnonymousAuthenticationFilter@6b23897a, org.springframework.security.web.session.SessionManagementFilter@288e50c1, org.springframework.security.web.access.ExceptionTranslationFilter@69374e28, org.springframework.security.web.access.intercept.FilterSecurityInterceptor@13f255ed]
[2023-04-16 00:03:58.686] INFO  [main] [o.s.b.w.e.t.TomcatWebServer] TomcatWebServer.start:220 - Tomcat started on port(s): 8081 (http) with context path ''
[2023-04-16 00:03:58.706] INFO  [main] [c.h.t.ToiletMapBackEndApplication] ToiletMapBackEndApplication.logStarted:61 - Started ToiletMapBackEndApplication in 9.185 seconds (JVM running for 11.589)
[2023-04-16 00:04:08.601] INFO  [http-nio-8081-exec-1] [o.a.c.c.C.[.[.[/]] [/].log:173 - Initializing Spring DispatcherServlet 'dispatcherServlet'
[2023-04-16 00:04:08.601] INFO  [http-nio-8081-exec-1] [o.s.w.s.DispatcherServlet] DispatcherServlet.initServletBean:525 - Initializing Servlet 'dispatcherServlet'
[2023-04-16 00:04:08.601] INFO  [http-nio-8081-exec-1] [o.s.w.s.DispatcherServlet] DispatcherServlet.initServletBean:547 - Completed initialization in 0 ms
[2023-04-16 00:04:16.955] WARN  [http-nio-8081-exec-1] [c.h.t.h.GlobalExceptionHandler] GlobalExceptionHandler.handleBadRequestException:72 - An invalid request was rejected: [Invalid Date!]
[2023-04-16 00:07:27.903] INFO  [SpringApplicationShutdownHook] [o.s.o.j.LocalContainerEntityManagerFactoryBean] LocalContainerEntityManagerFactoryBean.destroy:651 - Closing JPA EntityManagerFactory for persistence unit 'default'
[2023-04-16 00:07:27.908] INFO  [SpringApplicationShutdownHook] [c.z.h.HikariDataSource] HikariDataSource.close:350 - HikariPool-1 - Shutdown initiated...
[2023-04-16 00:07:27.924] INFO  [SpringApplicationShutdownHook] [c.z.h.HikariDataSource] HikariDataSource.close:352 - HikariPool-1 - Shutdown completed.
[2023-04-16 00:07:35.148] INFO  [main] [c.h.t.ToiletMapBackEndApplication] ToiletMapBackEndApplication.logStarting:55 - Starting ToiletMapBackEndApplication using Java 11.0.16.1 on TienHuynhTN with PID 16004 (F:\FPT\Semester-9-Summer-2023\Capstone-Project\Implementation\toilet-map-back-end\target\classes started by tienhltse151104 in F:\FPT\Semester-9-Summer-2023\Capstone-Project\Implementation\toilet-map-back-end)
[2023-04-16 00:07:35.153] INFO  [main] [c.h.t.ToiletMapBackEndApplication] ToiletMapBackEndApplication.logStartupProfileInfo:637 - The following 2 profiles are active: "default", "prod"
[2023-04-16 00:07:36.413] INFO  [main] [o.s.d.r.c.RepositoryConfigurationDelegate] RepositoryConfigurationDelegate.registerRepositoriesIn:132 - Bootstrapping Spring Data JPA repositories in DEFAULT mode.
[2023-04-16 00:07:36.601] INFO  [main] [o.s.d.r.c.RepositoryConfigurationDelegate] RepositoryConfigurationDelegate.registerRepositoriesIn:201 - Finished Spring Data repository scanning in 128 ms. Found 15 JPA repository interfaces.
[2023-04-16 00:07:37.287] INFO  [main] [o.s.b.w.e.t.TomcatWebServer] TomcatWebServer.initialize:108 - Tomcat initialized with port(s): 8081 (http)
[2023-04-16 00:07:37.288] INFO  [main] [o.a.c.c.AprLifecycleListener] AprLifecycleListener.log:173 - Loaded Apache Tomcat Native library [1.2.35] using APR version [1.7.0].
[2023-04-16 00:07:37.288] INFO  [main] [o.a.c.c.AprLifecycleListener] AprLifecycleListener.log:173 - APR capabilities: IPv6 [true], sendfile [true], accept filters [false], random [true], UDS [true].
[2023-04-16 00:07:37.289] INFO  [main] [o.a.c.c.AprLifecycleListener] AprLifecycleListener.log:173 - APR/OpenSSL configuration: useAprConnector [false], useOpenSSL [true]
[2023-04-16 00:07:37.294] INFO  [main] [o.a.c.c.AprLifecycleListener] AprLifecycleListener.log:173 - OpenSSL successfully initialized [OpenSSL 1.1.1q  5 Jul 2022]
[2023-04-16 00:07:37.310] INFO  [main] [o.a.c.c.StandardService] StandardService.log:173 - Starting service [Tomcat]
[2023-04-16 00:07:37.310] INFO  [main] [o.a.c.c.StandardEngine] StandardEngine.log:173 - Starting Servlet engine: [Apache Tomcat/9.0.71]
[2023-04-16 00:07:37.490] INFO  [main] [o.a.c.c.C.[.[.[/]] [/].log:173 - Initializing Spring embedded WebApplicationContext
[2023-04-16 00:07:37.491] INFO  [main] [o.s.b.w.s.c.ServletWebServerApplicationContext] ServletWebServerApplicationContext.prepareWebApplicationContext:292 - Root WebApplicationContext: initialization completed in 2269 ms
[2023-04-16 00:07:38.016] INFO  [main] [o.h.j.i.u.LogHelper] LogHelper.logPersistenceUnitInformation:31 - HHH000204: Processing PersistenceUnitInfo [name: default]
[2023-04-16 00:07:38.073] INFO  [main] [o.h.Version] Version.logVersion:44 - HHH000412: Hibernate ORM core version 5.6.14.Final
[2023-04-16 00:07:38.233] INFO  [main] [o.h.a.c.Version] Version.<clinit>:56 - HCANN000001: Hibernate Commons Annotations {5.1.2.Final}
[2023-04-16 00:07:38.356] INFO  [main] [c.z.h.HikariDataSource] HikariDataSource.getConnection:110 - HikariPool-1 - Starting...
[2023-04-16 00:07:39.359] INFO  [main] [c.z.h.HikariDataSource] HikariDataSource.getConnection:123 - HikariPool-1 - Start completed.
[2023-04-16 00:07:39.378] INFO  [main] [o.h.d.Dialect] Dialect.<init>:175 - HHH000400: Using dialect: org.hibernate.dialect.SQLServer2012Dialect
[2023-04-16 00:07:40.507] INFO  [main] [o.h.e.t.j.p.i.JtaPlatformInitiator] JtaPlatformInitiator.initiateService:52 - HHH000490: Using JtaPlatform implementation: [org.hibernate.engine.transaction.jta.platform.internal.NoJtaPlatform]
[2023-04-16 00:07:40.519] INFO  [main] [o.s.o.j.LocalContainerEntityManagerFactoryBean] LocalContainerEntityManagerFactoryBean.buildNativeEntityManagerFactory:437 - Initialized JPA EntityManagerFactory for persistence unit 'default'
[2023-04-16 00:07:42.889] INFO  [main] [o.s.s.w.DefaultSecurityFilterChain] DefaultSecurityFilterChain.<init>:55 - Will secure any request with [org.springframework.security.web.session.DisableEncodeUrlFilter@55b7f9f1, org.springframework.security.web.context.request.async.WebAsyncManagerIntegrationFilter@273e622f, org.springframework.security.web.context.SecurityContextPersistenceFilter@64710a6, org.springframework.security.web.header.HeaderWriterFilter@5f510929, org.springframework.web.filter.CorsFilter@380cd266, org.springframework.security.web.authentication.logout.LogoutFilter@6f09cb98, com.happy3friends.toiletmapbackend.sercurity.TokenAuthenticationFilter@477d6f66, org.springframework.security.web.savedrequest.RequestCacheAwareFilter@7a91027c, org.springframework.security.web.servletapi.SecurityContextHolderAwareRequestFilter@9120cb5, org.springframework.security.web.authentication.AnonymousAuthenticationFilter@4b477121, org.springframework.security.web.session.SessionManagementFilter@6abca7a6, org.springframework.security.web.access.ExceptionTranslationFilter@3791160a, org.springframework.security.web.access.intercept.FilterSecurityInterceptor@52cda4bd]
[2023-04-16 00:07:43.399] INFO  [main] [o.s.b.w.e.t.TomcatWebServer] TomcatWebServer.start:220 - Tomcat started on port(s): 8081 (http) with context path ''
[2023-04-16 00:07:43.419] INFO  [main] [c.h.t.ToiletMapBackEndApplication] ToiletMapBackEndApplication.logStarted:61 - Started ToiletMapBackEndApplication in 9.127 seconds (JVM running for 10.753)
[2023-04-16 00:08:01.193] INFO  [http-nio-8081-exec-2] [o.a.c.c.C.[.[.[/]] [/].log:173 - Initializing Spring DispatcherServlet 'dispatcherServlet'
[2023-04-16 00:08:01.194] INFO  [http-nio-8081-exec-2] [o.s.w.s.DispatcherServlet] DispatcherServlet.initServletBean:525 - Initializing Servlet 'dispatcherServlet'
[2023-04-16 00:08:01.196] INFO  [http-nio-8081-exec-2] [o.s.w.s.DispatcherServlet] DispatcherServlet.initServletBean:547 - Completed initialization in 1 ms
[2023-04-16 00:08:02.766] INFO  [http-nio-8081-exec-8] [o.s.a.AbstractOpenApiResource] AbstractOpenApiResource.getOpenApi:398 - Init duration for springdoc-openapi is: 625 ms
[2023-04-16 00:11:46.307] INFO  [SpringApplicationShutdownHook] [o.s.o.j.LocalContainerEntityManagerFactoryBean] LocalContainerEntityManagerFactoryBean.destroy:651 - Closing JPA EntityManagerFactory for persistence unit 'default'
[2023-04-16 00:11:46.315] INFO  [SpringApplicationShutdownHook] [c.z.h.HikariDataSource] HikariDataSource.close:350 - HikariPool-1 - Shutdown initiated...
[2023-04-16 00:11:46.325] INFO  [SpringApplicationShutdownHook] [c.z.h.HikariDataSource] HikariDataSource.close:352 - HikariPool-1 - Shutdown completed.
[2023-04-16 00:11:51.269] INFO  [main] [c.h.t.ToiletMapBackEndApplication] ToiletMapBackEndApplication.logStarting:55 - Starting ToiletMapBackEndApplication using Java 11.0.16.1 on TienHuynhTN with PID 22872 (F:\FPT\Semester-9-Summer-2023\Capstone-Project\Implementation\toilet-map-back-end\target\classes started by tienhltse151104 in F:\FPT\Semester-9-Summer-2023\Capstone-Project\Implementation\toilet-map-back-end)
[2023-04-16 00:11:51.281] INFO  [main] [c.h.t.ToiletMapBackEndApplication] ToiletMapBackEndApplication.logStartupProfileInfo:637 - The following 2 profiles are active: "default", "prod"
[2023-04-16 00:11:52.306] INFO  [main] [o.s.d.r.c.RepositoryConfigurationDelegate] RepositoryConfigurationDelegate.registerRepositoriesIn:132 - Bootstrapping Spring Data JPA repositories in DEFAULT mode.
[2023-04-16 00:11:52.437] INFO  [main] [o.s.d.r.c.RepositoryConfigurationDelegate] RepositoryConfigurationDelegate.registerRepositoriesIn:201 - Finished Spring Data repository scanning in 123 ms. Found 15 JPA repository interfaces.
[2023-04-16 00:11:53.175] INFO  [main] [o.s.b.w.e.t.TomcatWebServer] TomcatWebServer.initialize:108 - Tomcat initialized with port(s): 8081 (http)
[2023-04-16 00:11:53.175] INFO  [main] [o.a.c.c.AprLifecycleListener] AprLifecycleListener.log:173 - Loaded Apache Tomcat Native library [1.2.35] using APR version [1.7.0].
[2023-04-16 00:11:53.175] INFO  [main] [o.a.c.c.AprLifecycleListener] AprLifecycleListener.log:173 - APR capabilities: IPv6 [true], sendfile [true], accept filters [false], random [true], UDS [true].
[2023-04-16 00:11:53.175] INFO  [main] [o.a.c.c.AprLifecycleListener] AprLifecycleListener.log:173 - APR/OpenSSL configuration: useAprConnector [false], useOpenSSL [true]
[2023-04-16 00:11:53.175] INFO  [main] [o.a.c.c.AprLifecycleListener] AprLifecycleListener.log:173 - OpenSSL successfully initialized [OpenSSL 1.1.1q  5 Jul 2022]
[2023-04-16 00:11:53.186] INFO  [main] [o.a.c.c.StandardService] StandardService.log:173 - Starting service [Tomcat]
[2023-04-16 00:11:53.186] INFO  [main] [o.a.c.c.StandardEngine] StandardEngine.log:173 - Starting Servlet engine: [Apache Tomcat/9.0.71]
[2023-04-16 00:11:53.329] INFO  [main] [o.a.c.c.C.[.[.[/]] [/].log:173 - Initializing Spring embedded WebApplicationContext
[2023-04-16 00:11:53.331] INFO  [main] [o.s.b.w.s.c.ServletWebServerApplicationContext] ServletWebServerApplicationContext.prepareWebApplicationContext:292 - Root WebApplicationContext: initialization completed in 1992 ms
[2023-04-16 00:11:53.825] INFO  [main] [o.h.j.i.u.LogHelper] LogHelper.logPersistenceUnitInformation:31 - HHH000204: Processing PersistenceUnitInfo [name: default]
[2023-04-16 00:11:53.876] INFO  [main] [o.h.Version] Version.logVersion:44 - HHH000412: Hibernate ORM core version 5.6.14.Final
[2023-04-16 00:11:54.035] INFO  [main] [o.h.a.c.Version] Version.<clinit>:56 - HCANN000001: Hibernate Commons Annotations {5.1.2.Final}
[2023-04-16 00:11:54.169] INFO  [main] [c.z.h.HikariDataSource] HikariDataSource.getConnection:110 - HikariPool-1 - Starting...
[2023-04-16 00:11:55.066] INFO  [main] [c.z.h.HikariDataSource] HikariDataSource.getConnection:123 - HikariPool-1 - Start completed.
[2023-04-16 00:11:55.086] INFO  [main] [o.h.d.Dialect] Dialect.<init>:175 - HHH000400: Using dialect: org.hibernate.dialect.SQLServer2012Dialect
[2023-04-16 00:11:56.375] INFO  [main] [o.h.e.t.j.p.i.JtaPlatformInitiator] JtaPlatformInitiator.initiateService:52 - HHH000490: Using JtaPlatform implementation: [org.hibernate.engine.transaction.jta.platform.internal.NoJtaPlatform]
[2023-04-16 00:11:56.385] INFO  [main] [o.s.o.j.LocalContainerEntityManagerFactoryBean] LocalContainerEntityManagerFactoryBean.buildNativeEntityManagerFactory:437 - Initialized JPA EntityManagerFactory for persistence unit 'default'
[2023-04-16 00:11:58.528] INFO  [main] [o.s.s.w.DefaultSecurityFilterChain] DefaultSecurityFilterChain.<init>:55 - Will secure any request with [org.springframework.security.web.session.DisableEncodeUrlFilter@671561b9, org.springframework.security.web.context.request.async.WebAsyncManagerIntegrationFilter@3aebdb4, org.springframework.security.web.context.SecurityContextPersistenceFilter@7b45f7ef, org.springframework.security.web.header.HeaderWriterFilter@32d3b965, org.springframework.web.filter.CorsFilter@4fd70118, org.springframework.security.web.authentication.logout.LogoutFilter@5f5076f9, com.happy3friends.toiletmapbackend.sercurity.TokenAuthenticationFilter@431923ed, org.springframework.security.web.savedrequest.RequestCacheAwareFilter@17d837ab, org.springframework.security.web.servletapi.SecurityContextHolderAwareRequestFilter@379df603, org.springframework.security.web.authentication.AnonymousAuthenticationFilter@1db7c267, org.springframework.security.web.session.SessionManagementFilter@16160a37, org.springframework.security.web.access.ExceptionTranslationFilter@29280ca6, org.springframework.security.web.access.intercept.FilterSecurityInterceptor@41c56930]
[2023-04-16 00:11:58.875] INFO  [main] [o.s.b.w.e.t.TomcatWebServer] TomcatWebServer.start:220 - Tomcat started on port(s): 8081 (http) with context path ''
[2023-04-16 00:11:58.887] INFO  [main] [c.h.t.ToiletMapBackEndApplication] ToiletMapBackEndApplication.logStarted:61 - Started ToiletMapBackEndApplication in 8.415 seconds (JVM running for 9.795)
[2023-04-16 00:12:55.610] INFO  [SpringApplicationShutdownHook] [o.s.o.j.LocalContainerEntityManagerFactoryBean] LocalContainerEntityManagerFactoryBean.destroy:651 - Closing JPA EntityManagerFactory for persistence unit 'default'
[2023-04-16 00:12:55.616] INFO  [SpringApplicationShutdownHook] [c.z.h.HikariDataSource] HikariDataSource.close:350 - HikariPool-1 - Shutdown initiated...
[2023-04-16 00:12:55.626] INFO  [SpringApplicationShutdownHook] [c.z.h.HikariDataSource] HikariDataSource.close:352 - HikariPool-1 - Shutdown completed.
[2023-04-16 00:13:04.186] INFO  [main] [c.h.t.ToiletMapBackEndApplication] ToiletMapBackEndApplication.logStarting:55 - Starting ToiletMapBackEndApplication using Java 11.0.16.1 on TienHuynhTN with PID 8456 (F:\FPT\Semester-9-Summer-2023\Capstone-Project\Implementation\toilet-map-back-end\target\classes started by tienhltse151104 in F:\FPT\Semester-9-Summer-2023\Capstone-Project\Implementation\toilet-map-back-end)
[2023-04-16 00:13:04.187] INFO  [main] [c.h.t.ToiletMapBackEndApplication] ToiletMapBackEndApplication.logStartupProfileInfo:637 - The following 2 profiles are active: "default", "prod"
[2023-04-16 00:13:05.454] INFO  [main] [o.s.d.r.c.RepositoryConfigurationDelegate] RepositoryConfigurationDelegate.registerRepositoriesIn:132 - Bootstrapping Spring Data JPA repositories in DEFAULT mode.
[2023-04-16 00:13:05.597] INFO  [main] [o.s.d.r.c.RepositoryConfigurationDelegate] RepositoryConfigurationDelegate.registerRepositoriesIn:201 - Finished Spring Data repository scanning in 134 ms. Found 15 JPA repository interfaces.
[2023-04-16 00:13:06.290] INFO  [main] [o.s.b.w.e.t.TomcatWebServer] TomcatWebServer.initialize:108 - Tomcat initialized with port(s): 8081 (http)
[2023-04-16 00:13:06.292] INFO  [main] [o.a.c.c.AprLifecycleListener] AprLifecycleListener.log:173 - Loaded Apache Tomcat Native library [1.2.35] using APR version [1.7.0].
[2023-04-16 00:13:06.292] INFO  [main] [o.a.c.c.AprLifecycleListener] AprLifecycleListener.log:173 - APR capabilities: IPv6 [true], sendfile [true], accept filters [false], random [true], UDS [true].
[2023-04-16 00:13:06.292] INFO  [main] [o.a.c.c.AprLifecycleListener] AprLifecycleListener.log:173 - APR/OpenSSL configuration: useAprConnector [false], useOpenSSL [true]
[2023-04-16 00:13:06.296] INFO  [main] [o.a.c.c.AprLifecycleListener] AprLifecycleListener.log:173 - OpenSSL successfully initialized [OpenSSL 1.1.1q  5 Jul 2022]
[2023-04-16 00:13:06.305] INFO  [main] [o.a.c.c.StandardService] StandardService.log:173 - Starting service [Tomcat]
[2023-04-16 00:13:06.306] INFO  [main] [o.a.c.c.StandardEngine] StandardEngine.log:173 - Starting Servlet engine: [Apache Tomcat/9.0.71]
[2023-04-16 00:13:06.438] INFO  [main] [o.a.c.c.C.[.[.[/]] [/].log:173 - Initializing Spring embedded WebApplicationContext
[2023-04-16 00:13:06.439] INFO  [main] [o.s.b.w.s.c.ServletWebServerApplicationContext] ServletWebServerApplicationContext.prepareWebApplicationContext:292 - Root WebApplicationContext: initialization completed in 2184 ms
[2023-04-16 00:13:06.906] INFO  [main] [o.h.j.i.u.LogHelper] LogHelper.logPersistenceUnitInformation:31 - HHH000204: Processing PersistenceUnitInfo [name: default]
[2023-04-16 00:13:06.959] INFO  [main] [o.h.Version] Version.logVersion:44 - HHH000412: Hibernate ORM core version 5.6.14.Final
[2023-04-16 00:13:07.114] INFO  [main] [o.h.a.c.Version] Version.<clinit>:56 - HCANN000001: Hibernate Commons Annotations {5.1.2.Final}
[2023-04-16 00:13:07.254] INFO  [main] [c.z.h.HikariDataSource] HikariDataSource.getConnection:110 - HikariPool-1 - Starting...
[2023-04-16 00:13:07.996] INFO  [main] [c.z.h.HikariDataSource] HikariDataSource.getConnection:123 - HikariPool-1 - Start completed.
[2023-04-16 00:13:08.018] INFO  [main] [o.h.d.Dialect] Dialect.<init>:175 - HHH000400: Using dialect: org.hibernate.dialect.SQLServer2012Dialect
[2023-04-16 00:13:09.135] INFO  [main] [o.h.e.t.j.p.i.JtaPlatformInitiator] JtaPlatformInitiator.initiateService:52 - HHH000490: Using JtaPlatform implementation: [org.hibernate.engine.transaction.jta.platform.internal.NoJtaPlatform]
[2023-04-16 00:13:09.149] INFO  [main] [o.s.o.j.LocalContainerEntityManagerFactoryBean] LocalContainerEntityManagerFactoryBean.buildNativeEntityManagerFactory:437 - Initialized JPA EntityManagerFactory for persistence unit 'default'
[2023-04-16 00:13:11.493] INFO  [main] [o.s.s.w.DefaultSecurityFilterChain] DefaultSecurityFilterChain.<init>:55 - Will secure any request with [org.springframework.security.web.session.DisableEncodeUrlFilter@569026df, org.springframework.security.web.context.request.async.WebAsyncManagerIntegrationFilter@7896e96a, org.springframework.security.web.context.SecurityContextPersistenceFilter@7692c0e9, org.springframework.security.web.header.HeaderWriterFilter@773cc551, org.springframework.web.filter.CorsFilter@4e451f9a, org.springframework.security.web.authentication.logout.LogoutFilter@5f93ec02, com.happy3friends.toiletmapbackend.sercurity.TokenAuthenticationFilter@10ffe32f, org.springframework.security.web.savedrequest.RequestCacheAwareFilter@75bbe39d, org.springframework.security.web.servletapi.SecurityContextHolderAwareRequestFilter@6abca7a6, org.springframework.security.web.authentication.AnonymousAuthenticationFilter@7828bc6b, org.springframework.security.web.session.SessionManagementFilter@4f0f56f5, org.springframework.security.web.access.ExceptionTranslationFilter@23c61c1b, org.springframework.security.web.access.intercept.FilterSecurityInterceptor@6b3284]
[2023-04-16 00:13:11.915] INFO  [main] [o.s.b.w.e.t.TomcatWebServer] TomcatWebServer.start:220 - Tomcat started on port(s): 8081 (http) with context path ''
[2023-04-16 00:13:11.930] INFO  [main] [c.h.t.ToiletMapBackEndApplication] ToiletMapBackEndApplication.logStarted:61 - Started ToiletMapBackEndApplication in 8.606 seconds (JVM running for 10.17)
[2023-04-16 00:15:06.475] INFO  [SpringApplicationShutdownHook] [o.s.o.j.LocalContainerEntityManagerFactoryBean] LocalContainerEntityManagerFactoryBean.destroy:651 - Closing JPA EntityManagerFactory for persistence unit 'default'
[2023-04-16 00:15:06.484] INFO  [SpringApplicationShutdownHook] [c.z.h.HikariDataSource] HikariDataSource.close:350 - HikariPool-1 - Shutdown initiated...
[2023-04-16 00:15:06.496] INFO  [SpringApplicationShutdownHook] [c.z.h.HikariDataSource] HikariDataSource.close:352 - HikariPool-1 - Shutdown completed.
[2023-04-16 00:15:13.916] INFO  [main] [c.h.t.ToiletMapBackEndApplication] ToiletMapBackEndApplication.logStarting:55 - Starting ToiletMapBackEndApplication using Java 11.0.16.1 on TienHuynhTN with PID 28476 (F:\FPT\Semester-9-Summer-2023\Capstone-Project\Implementation\toilet-map-back-end\target\classes started by tienhltse151104 in F:\FPT\Semester-9-Summer-2023\Capstone-Project\Implementation\toilet-map-back-end)
[2023-04-16 00:15:13.926] INFO  [main] [c.h.t.ToiletMapBackEndApplication] ToiletMapBackEndApplication.logStartupProfileInfo:637 - The following 2 profiles are active: "default", "prod"
[2023-04-16 00:15:15.434] INFO  [main] [o.s.d.r.c.RepositoryConfigurationDelegate] RepositoryConfigurationDelegate.registerRepositoriesIn:132 - Bootstrapping Spring Data JPA repositories in DEFAULT mode.
[2023-04-16 00:15:15.584] INFO  [main] [o.s.d.r.c.RepositoryConfigurationDelegate] RepositoryConfigurationDelegate.registerRepositoriesIn:201 - Finished Spring Data repository scanning in 138 ms. Found 15 JPA repository interfaces.
[2023-04-16 00:15:16.341] INFO  [main] [o.s.b.w.e.t.TomcatWebServer] TomcatWebServer.initialize:108 - Tomcat initialized with port(s): 8081 (http)
[2023-04-16 00:15:16.342] INFO  [main] [o.a.c.c.AprLifecycleListener] AprLifecycleListener.log:173 - Loaded Apache Tomcat Native library [1.2.35] using APR version [1.7.0].
[2023-04-16 00:15:16.342] INFO  [main] [o.a.c.c.AprLifecycleListener] AprLifecycleListener.log:173 - APR capabilities: IPv6 [true], sendfile [true], accept filters [false], random [true], UDS [true].
[2023-04-16 00:15:16.343] INFO  [main] [o.a.c.c.AprLifecycleListener] AprLifecycleListener.log:173 - APR/OpenSSL configuration: useAprConnector [false], useOpenSSL [true]
[2023-04-16 00:15:16.347] INFO  [main] [o.a.c.c.AprLifecycleListener] AprLifecycleListener.log:173 - OpenSSL successfully initialized [OpenSSL 1.1.1q  5 Jul 2022]
[2023-04-16 00:15:16.360] INFO  [main] [o.a.c.c.StandardService] StandardService.log:173 - Starting service [Tomcat]
[2023-04-16 00:15:16.361] INFO  [main] [o.a.c.c.StandardEngine] StandardEngine.log:173 - Starting Servlet engine: [Apache Tomcat/9.0.71]
[2023-04-16 00:15:16.508] INFO  [main] [o.a.c.c.C.[.[.[/]] [/].log:173 - Initializing Spring embedded WebApplicationContext
[2023-04-16 00:15:16.509] INFO  [main] [o.s.b.w.s.c.ServletWebServerApplicationContext] ServletWebServerApplicationContext.prepareWebApplicationContext:292 - Root WebApplicationContext: initialization completed in 2414 ms
[2023-04-16 00:15:17.390] INFO  [main] [o.h.j.i.u.LogHelper] LogHelper.logPersistenceUnitInformation:31 - HHH000204: Processing PersistenceUnitInfo [name: default]
[2023-04-16 00:15:17.470] INFO  [main] [o.h.Version] Version.logVersion:44 - HHH000412: Hibernate ORM core version 5.6.14.Final
[2023-04-16 00:15:17.700] INFO  [main] [o.h.a.c.Version] Version.<clinit>:56 - HCANN000001: Hibernate Commons Annotations {5.1.2.Final}
[2023-04-16 00:15:17.961] INFO  [main] [c.z.h.HikariDataSource] HikariDataSource.getConnection:110 - HikariPool-1 - Starting...
[2023-04-16 00:15:19.614] INFO  [main] [c.z.h.HikariDataSource] HikariDataSource.getConnection:123 - HikariPool-1 - Start completed.
[2023-04-16 00:15:19.664] INFO  [main] [o.h.d.Dialect] Dialect.<init>:175 - HHH000400: Using dialect: org.hibernate.dialect.SQLServer2012Dialect
[2023-04-16 00:15:22.242] INFO  [main] [o.h.e.t.j.p.i.JtaPlatformInitiator] JtaPlatformInitiator.initiateService:52 - HHH000490: Using JtaPlatform implementation: [org.hibernate.engine.transaction.jta.platform.internal.NoJtaPlatform]
[2023-04-16 00:15:22.260] INFO  [main] [o.s.o.j.LocalContainerEntityManagerFactoryBean] LocalContainerEntityManagerFactoryBean.buildNativeEntityManagerFactory:437 - Initialized JPA EntityManagerFactory for persistence unit 'default'
[2023-04-16 00:15:26.260] INFO  [main] [o.s.s.w.DefaultSecurityFilterChain] DefaultSecurityFilterChain.<init>:55 - Will secure any request with [org.springframework.security.web.session.DisableEncodeUrlFilter@56afbace, org.springframework.security.web.context.request.async.WebAsyncManagerIntegrationFilter@40dcbf7, org.springframework.security.web.context.SecurityContextPersistenceFilter@4e22dadb, org.springframework.security.web.header.HeaderWriterFilter@69cc3370, org.springframework.web.filter.CorsFilter@53850535, org.springframework.security.web.authentication.logout.LogoutFilter@5da41d02, com.happy3friends.toiletmapbackend.sercurity.TokenAuthenticationFilter@2e3b4394, org.springframework.security.web.savedrequest.RequestCacheAwareFilter@1a916120, org.springframework.security.web.servletapi.SecurityContextHolderAwareRequestFilter@69af938b, org.springframework.security.web.authentication.AnonymousAuthenticationFilter@19565b5, org.springframework.security.web.session.SessionManagementFilter@18419ab7, org.springframework.security.web.access.ExceptionTranslationFilter@7aad7df5, org.springframework.security.web.access.intercept.FilterSecurityInterceptor@380cd266]
[2023-04-16 00:15:27.060] INFO  [main] [o.s.b.w.e.t.TomcatWebServer] TomcatWebServer.start:220 - Tomcat started on port(s): 8081 (http) with context path ''
[2023-04-16 00:15:27.084] INFO  [main] [c.h.t.ToiletMapBackEndApplication] ToiletMapBackEndApplication.logStarted:61 - Started ToiletMapBackEndApplication in 13.903 seconds (JVM running for 15.234)
[2023-04-16 00:17:35.856] INFO  [SpringApplicationShutdownHook] [o.s.o.j.LocalContainerEntityManagerFactoryBean] LocalContainerEntityManagerFactoryBean.destroy:651 - Closing JPA EntityManagerFactory for persistence unit 'default'
[2023-04-16 00:17:35.856] INFO  [SpringApplicationShutdownHook] [c.z.h.HikariDataSource] HikariDataSource.close:350 - HikariPool-1 - Shutdown initiated...
[2023-04-16 00:17:35.875] INFO  [SpringApplicationShutdownHook] [c.z.h.HikariDataSource] HikariDataSource.close:352 - HikariPool-1 - Shutdown completed.
[2023-04-16 00:17:47.955] INFO  [main] [c.h.t.ToiletMapBackEndApplication] ToiletMapBackEndApplication.logStarting:55 - Starting ToiletMapBackEndApplication using Java 11.0.16.1 on TienHuynhTN with PID 15452 (F:\FPT\Semester-9-Summer-2023\Capstone-Project\Implementation\toilet-map-back-end\target\classes started by tienhltse151104 in F:\FPT\Semester-9-Summer-2023\Capstone-Project\Implementation\toilet-map-back-end)
[2023-04-16 00:17:47.966] INFO  [main] [c.h.t.ToiletMapBackEndApplication] ToiletMapBackEndApplication.logStartupProfileInfo:637 - The following 2 profiles are active: "default", "prod"
[2023-04-16 00:17:49.325] INFO  [main] [o.s.d.r.c.RepositoryConfigurationDelegate] RepositoryConfigurationDelegate.registerRepositoriesIn:132 - Bootstrapping Spring Data JPA repositories in DEFAULT mode.
[2023-04-16 00:17:49.468] INFO  [main] [o.s.d.r.c.RepositoryConfigurationDelegate] RepositoryConfigurationDelegate.registerRepositoriesIn:201 - Finished Spring Data repository scanning in 129 ms. Found 15 JPA repository interfaces.
[2023-04-16 00:17:50.166] INFO  [main] [o.s.b.w.e.t.TomcatWebServer] TomcatWebServer.initialize:108 - Tomcat initialized with port(s): 8081 (http)
[2023-04-16 00:17:50.166] INFO  [main] [o.a.c.c.AprLifecycleListener] AprLifecycleListener.log:173 - Loaded Apache Tomcat Native library [1.2.35] using APR version [1.7.0].
[2023-04-16 00:17:50.166] INFO  [main] [o.a.c.c.AprLifecycleListener] AprLifecycleListener.log:173 - APR capabilities: IPv6 [true], sendfile [true], accept filters [false], random [true], UDS [true].
[2023-04-16 00:17:50.166] INFO  [main] [o.a.c.c.AprLifecycleListener] AprLifecycleListener.log:173 - APR/OpenSSL configuration: useAprConnector [false], useOpenSSL [true]
[2023-04-16 00:17:50.175] INFO  [main] [o.a.c.c.AprLifecycleListener] AprLifecycleListener.log:173 - OpenSSL successfully initialized [OpenSSL 1.1.1q  5 Jul 2022]
[2023-04-16 00:17:50.186] INFO  [main] [o.a.c.c.StandardService] StandardService.log:173 - Starting service [Tomcat]
[2023-04-16 00:17:50.186] INFO  [main] [o.a.c.c.StandardEngine] StandardEngine.log:173 - Starting Servlet engine: [Apache Tomcat/9.0.71]
[2023-04-16 00:17:50.308] INFO  [main] [o.a.c.c.C.[.[.[/]] [/].log:173 - Initializing Spring embedded WebApplicationContext
[2023-04-16 00:17:50.308] INFO  [main] [o.s.b.w.s.c.ServletWebServerApplicationContext] ServletWebServerApplicationContext.prepareWebApplicationContext:292 - Root WebApplicationContext: initialization completed in 2253 ms
[2023-04-16 00:17:50.755] INFO  [main] [o.h.j.i.u.LogHelper] LogHelper.logPersistenceUnitInformation:31 - HHH000204: Processing PersistenceUnitInfo [name: default]
[2023-04-16 00:17:50.816] INFO  [main] [o.h.Version] Version.logVersion:44 - HHH000412: Hibernate ORM core version 5.6.14.Final
[2023-04-16 00:17:50.966] INFO  [main] [o.h.a.c.Version] Version.<clinit>:56 - HCANN000001: Hibernate Commons Annotations {5.1.2.Final}
[2023-04-16 00:17:51.086] INFO  [main] [c.z.h.HikariDataSource] HikariDataSource.getConnection:110 - HikariPool-1 - Starting...
[2023-04-16 00:17:51.905] INFO  [main] [c.z.h.HikariDataSource] HikariDataSource.getConnection:123 - HikariPool-1 - Start completed.
[2023-04-16 00:17:51.932] INFO  [main] [o.h.d.Dialect] Dialect.<init>:175 - HHH000400: Using dialect: org.hibernate.dialect.SQLServer2012Dialect
[2023-04-16 00:17:53.121] INFO  [main] [o.h.e.t.j.p.i.JtaPlatformInitiator] JtaPlatformInitiator.initiateService:52 - HHH000490: Using JtaPlatform implementation: [org.hibernate.engine.transaction.jta.platform.internal.NoJtaPlatform]
[2023-04-16 00:17:53.134] INFO  [main] [o.s.o.j.LocalContainerEntityManagerFactoryBean] LocalContainerEntityManagerFactoryBean.buildNativeEntityManagerFactory:437 - Initialized JPA EntityManagerFactory for persistence unit 'default'
[2023-04-16 00:17:55.796] INFO  [main] [o.s.s.w.DefaultSecurityFilterChain] DefaultSecurityFilterChain.<init>:55 - Will secure any request with [org.springframework.security.web.session.DisableEncodeUrlFilter@22cca101, org.springframework.security.web.context.request.async.WebAsyncManagerIntegrationFilter@1722ede1, org.springframework.security.web.context.SecurityContextPersistenceFilter@4010f232, org.springframework.security.web.header.HeaderWriterFilter@654dbb78, org.springframework.web.filter.CorsFilter@307ba188, org.springframework.security.web.authentication.logout.LogoutFilter@1a23136f, com.happy3friends.toiletmapbackend.sercurity.TokenAuthenticationFilter@7603cfc2, org.springframework.security.web.savedrequest.RequestCacheAwareFilter@39f3285d, org.springframework.security.web.servletapi.SecurityContextHolderAwareRequestFilter@2ec258f1, org.springframework.security.web.authentication.AnonymousAuthenticationFilter@34f3c920, org.springframework.security.web.session.SessionManagementFilter@24381e4a, org.springframework.security.web.access.ExceptionTranslationFilter@20f3291d, org.springframework.security.web.access.intercept.FilterSecurityInterceptor@7bbe5548]
[2023-04-16 00:17:56.227] INFO  [main] [o.s.b.w.e.t.TomcatWebServer] TomcatWebServer.start:220 - Tomcat started on port(s): 8081 (http) with context path ''
[2023-04-16 00:17:56.242] INFO  [main] [c.h.t.ToiletMapBackEndApplication] ToiletMapBackEndApplication.logStarted:61 - Started ToiletMapBackEndApplication in 9.653 seconds (JVM running for 11.461)
[2023-04-16 00:18:11.416] INFO  [http-nio-8081-exec-1] [o.a.c.c.C.[.[.[/]] [/].log:173 - Initializing Spring DispatcherServlet 'dispatcherServlet'
[2023-04-16 00:18:11.418] INFO  [http-nio-8081-exec-1] [o.s.w.s.DispatcherServlet] DispatcherServlet.initServletBean:525 - Initializing Servlet 'dispatcherServlet'
[2023-04-16 00:18:11.419] INFO  [http-nio-8081-exec-1] [o.s.w.s.DispatcherServlet] DispatcherServlet.initServletBean:547 - Completed initialization in 1 ms
[2023-04-16 00:18:12.966] INFO  [http-nio-8081-exec-8] [o.s.a.AbstractOpenApiResource] AbstractOpenApiResource.getOpenApi:398 - Init duration for springdoc-openapi is: 587 ms
[2023-04-16 00:25:38.696] INFO  [SpringApplicationShutdownHook] [o.s.o.j.LocalContainerEntityManagerFactoryBean] LocalContainerEntityManagerFactoryBean.destroy:651 - Closing JPA EntityManagerFactory for persistence unit 'default'
[2023-04-16 00:25:38.696] INFO  [SpringApplicationShutdownHook] [c.z.h.HikariDataSource] HikariDataSource.close:350 - HikariPool-1 - Shutdown initiated...
[2023-04-16 00:25:38.706] INFO  [SpringApplicationShutdownHook] [c.z.h.HikariDataSource] HikariDataSource.close:352 - HikariPool-1 - Shutdown completed.
[2023-04-16 00:25:47.516] INFO  [main] [c.h.t.ToiletMapBackEndApplication] ToiletMapBackEndApplication.logStarting:55 - Starting ToiletMapBackEndApplication using Java 11.0.16.1 on TienHuynhTN with PID 24500 (F:\FPT\Semester-9-Summer-2023\Capstone-Project\Implementation\toilet-map-back-end\target\classes started by tienhltse151104 in F:\FPT\Semester-9-Summer-2023\Capstone-Project\Implementation\toilet-map-back-end)
[2023-04-16 00:25:47.521] INFO  [main] [c.h.t.ToiletMapBackEndApplication] ToiletMapBackEndApplication.logStartupProfileInfo:637 - The following 2 profiles are active: "default", "prod"
[2023-04-16 00:25:48.606] INFO  [main] [o.s.d.r.c.RepositoryConfigurationDelegate] RepositoryConfigurationDelegate.registerRepositoriesIn:132 - Bootstrapping Spring Data JPA repositories in DEFAULT mode.
[2023-04-16 00:25:48.741] INFO  [main] [o.s.d.r.c.RepositoryConfigurationDelegate] RepositoryConfigurationDelegate.registerRepositoriesIn:201 - Finished Spring Data repository scanning in 125 ms. Found 15 JPA repository interfaces.
[2023-04-16 00:25:49.396] INFO  [main] [o.s.b.w.e.t.TomcatWebServer] TomcatWebServer.initialize:108 - Tomcat initialized with port(s): 8081 (http)
[2023-04-16 00:25:49.405] INFO  [main] [o.a.c.c.AprLifecycleListener] AprLifecycleListener.log:173 - Loaded Apache Tomcat Native library [1.2.35] using APR version [1.7.0].
[2023-04-16 00:25:49.405] INFO  [main] [o.a.c.c.AprLifecycleListener] AprLifecycleListener.log:173 - APR capabilities: IPv6 [true], sendfile [true], accept filters [false], random [true], UDS [true].
[2023-04-16 00:25:49.405] INFO  [main] [o.a.c.c.AprLifecycleListener] AprLifecycleListener.log:173 - APR/OpenSSL configuration: useAprConnector [false], useOpenSSL [true]
[2023-04-16 00:25:49.405] INFO  [main] [o.a.c.c.AprLifecycleListener] AprLifecycleListener.log:173 - OpenSSL successfully initialized [OpenSSL 1.1.1q  5 Jul 2022]
[2023-04-16 00:25:49.415] INFO  [main] [o.a.c.c.StandardService] StandardService.log:173 - Starting service [Tomcat]
[2023-04-16 00:25:49.415] INFO  [main] [o.a.c.c.StandardEngine] StandardEngine.log:173 - Starting Servlet engine: [Apache Tomcat/9.0.71]
[2023-04-16 00:25:49.545] INFO  [main] [o.a.c.c.C.[.[.[/]] [/].log:173 - Initializing Spring embedded WebApplicationContext
[2023-04-16 00:25:49.545] INFO  [main] [o.s.b.w.s.c.ServletWebServerApplicationContext] ServletWebServerApplicationContext.prepareWebApplicationContext:292 - Root WebApplicationContext: initialization completed in 1970 ms
[2023-04-16 00:25:49.996] INFO  [main] [o.h.j.i.u.LogHelper] LogHelper.logPersistenceUnitInformation:31 - HHH000204: Processing PersistenceUnitInfo [name: default]
[2023-04-16 00:25:50.046] INFO  [main] [o.h.Version] Version.logVersion:44 - HHH000412: Hibernate ORM core version 5.6.14.Final
[2023-04-16 00:25:50.206] INFO  [main] [o.h.a.c.Version] Version.<clinit>:56 - HCANN000001: Hibernate Commons Annotations {5.1.2.Final}
[2023-04-16 00:25:50.330] INFO  [main] [c.z.h.HikariDataSource] HikariDataSource.getConnection:110 - HikariPool-1 - Starting...
[2023-04-16 00:25:51.126] INFO  [main] [c.z.h.HikariDataSource] HikariDataSource.getConnection:123 - HikariPool-1 - Start completed.
[2023-04-16 00:25:51.146] INFO  [main] [o.h.d.Dialect] Dialect.<init>:175 - HHH000400: Using dialect: org.hibernate.dialect.SQLServer2012Dialect
[2023-04-16 00:25:52.256] INFO  [main] [o.h.e.t.j.p.i.JtaPlatformInitiator] JtaPlatformInitiator.initiateService:52 - HHH000490: Using JtaPlatform implementation: [org.hibernate.engine.transaction.jta.platform.internal.NoJtaPlatform]
[2023-04-16 00:25:52.269] INFO  [main] [o.s.o.j.LocalContainerEntityManagerFactoryBean] LocalContainerEntityManagerFactoryBean.buildNativeEntityManagerFactory:437 - Initialized JPA EntityManagerFactory for persistence unit 'default'
[2023-04-16 00:25:54.505] INFO  [main] [o.s.s.w.DefaultSecurityFilterChain] DefaultSecurityFilterChain.<init>:55 - Will secure any request with [org.springframework.security.web.session.DisableEncodeUrlFilter@769c80d1, org.springframework.security.web.context.request.async.WebAsyncManagerIntegrationFilter@3f0c2eff, org.springframework.security.web.context.SecurityContextPersistenceFilter@69cc3370, org.springframework.security.web.header.HeaderWriterFilter@27d44578, org.springframework.web.filter.CorsFilter@7cddc50f, org.springframework.security.web.authentication.logout.LogoutFilter@7fb2645b, com.happy3friends.toiletmapbackend.sercurity.TokenAuthenticationFilter@6e53bb4f, org.springframework.security.web.savedrequest.RequestCacheAwareFilter@18419ab7, org.springframework.security.web.servletapi.SecurityContextHolderAwareRequestFilter@755fdfad, org.springframework.security.web.authentication.AnonymousAuthenticationFilter@1e60890c, org.springframework.security.web.session.SessionManagementFilter@8dd0c70, org.springframework.security.web.access.ExceptionTranslationFilter@f047670, org.springframework.security.web.access.intercept.FilterSecurityInterceptor@614d01b]
[2023-04-16 00:25:54.901] INFO  [main] [o.s.b.w.e.t.TomcatWebServer] TomcatWebServer.start:220 - Tomcat started on port(s): 8081 (http) with context path ''
[2023-04-16 00:25:54.917] INFO  [main] [c.h.t.ToiletMapBackEndApplication] ToiletMapBackEndApplication.logStarted:61 - Started ToiletMapBackEndApplication in 8.058 seconds (JVM running for 9.285)
[2023-04-16 00:27:58.440] INFO  [SpringApplicationShutdownHook] [o.s.o.j.LocalContainerEntityManagerFactoryBean] LocalContainerEntityManagerFactoryBean.destroy:651 - Closing JPA EntityManagerFactory for persistence unit 'default'
[2023-04-16 00:27:58.445] INFO  [SpringApplicationShutdownHook] [c.z.h.HikariDataSource] HikariDataSource.close:350 - HikariPool-1 - Shutdown initiated...
[2023-04-16 00:27:58.461] INFO  [SpringApplicationShutdownHook] [c.z.h.HikariDataSource] HikariDataSource.close:352 - HikariPool-1 - Shutdown completed.
[2023-04-16 00:28:04.845] INFO  [main] [c.h.t.ToiletMapBackEndApplication] ToiletMapBackEndApplication.logStarting:55 - Starting ToiletMapBackEndApplication using Java 11.0.16.1 on TienHuynhTN with PID 14724 (F:\FPT\Semester-9-Summer-2023\Capstone-Project\Implementation\toilet-map-back-end\target\classes started by tienhltse151104 in F:\FPT\Semester-9-Summer-2023\Capstone-Project\Implementation\toilet-map-back-end)
[2023-04-16 00:28:04.845] INFO  [main] [c.h.t.ToiletMapBackEndApplication] ToiletMapBackEndApplication.logStartupProfileInfo:637 - The following 2 profiles are active: "default", "prod"
[2023-04-16 00:28:05.841] INFO  [main] [o.s.d.r.c.RepositoryConfigurationDelegate] RepositoryConfigurationDelegate.registerRepositoriesIn:132 - Bootstrapping Spring Data JPA repositories in DEFAULT mode.
[2023-04-16 00:28:05.971] INFO  [main] [o.s.d.r.c.RepositoryConfigurationDelegate] RepositoryConfigurationDelegate.registerRepositoriesIn:201 - Finished Spring Data repository scanning in 119 ms. Found 15 JPA repository interfaces.
[2023-04-16 00:28:06.667] INFO  [main] [o.s.b.w.e.t.TomcatWebServer] TomcatWebServer.initialize:108 - Tomcat initialized with port(s): 8081 (http)
[2023-04-16 00:28:06.667] INFO  [main] [o.a.c.c.AprLifecycleListener] AprLifecycleListener.log:173 - Loaded Apache Tomcat Native library [1.2.35] using APR version [1.7.0].
[2023-04-16 00:28:06.667] INFO  [main] [o.a.c.c.AprLifecycleListener] AprLifecycleListener.log:173 - APR capabilities: IPv6 [true], sendfile [true], accept filters [false], random [true], UDS [true].
[2023-04-16 00:28:06.667] INFO  [main] [o.a.c.c.AprLifecycleListener] AprLifecycleListener.log:173 - APR/OpenSSL configuration: useAprConnector [false], useOpenSSL [true]
[2023-04-16 00:28:06.676] INFO  [main] [o.a.c.c.AprLifecycleListener] AprLifecycleListener.log:173 - OpenSSL successfully initialized [OpenSSL 1.1.1q  5 Jul 2022]
[2023-04-16 00:28:06.683] INFO  [main] [o.a.c.c.StandardService] StandardService.log:173 - Starting service [Tomcat]
[2023-04-16 00:28:06.683] INFO  [main] [o.a.c.c.StandardEngine] StandardEngine.log:173 - Starting Servlet engine: [Apache Tomcat/9.0.71]
[2023-04-16 00:28:06.806] INFO  [main] [o.a.c.c.C.[.[.[/]] [/].log:173 - Initializing Spring embedded WebApplicationContext
[2023-04-16 00:28:06.810] INFO  [main] [o.s.b.w.s.c.ServletWebServerApplicationContext] ServletWebServerApplicationContext.prepareWebApplicationContext:292 - Root WebApplicationContext: initialization completed in 1905 ms
[2023-04-16 00:28:07.271] INFO  [main] [o.h.j.i.u.LogHelper] LogHelper.logPersistenceUnitInformation:31 - HHH000204: Processing PersistenceUnitInfo [name: default]
[2023-04-16 00:28:07.325] INFO  [main] [o.h.Version] Version.logVersion:44 - HHH000412: Hibernate ORM core version 5.6.14.Final
[2023-04-16 00:28:07.465] INFO  [main] [o.h.a.c.Version] Version.<clinit>:56 - HCANN000001: Hibernate Commons Annotations {5.1.2.Final}
[2023-04-16 00:28:07.596] INFO  [main] [c.z.h.HikariDataSource] HikariDataSource.getConnection:110 - HikariPool-1 - Starting...
[2023-04-16 00:28:08.525] INFO  [main] [c.z.h.HikariDataSource] HikariDataSource.getConnection:123 - HikariPool-1 - Start completed.
[2023-04-16 00:28:08.546] INFO  [main] [o.h.d.Dialect] Dialect.<init>:175 - HHH000400: Using dialect: org.hibernate.dialect.SQLServer2012Dialect
[2023-04-16 00:28:09.661] INFO  [main] [o.h.e.t.j.p.i.JtaPlatformInitiator] JtaPlatformInitiator.initiateService:52 - HHH000490: Using JtaPlatform implementation: [org.hibernate.engine.transaction.jta.platform.internal.NoJtaPlatform]
[2023-04-16 00:28:09.670] INFO  [main] [o.s.o.j.LocalContainerEntityManagerFactoryBean] LocalContainerEntityManagerFactoryBean.buildNativeEntityManagerFactory:437 - Initialized JPA EntityManagerFactory for persistence unit 'default'
[2023-04-16 00:28:12.036] INFO  [main] [o.s.s.w.DefaultSecurityFilterChain] DefaultSecurityFilterChain.<init>:55 - Will secure any request with [org.springframework.security.web.session.DisableEncodeUrlFilter@2bef33e7, org.springframework.security.web.context.request.async.WebAsyncManagerIntegrationFilter@5bd191c2, org.springframework.security.web.context.SecurityContextPersistenceFilter@2f0b5d79, org.springframework.security.web.header.HeaderWriterFilter@949165f, org.springframework.web.filter.CorsFilter@51806858, org.springframework.security.web.authentication.logout.LogoutFilter@58922a00, com.happy3friends.toiletmapbackend.sercurity.TokenAuthenticationFilter@69c6e5, org.springframework.security.web.savedrequest.RequestCacheAwareFilter@761ea1f5, org.springframework.security.web.servletapi.SecurityContextHolderAwareRequestFilter@7fd7085d, org.springframework.security.web.authentication.AnonymousAuthenticationFilter@56afbace, org.springframework.security.web.session.SessionManagementFilter@2472ba04, org.springframework.security.web.access.ExceptionTranslationFilter@45f4c27c, org.springframework.security.web.access.intercept.FilterSecurityInterceptor@25dacc5a]
[2023-04-16 00:28:12.455] INFO  [main] [o.s.b.w.e.t.TomcatWebServer] TomcatWebServer.start:220 - Tomcat started on port(s): 8081 (http) with context path ''
[2023-04-16 00:28:12.465] INFO  [main] [c.h.t.ToiletMapBackEndApplication] ToiletMapBackEndApplication.logStarted:61 - Started ToiletMapBackEndApplication in 8.288 seconds (JVM running for 9.502)
[2023-04-16 00:29:01.096] INFO  [SpringApplicationShutdownHook] [o.s.o.j.LocalContainerEntityManagerFactoryBean] LocalContainerEntityManagerFactoryBean.destroy:651 - Closing JPA EntityManagerFactory for persistence unit 'default'
[2023-04-16 00:29:01.107] INFO  [SpringApplicationShutdownHook] [c.z.h.HikariDataSource] HikariDataSource.close:350 - HikariPool-1 - Shutdown initiated...
[2023-04-16 00:29:01.116] INFO  [SpringApplicationShutdownHook] [c.z.h.HikariDataSource] HikariDataSource.close:352 - HikariPool-1 - Shutdown completed.
[2023-04-16 00:29:10.518] INFO  [main] [c.h.t.ToiletMapBackEndApplication] ToiletMapBackEndApplication.logStarting:55 - Starting ToiletMapBackEndApplication using Java 11.0.16.1 on TienHuynhTN with PID 11588 (F:\FPT\Semester-9-Summer-2023\Capstone-Project\Implementation\toilet-map-back-end\target\classes started by tienhltse151104 in F:\FPT\Semester-9-Summer-2023\Capstone-Project\Implementation\toilet-map-back-end)
[2023-04-16 00:29:10.526] INFO  [main] [c.h.t.ToiletMapBackEndApplication] ToiletMapBackEndApplication.logStartupProfileInfo:637 - The following 2 profiles are active: "default", "prod"
[2023-04-16 00:29:11.888] INFO  [main] [o.s.d.r.c.RepositoryConfigurationDelegate] RepositoryConfigurationDelegate.registerRepositoriesIn:132 - Bootstrapping Spring Data JPA repositories in DEFAULT mode.
[2023-04-16 00:29:12.095] INFO  [main] [o.s.d.r.c.RepositoryConfigurationDelegate] RepositoryConfigurationDelegate.registerRepositoriesIn:201 - Finished Spring Data repository scanning in 200 ms. Found 15 JPA repository interfaces.
[2023-04-16 00:29:12.815] INFO  [main] [o.s.b.w.e.t.TomcatWebServer] TomcatWebServer.initialize:108 - Tomcat initialized with port(s): 8081 (http)
[2023-04-16 00:29:12.815] INFO  [main] [o.a.c.c.AprLifecycleListener] AprLifecycleListener.log:173 - Loaded Apache Tomcat Native library [1.2.35] using APR version [1.7.0].
[2023-04-16 00:29:12.815] INFO  [main] [o.a.c.c.AprLifecycleListener] AprLifecycleListener.log:173 - APR capabilities: IPv6 [true], sendfile [true], accept filters [false], random [true], UDS [true].
[2023-04-16 00:29:12.815] INFO  [main] [o.a.c.c.AprLifecycleListener] AprLifecycleListener.log:173 - APR/OpenSSL configuration: useAprConnector [false], useOpenSSL [true]
[2023-04-16 00:29:12.826] INFO  [main] [o.a.c.c.AprLifecycleListener] AprLifecycleListener.log:173 - OpenSSL successfully initialized [OpenSSL 1.1.1q  5 Jul 2022]
[2023-04-16 00:29:12.835] INFO  [main] [o.a.c.c.StandardService] StandardService.log:173 - Starting service [Tomcat]
[2023-04-16 00:29:12.835] INFO  [main] [o.a.c.c.StandardEngine] StandardEngine.log:173 - Starting Servlet engine: [Apache Tomcat/9.0.71]
[2023-04-16 00:29:13.016] INFO  [main] [o.a.c.c.C.[.[.[/]] [/].log:173 - Initializing Spring embedded WebApplicationContext
[2023-04-16 00:29:13.016] INFO  [main] [o.s.b.w.s.c.ServletWebServerApplicationContext] ServletWebServerApplicationContext.prepareWebApplicationContext:292 - Root WebApplicationContext: initialization completed in 2411 ms
[2023-04-16 00:29:13.507] INFO  [main] [o.h.j.i.u.LogHelper] LogHelper.logPersistenceUnitInformation:31 - HHH000204: Processing PersistenceUnitInfo [name: default]
[2023-04-16 00:29:13.566] INFO  [main] [o.h.Version] Version.logVersion:44 - HHH000412: Hibernate ORM core version 5.6.14.Final
[2023-04-16 00:29:13.716] INFO  [main] [o.h.a.c.Version] Version.<clinit>:56 - HCANN000001: Hibernate Commons Annotations {5.1.2.Final}
[2023-04-16 00:29:13.843] INFO  [main] [c.z.h.HikariDataSource] HikariDataSource.getConnection:110 - HikariPool-1 - Starting...
[2023-04-16 00:29:14.641] INFO  [main] [c.z.h.HikariDataSource] HikariDataSource.getConnection:123 - HikariPool-1 - Start completed.
[2023-04-16 00:29:14.655] INFO  [main] [o.h.d.Dialect] Dialect.<init>:175 - HHH000400: Using dialect: org.hibernate.dialect.SQLServer2012Dialect
[2023-04-16 00:29:15.777] INFO  [main] [o.h.e.t.j.p.i.JtaPlatformInitiator] JtaPlatformInitiator.initiateService:52 - HHH000490: Using JtaPlatform implementation: [org.hibernate.engine.transaction.jta.platform.internal.NoJtaPlatform]
[2023-04-16 00:29:15.792] INFO  [main] [o.s.o.j.LocalContainerEntityManagerFactoryBean] LocalContainerEntityManagerFactoryBean.buildNativeEntityManagerFactory:437 - Initialized JPA EntityManagerFactory for persistence unit 'default'
[2023-04-16 00:29:18.216] INFO  [main] [o.s.s.w.DefaultSecurityFilterChain] DefaultSecurityFilterChain.<init>:55 - Will secure any request with [org.springframework.security.web.session.DisableEncodeUrlFilter@167ccc3c, org.springframework.security.web.context.request.async.WebAsyncManagerIntegrationFilter@292b7a02, org.springframework.security.web.context.SecurityContextPersistenceFilter@9120cb5, org.springframework.security.web.header.HeaderWriterFilter@2446597e, org.springframework.web.filter.CorsFilter@3e242137, org.springframework.security.web.authentication.logout.LogoutFilter@16160a37, com.happy3friends.toiletmapbackend.sercurity.TokenAuthenticationFilter@53a3fc8b, org.springframework.security.web.savedrequest.RequestCacheAwareFilter@5f93ec02, org.springframework.security.web.servletapi.SecurityContextHolderAwareRequestFilter@3c98eaa9, org.springframework.security.web.authentication.AnonymousAuthenticationFilter@25dacc5a, org.springframework.security.web.session.SessionManagementFilter@7aad7df5, org.springframework.security.web.access.ExceptionTranslationFilter@7a91027c, org.springframework.security.web.access.intercept.FilterSecurityInterceptor@3f0c2eff]
[2023-04-16 00:29:18.616] INFO  [main] [o.s.b.w.e.t.TomcatWebServer] TomcatWebServer.start:220 - Tomcat started on port(s): 8081 (http) with context path ''
[2023-04-16 00:29:18.632] INFO  [main] [c.h.t.ToiletMapBackEndApplication] ToiletMapBackEndApplication.logStarted:61 - Started ToiletMapBackEndApplication in 8.919 seconds (JVM running for 10.387)
[2023-04-16 00:29:32.387] INFO  [http-nio-8081-exec-1] [o.a.c.c.C.[.[.[/]] [/].log:173 - Initializing Spring DispatcherServlet 'dispatcherServlet'
[2023-04-16 00:29:32.388] INFO  [http-nio-8081-exec-1] [o.s.w.s.DispatcherServlet] DispatcherServlet.initServletBean:525 - Initializing Servlet 'dispatcherServlet'
[2023-04-16 00:29:32.389] INFO  [http-nio-8081-exec-1] [o.s.w.s.DispatcherServlet] DispatcherServlet.initServletBean:547 - Completed initialization in 1 ms
[2023-04-16 00:29:34.006] INFO  [http-nio-8081-exec-8] [o.s.a.AbstractOpenApiResource] AbstractOpenApiResource.getOpenApi:398 - Init duration for springdoc-openapi is: 573 ms
[2023-04-16 00:30:02.360] WARN  [http-nio-8081-exec-9] [c.h.t.h.GlobalExceptionHandler] GlobalExceptionHandler.handleAccessDeniedException:39 - Access Denied: [Access is denied]
[2023-04-16 00:31:05.876] ERROR [http-nio-8081-exec-4] [c.h.t.u.DateTimeUtil] DateTimeUtil.convertStringToDate:57 - Parse DateTime Exception: Unparseable date: "10/04/2023"
[2023-04-16 00:31:38.876] ERROR [http-nio-8081-exec-4] [c.h.t.u.DateTimeUtil] DateTimeUtil.convertStringToDate:57 - Parse DateTime Exception: Unparseable date: "16/04/2023"
[2023-04-16 00:33:26.440] WARN  [HikariPool-1 housekeeper] [c.z.h.p.HikariPool] HikariPool.run:788 - HikariPool-1 - Thread starvation or clock leap detected (housekeeper delta=1m58s758ms353µs900ns).
[2023-04-16 00:33:26.696] INFO  [SpringApplicationShutdownHook] [o.s.o.j.LocalContainerEntityManagerFactoryBean] LocalContainerEntityManagerFactoryBean.destroy:651 - Closing JPA EntityManagerFactory for persistence unit 'default'
[2023-04-16 00:33:26.705] INFO  [SpringApplicationShutdownHook] [c.z.h.HikariDataSource] HikariDataSource.close:350 - HikariPool-1 - Shutdown initiated...
[2023-04-16 00:33:26.715] INFO  [SpringApplicationShutdownHook] [c.z.h.HikariDataSource] HikariDataSource.close:352 - HikariPool-1 - Shutdown completed.
[2023-04-16 00:33:35.610] INFO  [main] [c.h.t.ToiletMapBackEndApplication] ToiletMapBackEndApplication.logStarting:55 - Starting ToiletMapBackEndApplication using Java 11.0.16.1 on TienHuynhTN with PID 15096 (F:\FPT\Semester-9-Summer-2023\Capstone-Project\Implementation\toilet-map-back-end\target\classes started by tienhltse151104 in F:\FPT\Semester-9-Summer-2023\Capstone-Project\Implementation\toilet-map-back-end)
[2023-04-16 00:33:35.615] INFO  [main] [c.h.t.ToiletMapBackEndApplication] ToiletMapBackEndApplication.logStartupProfileInfo:637 - The following 2 profiles are active: "default", "prod"
[2023-04-16 00:33:36.842] INFO  [main] [o.s.d.r.c.RepositoryConfigurationDelegate] RepositoryConfigurationDelegate.registerRepositoriesIn:132 - Bootstrapping Spring Data JPA repositories in DEFAULT mode.
[2023-04-16 00:33:36.969] INFO  [main] [o.s.d.r.c.RepositoryConfigurationDelegate] RepositoryConfigurationDelegate.registerRepositoriesIn:201 - Finished Spring Data repository scanning in 122 ms. Found 15 JPA repository interfaces.
[2023-04-16 00:33:37.755] INFO  [main] [o.s.b.w.e.t.TomcatWebServer] TomcatWebServer.initialize:108 - Tomcat initialized with port(s): 8081 (http)
[2023-04-16 00:33:37.755] INFO  [main] [o.a.c.c.AprLifecycleListener] AprLifecycleListener.log:173 - Loaded Apache Tomcat Native library [1.2.35] using APR version [1.7.0].
[2023-04-16 00:33:37.755] INFO  [main] [o.a.c.c.AprLifecycleListener] AprLifecycleListener.log:173 - APR capabilities: IPv6 [true], sendfile [true], accept filters [false], random [true], UDS [true].
[2023-04-16 00:33:37.755] INFO  [main] [o.a.c.c.AprLifecycleListener] AprLifecycleListener.log:173 - APR/OpenSSL configuration: useAprConnector [false], useOpenSSL [true]
[2023-04-16 00:33:37.755] INFO  [main] [o.a.c.c.AprLifecycleListener] AprLifecycleListener.log:173 - OpenSSL successfully initialized [OpenSSL 1.1.1q  5 Jul 2022]
[2023-04-16 00:33:37.766] INFO  [main] [o.a.c.c.StandardService] StandardService.log:173 - Starting service [Tomcat]
[2023-04-16 00:33:37.766] INFO  [main] [o.a.c.c.StandardEngine] StandardEngine.log:173 - Starting Servlet engine: [Apache Tomcat/9.0.71]
[2023-04-16 00:33:37.896] INFO  [main] [o.a.c.c.C.[.[.[/]] [/].log:173 - Initializing Spring embedded WebApplicationContext
[2023-04-16 00:33:37.896] INFO  [main] [o.s.b.w.s.c.ServletWebServerApplicationContext] ServletWebServerApplicationContext.prepareWebApplicationContext:292 - Root WebApplicationContext: initialization completed in 2210 ms
[2023-04-16 00:33:38.396] INFO  [main] [o.h.j.i.u.LogHelper] LogHelper.logPersistenceUnitInformation:31 - HHH000204: Processing PersistenceUnitInfo [name: default]
[2023-04-16 00:33:38.469] INFO  [main] [o.h.Version] Version.logVersion:44 - HHH000412: Hibernate ORM core version 5.6.14.Final
[2023-04-16 00:33:38.644] INFO  [main] [o.h.a.c.Version] Version.<clinit>:56 - HCANN000001: Hibernate Commons Annotations {5.1.2.Final}
[2023-04-16 00:33:38.756] INFO  [main] [c.z.h.HikariDataSource] HikariDataSource.getConnection:110 - HikariPool-1 - Starting...
[2023-04-16 00:33:39.696] INFO  [main] [c.z.h.HikariDataSource] HikariDataSource.getConnection:123 - HikariPool-1 - Start completed.
[2023-04-16 00:33:39.716] INFO  [main] [o.h.d.Dialect] Dialect.<init>:175 - HHH000400: Using dialect: org.hibernate.dialect.SQLServer2012Dialect
[2023-04-16 00:33:40.856] INFO  [main] [o.h.e.t.j.p.i.JtaPlatformInitiator] JtaPlatformInitiator.initiateService:52 - HHH000490: Using JtaPlatform implementation: [org.hibernate.engine.transaction.jta.platform.internal.NoJtaPlatform]
[2023-04-16 00:33:40.866] INFO  [main] [o.s.o.j.LocalContainerEntityManagerFactoryBean] LocalContainerEntityManagerFactoryBean.buildNativeEntityManagerFactory:437 - Initialized JPA EntityManagerFactory for persistence unit 'default'
[2023-04-16 00:33:43.105] INFO  [main] [o.s.s.w.DefaultSecurityFilterChain] DefaultSecurityFilterChain.<init>:55 - Will secure any request with [org.springframework.security.web.session.DisableEncodeUrlFilter@3ba8fbc8, org.springframework.security.web.context.request.async.WebAsyncManagerIntegrationFilter@113a89c5, org.springframework.security.web.context.SecurityContextPersistenceFilter@fe38d1e, org.springframework.security.web.header.HeaderWriterFilter@4e22dadb, org.springframework.web.filter.CorsFilter@55da6bf, org.springframework.security.web.authentication.logout.LogoutFilter@64096a41, com.happy3friends.toiletmapbackend.sercurity.TokenAuthenticationFilter@4df13b7e, org.springframework.security.web.savedrequest.RequestCacheAwareFilter@157267db, org.springframework.security.web.servletapi.SecurityContextHolderAwareRequestFilter@4b20a8e4, org.springframework.security.web.authentication.AnonymousAuthenticationFilter@3a0f5141, org.springframework.security.web.session.SessionManagementFilter@1a916120, org.springframework.security.web.access.ExceptionTranslationFilter@5f93ec02, org.springframework.security.web.access.intercept.FilterSecurityInterceptor@51806858]
[2023-04-16 00:33:43.527] INFO  [main] [o.s.b.w.e.t.TomcatWebServer] TomcatWebServer.start:220 - Tomcat started on port(s): 8081 (http) with context path ''
[2023-04-16 00:33:43.546] INFO  [main] [c.h.t.ToiletMapBackEndApplication] ToiletMapBackEndApplication.logStarted:61 - Started ToiletMapBackEndApplication in 8.783 seconds (JVM running for 10.355)
[2023-04-16 00:33:49.211] INFO  [http-nio-8081-exec-1] [o.a.c.c.C.[.[.[/]] [/].log:173 - Initializing Spring DispatcherServlet 'dispatcherServlet'
[2023-04-16 00:33:49.215] INFO  [http-nio-8081-exec-1] [o.s.w.s.DispatcherServlet] DispatcherServlet.initServletBean:525 - Initializing Servlet 'dispatcherServlet'
[2023-04-16 00:33:49.218] INFO  [http-nio-8081-exec-1] [o.s.w.s.DispatcherServlet] DispatcherServlet.initServletBean:547 - Completed initialization in 0 ms
[2023-04-16 00:47:43.384] INFO  [SpringApplicationShutdownHook] [o.s.o.j.LocalContainerEntityManagerFactoryBean] LocalContainerEntityManagerFactoryBean.destroy:651 - Closing JPA EntityManagerFactory for persistence unit 'default'
[2023-04-16 00:47:43.388] INFO  [SpringApplicationShutdownHook] [c.z.h.HikariDataSource] HikariDataSource.close:350 - HikariPool-1 - Shutdown initiated...
[2023-04-16 00:47:43.406] INFO  [SpringApplicationShutdownHook] [c.z.h.HikariDataSource] HikariDataSource.close:352 - HikariPool-1 - Shutdown completed.
[2023-04-16 08:17:21.655] INFO  [main] [c.h.t.ToiletMapBackEndApplication] ToiletMapBackEndApplication.logStarting:55 - Starting ToiletMapBackEndApplication using Java 11.0.16.1 on TienHuynhTN with PID 28820 (F:\FPT\Semester-9-Summer-2023\Capstone-Project\Implementation\toilet-map-back-end\target\classes started by tienhltse151104 in F:\FPT\Semester-9-Summer-2023\Capstone-Project\Implementation\toilet-map-back-end)
[2023-04-16 08:17:21.665] INFO  [main] [c.h.t.ToiletMapBackEndApplication] ToiletMapBackEndApplication.logStartupProfileInfo:637 - The following 2 profiles are active: "default", "prod"
[2023-04-16 08:17:24.549] INFO  [main] [o.s.d.r.c.RepositoryConfigurationDelegate] RepositoryConfigurationDelegate.registerRepositoriesIn:132 - Bootstrapping Spring Data JPA repositories in DEFAULT mode.
[2023-04-16 08:17:24.854] INFO  [main] [o.s.d.r.c.RepositoryConfigurationDelegate] RepositoryConfigurationDelegate.registerRepositoriesIn:201 - Finished Spring Data repository scanning in 285 ms. Found 15 JPA repository interfaces.
[2023-04-16 08:17:26.255] INFO  [main] [o.s.b.w.e.t.TomcatWebServer] TomcatWebServer.initialize:108 - Tomcat initialized with port(s): 8081 (http)
[2023-04-16 08:17:26.257] INFO  [main] [o.a.c.c.AprLifecycleListener] AprLifecycleListener.log:173 - Loaded Apache Tomcat Native library [1.2.35] using APR version [1.7.0].
[2023-04-16 08:17:26.258] INFO  [main] [o.a.c.c.AprLifecycleListener] AprLifecycleListener.log:173 - APR capabilities: IPv6 [true], sendfile [true], accept filters [false], random [true], UDS [true].
[2023-04-16 08:17:26.259] INFO  [main] [o.a.c.c.AprLifecycleListener] AprLifecycleListener.log:173 - APR/OpenSSL configuration: useAprConnector [false], useOpenSSL [true]
[2023-04-16 08:17:26.287] INFO  [main] [o.a.c.c.AprLifecycleListener] AprLifecycleListener.log:173 - OpenSSL successfully initialized [OpenSSL 1.1.1q  5 Jul 2022]
[2023-04-16 08:17:26.306] INFO  [main] [o.a.c.c.StandardService] StandardService.log:173 - Starting service [Tomcat]
[2023-04-16 08:17:26.307] INFO  [main] [o.a.c.c.StandardEngine] StandardEngine.log:173 - Starting Servlet engine: [Apache Tomcat/9.0.71]
[2023-04-16 08:17:26.632] INFO  [main] [o.a.c.c.C.[.[.[/]] [/].log:173 - Initializing Spring embedded WebApplicationContext
[2023-04-16 08:17:26.633] INFO  [main] [o.s.b.w.s.c.ServletWebServerApplicationContext] ServletWebServerApplicationContext.prepareWebApplicationContext:292 - Root WebApplicationContext: initialization completed in 4859 ms
[2023-04-16 08:17:28.113] INFO  [main] [o.h.j.i.u.LogHelper] LogHelper.logPersistenceUnitInformation:31 - HHH000204: Processing PersistenceUnitInfo [name: default]
[2023-04-16 08:17:28.277] INFO  [main] [o.h.Version] Version.logVersion:44 - HHH000412: Hibernate ORM core version 5.6.14.Final
[2023-04-16 08:17:28.678] INFO  [main] [o.h.a.c.Version] Version.<clinit>:56 - HCANN000001: Hibernate Commons Annotations {5.1.2.Final}
[2023-04-16 08:17:28.898] INFO  [main] [c.z.h.HikariDataSource] HikariDataSource.getConnection:110 - HikariPool-1 - Starting...
[2023-04-16 08:17:30.300] INFO  [main] [c.z.h.HikariDataSource] HikariDataSource.getConnection:123 - HikariPool-1 - Start completed.
[2023-04-16 08:17:30.395] INFO  [main] [o.h.d.Dialect] Dialect.<init>:175 - HHH000400: Using dialect: org.hibernate.dialect.SQLServer2012Dialect
[2023-04-16 08:17:35.853] INFO  [main] [o.h.e.t.j.p.i.JtaPlatformInitiator] JtaPlatformInitiator.initiateService:52 - HHH000490: Using JtaPlatform implementation: [org.hibernate.engine.transaction.jta.platform.internal.NoJtaPlatform]
[2023-04-16 08:17:35.878] INFO  [main] [o.s.o.j.LocalContainerEntityManagerFactoryBean] LocalContainerEntityManagerFactoryBean.buildNativeEntityManagerFactory:437 - Initialized JPA EntityManagerFactory for persistence unit 'default'
[2023-04-16 08:17:39.786] INFO  [main] [o.s.s.w.DefaultSecurityFilterChain] DefaultSecurityFilterChain.<init>:55 - Will secure any request with [org.springframework.security.web.session.DisableEncodeUrlFilter@6ba516ff, org.springframework.security.web.context.request.async.WebAsyncManagerIntegrationFilter@3bbb3c84, org.springframework.security.web.context.SecurityContextPersistenceFilter@5cbaafbd, org.springframework.security.web.header.HeaderWriterFilter@eb66b47, org.springframework.web.filter.CorsFilter@769c80d1, org.springframework.security.web.authentication.logout.LogoutFilter@7fd7085d, com.happy3friends.toiletmapbackend.sercurity.TokenAuthenticationFilter@4d22265c, org.springframework.security.web.savedrequest.RequestCacheAwareFilter@6edb093f, org.springframework.security.web.servletapi.SecurityContextHolderAwareRequestFilter@3791160a, org.springframework.security.web.authentication.AnonymousAuthenticationFilter@3f0c2eff, org.springframework.security.web.session.SessionManagementFilter@23c61c1b, org.springframework.security.web.access.ExceptionTranslationFilter@20724c21, org.springframework.security.web.access.intercept.FilterSecurityInterceptor@2f59cb6f]
[2023-04-16 08:17:40.311] INFO  [main] [o.s.b.w.e.t.TomcatWebServer] TomcatWebServer.start:220 - Tomcat started on port(s): 8081 (http) with context path ''
[2023-04-16 08:17:40.327] INFO  [main] [c.h.t.ToiletMapBackEndApplication] ToiletMapBackEndApplication.logStarted:61 - Started ToiletMapBackEndApplication in 19.915 seconds (JVM running for 24.454)
[2023-04-16 08:17:47.966] INFO  [http-nio-8081-exec-1] [o.a.c.c.C.[.[.[/]] [/].log:173 - Initializing Spring DispatcherServlet 'dispatcherServlet'
[2023-04-16 08:17:47.968] INFO  [http-nio-8081-exec-1] [o.s.w.s.DispatcherServlet] DispatcherServlet.initServletBean:525 - Initializing Servlet 'dispatcherServlet'
[2023-04-16 08:17:47.971] INFO  [http-nio-8081-exec-1] [o.s.w.s.DispatcherServlet] DispatcherServlet.initServletBean:547 - Completed initialization in 3 ms
[2023-04-16 08:17:50.128] INFO  [http-nio-8081-exec-8] [o.s.a.AbstractOpenApiResource] AbstractOpenApiResource.getOpenApi:398 - Init duration for springdoc-openapi is: 733 ms
[2023-04-16 08:25:08.568] INFO  [SpringApplicationShutdownHook] [o.s.o.j.LocalContainerEntityManagerFactoryBean] LocalContainerEntityManagerFactoryBean.destroy:651 - Closing JPA EntityManagerFactory for persistence unit 'default'
[2023-04-16 08:25:08.577] INFO  [SpringApplicationShutdownHook] [c.z.h.HikariDataSource] HikariDataSource.close:350 - HikariPool-1 - Shutdown initiated...
[2023-04-16 08:25:08.596] INFO  [SpringApplicationShutdownHook] [c.z.h.HikariDataSource] HikariDataSource.close:352 - HikariPool-1 - Shutdown completed.
[2023-04-16 08:25:20.294] INFO  [main] [c.h.t.ToiletMapBackEndApplication] ToiletMapBackEndApplication.logStarting:55 - Starting ToiletMapBackEndApplication using Java 11.0.16.1 on TienHuynhTN with PID 7892 (F:\FPT\Semester-9-Summer-2023\Capstone-Project\Implementation\toilet-map-back-end\target\classes started by tienhltse151104 in F:\FPT\Semester-9-Summer-2023\Capstone-Project\Implementation\toilet-map-back-end)
[2023-04-16 08:25:20.300] INFO  [main] [c.h.t.ToiletMapBackEndApplication] ToiletMapBackEndApplication.logStartupProfileInfo:637 - The following 2 profiles are active: "default", "prod"
[2023-04-16 08:25:21.702] INFO  [main] [o.s.d.r.c.RepositoryConfigurationDelegate] RepositoryConfigurationDelegate.registerRepositoriesIn:132 - Bootstrapping Spring Data JPA repositories in DEFAULT mode.
[2023-04-16 08:25:21.846] INFO  [main] [o.s.d.r.c.RepositoryConfigurationDelegate] RepositoryConfigurationDelegate.registerRepositoriesIn:201 - Finished Spring Data repository scanning in 135 ms. Found 15 JPA repository interfaces.
[2023-04-16 08:25:22.594] INFO  [main] [o.s.b.w.e.t.TomcatWebServer] TomcatWebServer.initialize:108 - Tomcat initialized with port(s): 8081 (http)
[2023-04-16 08:25:22.596] INFO  [main] [o.a.c.c.AprLifecycleListener] AprLifecycleListener.log:173 - Loaded Apache Tomcat Native library [1.2.35] using APR version [1.7.0].
[2023-04-16 08:25:22.596] INFO  [main] [o.a.c.c.AprLifecycleListener] AprLifecycleListener.log:173 - APR capabilities: IPv6 [true], sendfile [true], accept filters [false], random [true], UDS [true].
[2023-04-16 08:25:22.596] INFO  [main] [o.a.c.c.AprLifecycleListener] AprLifecycleListener.log:173 - APR/OpenSSL configuration: useAprConnector [false], useOpenSSL [true]
[2023-04-16 08:25:22.600] INFO  [main] [o.a.c.c.AprLifecycleListener] AprLifecycleListener.log:173 - OpenSSL successfully initialized [OpenSSL 1.1.1q  5 Jul 2022]
[2023-04-16 08:25:22.609] INFO  [main] [o.a.c.c.StandardService] StandardService.log:173 - Starting service [Tomcat]
[2023-04-16 08:25:22.609] INFO  [main] [o.a.c.c.StandardEngine] StandardEngine.log:173 - Starting Servlet engine: [Apache Tomcat/9.0.71]
[2023-04-16 08:25:22.769] INFO  [main] [o.a.c.c.C.[.[.[/]] [/].log:173 - Initializing Spring embedded WebApplicationContext
[2023-04-16 08:25:22.770] INFO  [main] [o.s.b.w.s.c.ServletWebServerApplicationContext] ServletWebServerApplicationContext.prepareWebApplicationContext:292 - Root WebApplicationContext: initialization completed in 2387 ms
[2023-04-16 08:25:23.367] INFO  [main] [o.h.j.i.u.LogHelper] LogHelper.logPersistenceUnitInformation:31 - HHH000204: Processing PersistenceUnitInfo [name: default]
[2023-04-16 08:25:23.427] INFO  [main] [o.h.Version] Version.logVersion:44 - HHH000412: Hibernate ORM core version 5.6.14.Final
[2023-04-16 08:25:23.593] INFO  [main] [o.h.a.c.Version] Version.<clinit>:56 - HCANN000001: Hibernate Commons Annotations {5.1.2.Final}
[2023-04-16 08:25:23.730] INFO  [main] [c.z.h.HikariDataSource] HikariDataSource.getConnection:110 - HikariPool-1 - Starting...
[2023-04-16 08:25:24.614] INFO  [main] [c.z.h.HikariDataSource] HikariDataSource.getConnection:123 - HikariPool-1 - Start completed.
[2023-04-16 08:25:24.635] INFO  [main] [o.h.d.Dialect] Dialect.<init>:175 - HHH000400: Using dialect: org.hibernate.dialect.SQLServer2012Dialect
[2023-04-16 08:25:25.848] INFO  [main] [o.h.e.t.j.p.i.JtaPlatformInitiator] JtaPlatformInitiator.initiateService:52 - HHH000490: Using JtaPlatform implementation: [org.hibernate.engine.transaction.jta.platform.internal.NoJtaPlatform]
[2023-04-16 08:25:25.862] INFO  [main] [o.s.o.j.LocalContainerEntityManagerFactoryBean] LocalContainerEntityManagerFactoryBean.buildNativeEntityManagerFactory:437 - Initialized JPA EntityManagerFactory for persistence unit 'default'
[2023-04-16 08:25:28.365] INFO  [main] [o.s.s.w.DefaultSecurityFilterChain] DefaultSecurityFilterChain.<init>:55 - Will secure any request with [org.springframework.security.web.session.DisableEncodeUrlFilter@2a5d9ede, org.springframework.security.web.context.request.async.WebAsyncManagerIntegrationFilter@39e91bda, org.springframework.security.web.context.SecurityContextPersistenceFilter@280f061e, org.springframework.security.web.header.HeaderWriterFilter@738ae785, org.springframework.web.filter.CorsFilter@2c3f81ef, org.springframework.security.web.authentication.logout.LogoutFilter@1a0e5c0c, com.happy3friends.toiletmapbackend.sercurity.TokenAuthenticationFilter@61375dff, org.springframework.security.web.savedrequest.RequestCacheAwareFilter@1a23136f, org.springframework.security.web.servletapi.SecurityContextHolderAwareRequestFilter@4a6d6308, org.springframework.security.web.authentication.AnonymousAuthenticationFilter@374013e8, org.springframework.security.web.session.SessionManagementFilter@24ae2183, org.springframework.security.web.access.ExceptionTranslationFilter@5bed8b91, org.springframework.security.web.access.intercept.FilterSecurityInterceptor@3437fc4f]
[2023-04-16 08:25:28.837] INFO  [main] [o.s.b.w.e.t.TomcatWebServer] TomcatWebServer.start:220 - Tomcat started on port(s): 8081 (http) with context path ''
[2023-04-16 08:25:28.861] INFO  [main] [c.h.t.ToiletMapBackEndApplication] ToiletMapBackEndApplication.logStarted:61 - Started ToiletMapBackEndApplication in 9.44 seconds (JVM running for 11.468)
[2023-04-16 08:25:59.051] INFO  [http-nio-8081-exec-1] [o.a.c.c.C.[.[.[/]] [/].log:173 - Initializing Spring DispatcherServlet 'dispatcherServlet'
[2023-04-16 08:25:59.052] INFO  [http-nio-8081-exec-1] [o.s.w.s.DispatcherServlet] DispatcherServlet.initServletBean:525 - Initializing Servlet 'dispatcherServlet'
[2023-04-16 08:25:59.054] INFO  [http-nio-8081-exec-1] [o.s.w.s.DispatcherServlet] DispatcherServlet.initServletBean:547 - Completed initialization in 1 ms
[2023-04-16 08:27:12.892] INFO  [SpringApplicationShutdownHook] [o.s.o.j.LocalContainerEntityManagerFactoryBean] LocalContainerEntityManagerFactoryBean.destroy:651 - Closing JPA EntityManagerFactory for persistence unit 'default'
[2023-04-16 08:27:12.895] INFO  [SpringApplicationShutdownHook] [c.z.h.HikariDataSource] HikariDataSource.close:350 - HikariPool-1 - Shutdown initiated...
[2023-04-16 08:27:12.912] INFO  [SpringApplicationShutdownHook] [c.z.h.HikariDataSource] HikariDataSource.close:352 - HikariPool-1 - Shutdown completed.
[2023-04-16 08:27:23.183] INFO  [main] [c.h.t.ToiletMapBackEndApplication] ToiletMapBackEndApplication.logStarting:55 - Starting ToiletMapBackEndApplication using Java 11.0.16.1 on TienHuynhTN with PID 18552 (F:\FPT\Semester-9-Summer-2023\Capstone-Project\Implementation\toilet-map-back-end\target\classes started by tienhltse151104 in F:\FPT\Semester-9-Summer-2023\Capstone-Project\Implementation\toilet-map-back-end)
[2023-04-16 08:27:23.188] INFO  [main] [c.h.t.ToiletMapBackEndApplication] ToiletMapBackEndApplication.logStartupProfileInfo:637 - The following 2 profiles are active: "default", "prod"
[2023-04-16 08:27:24.739] INFO  [main] [o.s.d.r.c.RepositoryConfigurationDelegate] RepositoryConfigurationDelegate.registerRepositoriesIn:132 - Bootstrapping Spring Data JPA repositories in DEFAULT mode.
[2023-04-16 08:27:24.926] INFO  [main] [o.s.d.r.c.RepositoryConfigurationDelegate] RepositoryConfigurationDelegate.registerRepositoriesIn:201 - Finished Spring Data repository scanning in 173 ms. Found 15 JPA repository interfaces.
[2023-04-16 08:27:25.733] INFO  [main] [o.s.b.w.e.t.TomcatWebServer] TomcatWebServer.initialize:108 - Tomcat initialized with port(s): 8081 (http)
[2023-04-16 08:27:25.736] INFO  [main] [o.a.c.c.AprLifecycleListener] AprLifecycleListener.log:173 - Loaded Apache Tomcat Native library [1.2.35] using APR version [1.7.0].
[2023-04-16 08:27:25.737] INFO  [main] [o.a.c.c.AprLifecycleListener] AprLifecycleListener.log:173 - APR capabilities: IPv6 [true], sendfile [true], accept filters [false], random [true], UDS [true].
[2023-04-16 08:27:25.737] INFO  [main] [o.a.c.c.AprLifecycleListener] AprLifecycleListener.log:173 - APR/OpenSSL configuration: useAprConnector [false], useOpenSSL [true]
[2023-04-16 08:27:25.743] INFO  [main] [o.a.c.c.AprLifecycleListener] AprLifecycleListener.log:173 - OpenSSL successfully initialized [OpenSSL 1.1.1q  5 Jul 2022]
[2023-04-16 08:27:25.753] INFO  [main] [o.a.c.c.StandardService] StandardService.log:173 - Starting service [Tomcat]
[2023-04-16 08:27:25.754] INFO  [main] [o.a.c.c.StandardEngine] StandardEngine.log:173 - Starting Servlet engine: [Apache Tomcat/9.0.71]
[2023-04-16 08:27:25.914] INFO  [main] [o.a.c.c.C.[.[.[/]] [/].log:173 - Initializing Spring embedded WebApplicationContext
[2023-04-16 08:27:25.915] INFO  [main] [o.s.b.w.s.c.ServletWebServerApplicationContext] ServletWebServerApplicationContext.prepareWebApplicationContext:292 - Root WebApplicationContext: initialization completed in 2635 ms
[2023-04-16 08:27:26.501] INFO  [main] [o.h.j.i.u.LogHelper] LogHelper.logPersistenceUnitInformation:31 - HHH000204: Processing PersistenceUnitInfo [name: default]
[2023-04-16 08:27:26.558] INFO  [main] [o.h.Version] Version.logVersion:44 - HHH000412: Hibernate ORM core version 5.6.14.Final
[2023-04-16 08:27:26.721] INFO  [main] [o.h.a.c.Version] Version.<clinit>:56 - HCANN000001: Hibernate Commons Annotations {5.1.2.Final}
[2023-04-16 08:27:26.848] INFO  [main] [c.z.h.HikariDataSource] HikariDataSource.getConnection:110 - HikariPool-1 - Starting...
[2023-04-16 08:27:27.688] INFO  [main] [c.z.h.HikariDataSource] HikariDataSource.getConnection:123 - HikariPool-1 - Start completed.
[2023-04-16 08:27:27.710] INFO  [main] [o.h.d.Dialect] Dialect.<init>:175 - HHH000400: Using dialect: org.hibernate.dialect.SQLServer2012Dialect
[2023-04-16 08:27:28.856] INFO  [main] [o.h.e.t.j.p.i.JtaPlatformInitiator] JtaPlatformInitiator.initiateService:52 - HHH000490: Using JtaPlatform implementation: [org.hibernate.engine.transaction.jta.platform.internal.NoJtaPlatform]
[2023-04-16 08:27:28.871] INFO  [main] [o.s.o.j.LocalContainerEntityManagerFactoryBean] LocalContainerEntityManagerFactoryBean.buildNativeEntityManagerFactory:437 - Initialized JPA EntityManagerFactory for persistence unit 'default'
[2023-04-16 08:27:31.338] INFO  [main] [o.s.s.w.DefaultSecurityFilterChain] DefaultSecurityFilterChain.<init>:55 - Will secure any request with [org.springframework.security.web.session.DisableEncodeUrlFilter@2a5d9ede, org.springframework.security.web.context.request.async.WebAsyncManagerIntegrationFilter@39e91bda, org.springframework.security.web.context.SecurityContextPersistenceFilter@1a23136f, org.springframework.security.web.header.HeaderWriterFilter@7ffb0bb4, org.springframework.web.filter.CorsFilter@2c3f81ef, org.springframework.security.web.authentication.logout.LogoutFilter@2f0b5d79, com.happy3friends.toiletmapbackend.sercurity.TokenAuthenticationFilter@28551755, org.springframework.security.web.savedrequest.RequestCacheAwareFilter@20724c21, org.springframework.security.web.servletapi.SecurityContextHolderAwareRequestFilter@5cbaafbd, org.springframework.security.web.authentication.AnonymousAuthenticationFilter@374013e8, org.springframework.security.web.session.SessionManagementFilter@7d7888a5, org.springframework.security.web.access.ExceptionTranslationFilter@24ae2183, org.springframework.security.web.access.intercept.FilterSecurityInterceptor@3437fc4f]
[2023-04-16 08:27:31.788] INFO  [main] [o.s.b.w.e.t.TomcatWebServer] TomcatWebServer.start:220 - Tomcat started on port(s): 8081 (http) with context path ''
[2023-04-16 08:27:31.807] INFO  [main] [c.h.t.ToiletMapBackEndApplication] ToiletMapBackEndApplication.logStarted:61 - Started ToiletMapBackEndApplication in 9.592 seconds (JVM running for 11.659)
[2023-04-16 08:27:39.457] INFO  [http-nio-8081-exec-1] [o.a.c.c.C.[.[.[/]] [/].log:173 - Initializing Spring DispatcherServlet 'dispatcherServlet'
[2023-04-16 08:27:39.459] INFO  [http-nio-8081-exec-1] [o.s.w.s.DispatcherServlet] DispatcherServlet.initServletBean:525 - Initializing Servlet 'dispatcherServlet'
[2023-04-16 08:27:39.461] INFO  [http-nio-8081-exec-1] [o.s.w.s.DispatcherServlet] DispatcherServlet.initServletBean:547 - Completed initialization in 1 ms
[2023-04-16 08:27:41.129] INFO  [http-nio-8081-exec-8] [o.s.a.AbstractOpenApiResource] AbstractOpenApiResource.getOpenApi:398 - Init duration for springdoc-openapi is: 666 ms
[2023-04-16 08:29:42.710] INFO  [SpringApplicationShutdownHook] [o.s.o.j.LocalContainerEntityManagerFactoryBean] LocalContainerEntityManagerFactoryBean.destroy:651 - Closing JPA EntityManagerFactory for persistence unit 'default'
[2023-04-16 08:29:42.713] INFO  [SpringApplicationShutdownHook] [c.z.h.HikariDataSource] HikariDataSource.close:350 - HikariPool-1 - Shutdown initiated...
[2023-04-16 08:29:42.729] INFO  [SpringApplicationShutdownHook] [c.z.h.HikariDataSource] HikariDataSource.close:352 - HikariPool-1 - Shutdown completed.
[2023-04-16 08:29:52.371] INFO  [main] [c.h.t.ToiletMapBackEndApplication] ToiletMapBackEndApplication.logStarting:55 - Starting ToiletMapBackEndApplication using Java 11.0.16.1 on TienHuynhTN with PID 20684 (F:\FPT\Semester-9-Summer-2023\Capstone-Project\Implementation\toilet-map-back-end\target\classes started by tienhltse151104 in F:\FPT\Semester-9-Summer-2023\Capstone-Project\Implementation\toilet-map-back-end)
[2023-04-16 08:29:52.376] INFO  [main] [c.h.t.ToiletMapBackEndApplication] ToiletMapBackEndApplication.logStartupProfileInfo:637 - The following 2 profiles are active: "default", "prod"
[2023-04-16 08:29:53.751] INFO  [main] [o.s.d.r.c.RepositoryConfigurationDelegate] RepositoryConfigurationDelegate.registerRepositoriesIn:132 - Bootstrapping Spring Data JPA repositories in DEFAULT mode.
[2023-04-16 08:29:53.892] INFO  [main] [o.s.d.r.c.RepositoryConfigurationDelegate] RepositoryConfigurationDelegate.registerRepositoriesIn:201 - Finished Spring Data repository scanning in 127 ms. Found 15 JPA repository interfaces.
[2023-04-16 08:29:54.625] INFO  [main] [o.s.b.w.e.t.TomcatWebServer] TomcatWebServer.initialize:108 - Tomcat initialized with port(s): 8081 (http)
[2023-04-16 08:29:54.627] INFO  [main] [o.a.c.c.AprLifecycleListener] AprLifecycleListener.log:173 - Loaded Apache Tomcat Native library [1.2.35] using APR version [1.7.0].
[2023-04-16 08:29:54.627] INFO  [main] [o.a.c.c.AprLifecycleListener] AprLifecycleListener.log:173 - APR capabilities: IPv6 [true], sendfile [true], accept filters [false], random [true], UDS [true].
[2023-04-16 08:29:54.627] INFO  [main] [o.a.c.c.AprLifecycleListener] AprLifecycleListener.log:173 - APR/OpenSSL configuration: useAprConnector [false], useOpenSSL [true]
[2023-04-16 08:29:54.632] INFO  [main] [o.a.c.c.AprLifecycleListener] AprLifecycleListener.log:173 - OpenSSL successfully initialized [OpenSSL 1.1.1q  5 Jul 2022]
[2023-04-16 08:29:54.640] INFO  [main] [o.a.c.c.StandardService] StandardService.log:173 - Starting service [Tomcat]
[2023-04-16 08:29:54.641] INFO  [main] [o.a.c.c.StandardEngine] StandardEngine.log:173 - Starting Servlet engine: [Apache Tomcat/9.0.71]
[2023-04-16 08:29:54.793] INFO  [main] [o.a.c.c.C.[.[.[/]] [/].log:173 - Initializing Spring embedded WebApplicationContext
[2023-04-16 08:29:54.795] INFO  [main] [o.s.b.w.s.c.ServletWebServerApplicationContext] ServletWebServerApplicationContext.prepareWebApplicationContext:292 - Root WebApplicationContext: initialization completed in 2343 ms
[2023-04-16 08:29:55.347] INFO  [main] [o.h.j.i.u.LogHelper] LogHelper.logPersistenceUnitInformation:31 - HHH000204: Processing PersistenceUnitInfo [name: default]
[2023-04-16 08:29:55.410] INFO  [main] [o.h.Version] Version.logVersion:44 - HHH000412: Hibernate ORM core version 5.6.14.Final
[2023-04-16 08:29:55.592] INFO  [main] [o.h.a.c.Version] Version.<clinit>:56 - HCANN000001: Hibernate Commons Annotations {5.1.2.Final}
[2023-04-16 08:29:55.720] INFO  [main] [c.z.h.HikariDataSource] HikariDataSource.getConnection:110 - HikariPool-1 - Starting...
[2023-04-16 08:29:56.632] INFO  [main] [c.z.h.HikariDataSource] HikariDataSource.getConnection:123 - HikariPool-1 - Start completed.
[2023-04-16 08:29:56.649] INFO  [main] [o.h.d.Dialect] Dialect.<init>:175 - HHH000400: Using dialect: org.hibernate.dialect.SQLServer2012Dialect
[2023-04-16 08:29:58.115] INFO  [main] [o.h.e.t.j.p.i.JtaPlatformInitiator] JtaPlatformInitiator.initiateService:52 - HHH000490: Using JtaPlatform implementation: [org.hibernate.engine.transaction.jta.platform.internal.NoJtaPlatform]
[2023-04-16 08:29:58.127] INFO  [main] [o.s.o.j.LocalContainerEntityManagerFactoryBean] LocalContainerEntityManagerFactoryBean.buildNativeEntityManagerFactory:437 - Initialized JPA EntityManagerFactory for persistence unit 'default'
[2023-04-16 08:30:00.416] INFO  [main] [o.s.s.w.DefaultSecurityFilterChain] DefaultSecurityFilterChain.<init>:55 - Will secure any request with [org.springframework.security.web.session.DisableEncodeUrlFilter@614d01b, org.springframework.security.web.context.request.async.WebAsyncManagerIntegrationFilter@3be2ef56, org.springframework.security.web.context.SecurityContextPersistenceFilter@3791160a, org.springframework.security.web.header.HeaderWriterFilter@7692c0e9, org.springframework.web.filter.CorsFilter@5a8149f6, org.springframework.security.web.authentication.logout.LogoutFilter@2d732cda, com.happy3friends.toiletmapbackend.sercurity.TokenAuthenticationFilter@28551755, org.springframework.security.web.savedrequest.RequestCacheAwareFilter@5f510929, org.springframework.security.web.servletapi.SecurityContextHolderAwareRequestFilter@47f677a4, org.springframework.security.web.authentication.AnonymousAuthenticationFilter@672549f3, org.springframework.security.web.session.SessionManagementFilter@75bbe39d, org.springframework.security.web.access.ExceptionTranslationFilter@6edb093f, org.springframework.security.web.access.intercept.FilterSecurityInterceptor@1bd5b1c8]
[2023-04-16 08:30:00.836] INFO  [main] [o.s.b.w.e.t.TomcatWebServer] TomcatWebServer.start:220 - Tomcat started on port(s): 8081 (http) with context path ''
[2023-04-16 08:30:00.858] INFO  [main] [c.h.t.ToiletMapBackEndApplication] ToiletMapBackEndApplication.logStarted:61 - Started ToiletMapBackEndApplication in 9.397 seconds (JVM running for 11.403)
[2023-04-16 08:30:09.261] INFO  [http-nio-8081-exec-1] [o.a.c.c.C.[.[.[/]] [/].log:173 - Initializing Spring DispatcherServlet 'dispatcherServlet'
[2023-04-16 08:30:09.263] INFO  [http-nio-8081-exec-1] [o.s.w.s.DispatcherServlet] DispatcherServlet.initServletBean:525 - Initializing Servlet 'dispatcherServlet'
[2023-04-16 08:30:09.264] INFO  [http-nio-8081-exec-1] [o.s.w.s.DispatcherServlet] DispatcherServlet.initServletBean:547 - Completed initialization in 1 ms
[2023-04-16 08:30:55.816] INFO  [SpringApplicationShutdownHook] [o.s.o.j.LocalContainerEntityManagerFactoryBean] LocalContainerEntityManagerFactoryBean.destroy:651 - Closing JPA EntityManagerFactory for persistence unit 'default'
[2023-04-16 08:30:55.819] INFO  [SpringApplicationShutdownHook] [c.z.h.HikariDataSource] HikariDataSource.close:350 - HikariPool-1 - Shutdown initiated...
[2023-04-16 08:30:55.829] INFO  [SpringApplicationShutdownHook] [c.z.h.HikariDataSource] HikariDataSource.close:352 - HikariPool-1 - Shutdown completed.
[2023-04-16 08:31:05.002] INFO  [main] [c.h.t.ToiletMapBackEndApplication] ToiletMapBackEndApplication.logStarting:55 - Starting ToiletMapBackEndApplication using Java 11.0.16.1 on TienHuynhTN with PID 22696 (F:\FPT\Semester-9-Summer-2023\Capstone-Project\Implementation\toilet-map-back-end\target\classes started by tienhltse151104 in F:\FPT\Semester-9-Summer-2023\Capstone-Project\Implementation\toilet-map-back-end)
[2023-04-16 08:31:05.009] INFO  [main] [c.h.t.ToiletMapBackEndApplication] ToiletMapBackEndApplication.logStartupProfileInfo:637 - The following 2 profiles are active: "default", "prod"
[2023-04-16 08:31:06.461] INFO  [main] [o.s.d.r.c.RepositoryConfigurationDelegate] RepositoryConfigurationDelegate.registerRepositoriesIn:132 - Bootstrapping Spring Data JPA repositories in DEFAULT mode.
[2023-04-16 08:31:06.610] INFO  [main] [o.s.d.r.c.RepositoryConfigurationDelegate] RepositoryConfigurationDelegate.registerRepositoriesIn:201 - Finished Spring Data repository scanning in 139 ms. Found 15 JPA repository interfaces.
[2023-04-16 08:31:07.401] INFO  [main] [o.s.b.w.e.t.TomcatWebServer] TomcatWebServer.initialize:108 - Tomcat initialized with port(s): 8081 (http)
[2023-04-16 08:31:07.403] INFO  [main] [o.a.c.c.AprLifecycleListener] AprLifecycleListener.log:173 - Loaded Apache Tomcat Native library [1.2.35] using APR version [1.7.0].
[2023-04-16 08:31:07.403] INFO  [main] [o.a.c.c.AprLifecycleListener] AprLifecycleListener.log:173 - APR capabilities: IPv6 [true], sendfile [true], accept filters [false], random [true], UDS [true].
[2023-04-16 08:31:07.403] INFO  [main] [o.a.c.c.AprLifecycleListener] AprLifecycleListener.log:173 - APR/OpenSSL configuration: useAprConnector [false], useOpenSSL [true]
[2023-04-16 08:31:07.407] INFO  [main] [o.a.c.c.AprLifecycleListener] AprLifecycleListener.log:173 - OpenSSL successfully initialized [OpenSSL 1.1.1q  5 Jul 2022]
[2023-04-16 08:31:07.415] INFO  [main] [o.a.c.c.StandardService] StandardService.log:173 - Starting service [Tomcat]
[2023-04-16 08:31:07.416] INFO  [main] [o.a.c.c.StandardEngine] StandardEngine.log:173 - Starting Servlet engine: [Apache Tomcat/9.0.71]
[2023-04-16 08:31:07.555] INFO  [main] [o.a.c.c.C.[.[.[/]] [/].log:173 - Initializing Spring embedded WebApplicationContext
[2023-04-16 08:31:07.555] INFO  [main] [o.s.b.w.s.c.ServletWebServerApplicationContext] ServletWebServerApplicationContext.prepareWebApplicationContext:292 - Root WebApplicationContext: initialization completed in 2462 ms
[2023-04-16 08:31:08.039] INFO  [main] [o.h.j.i.u.LogHelper] LogHelper.logPersistenceUnitInformation:31 - HHH000204: Processing PersistenceUnitInfo [name: default]
[2023-04-16 08:31:08.096] INFO  [main] [o.h.Version] Version.logVersion:44 - HHH000412: Hibernate ORM core version 5.6.14.Final
[2023-04-16 08:31:08.296] INFO  [main] [o.h.a.c.Version] Version.<clinit>:56 - HCANN000001: Hibernate Commons Annotations {5.1.2.Final}
[2023-04-16 08:31:08.468] INFO  [main] [c.z.h.HikariDataSource] HikariDataSource.getConnection:110 - HikariPool-1 - Starting...
[2023-04-16 08:31:09.444] INFO  [main] [c.z.h.HikariDataSource] HikariDataSource.getConnection:123 - HikariPool-1 - Start completed.
[2023-04-16 08:31:09.462] INFO  [main] [o.h.d.Dialect] Dialect.<init>:175 - HHH000400: Using dialect: org.hibernate.dialect.SQLServer2012Dialect
[2023-04-16 08:31:10.653] INFO  [main] [o.h.e.t.j.p.i.JtaPlatformInitiator] JtaPlatformInitiator.initiateService:52 - HHH000490: Using JtaPlatform implementation: [org.hibernate.engine.transaction.jta.platform.internal.NoJtaPlatform]
[2023-04-16 08:31:10.676] INFO  [main] [o.s.o.j.LocalContainerEntityManagerFactoryBean] LocalContainerEntityManagerFactoryBean.buildNativeEntityManagerFactory:437 - Initialized JPA EntityManagerFactory for persistence unit 'default'
[2023-04-16 08:31:13.382] INFO  [main] [o.s.s.w.DefaultSecurityFilterChain] DefaultSecurityFilterChain.<init>:55 - Will secure any request with [org.springframework.security.web.session.DisableEncodeUrlFilter@2a5d9ede, org.springframework.security.web.context.request.async.WebAsyncManagerIntegrationFilter@39e91bda, org.springframework.security.web.context.SecurityContextPersistenceFilter@773cc551, org.springframework.security.web.header.HeaderWriterFilter@c0cb9c2, org.springframework.web.filter.CorsFilter@2c3f81ef, org.springframework.security.web.authentication.logout.LogoutFilter@7aad7df5, com.happy3friends.toiletmapbackend.sercurity.TokenAuthenticationFilter@5184da2b, org.springframework.security.web.savedrequest.RequestCacheAwareFilter@4f0f56f5, org.springframework.security.web.servletapi.SecurityContextHolderAwareRequestFilter@870413c, org.springframework.security.web.authentication.AnonymousAuthenticationFilter@374013e8, org.springframework.security.web.session.SessionManagementFilter@11e75942, org.springframework.security.web.access.ExceptionTranslationFilter@23a78d2e, org.springframework.security.web.access.intercept.FilterSecurityInterceptor@3437fc4f]
[2023-04-16 08:31:13.911] INFO  [main] [o.s.b.w.e.t.TomcatWebServer] TomcatWebServer.start:220 - Tomcat started on port(s): 8081 (http) with context path ''
[2023-04-16 08:31:13.934] INFO  [main] [c.h.t.ToiletMapBackEndApplication] ToiletMapBackEndApplication.logStarted:61 - Started ToiletMapBackEndApplication in 9.843 seconds (JVM running for 11.605)
[2023-04-16 08:31:19.282] INFO  [http-nio-8081-exec-1] [o.a.c.c.C.[.[.[/]] [/].log:173 - Initializing Spring DispatcherServlet 'dispatcherServlet'
[2023-04-16 08:31:19.283] INFO  [http-nio-8081-exec-1] [o.s.w.s.DispatcherServlet] DispatcherServlet.initServletBean:525 - Initializing Servlet 'dispatcherServlet'
[2023-04-16 08:31:19.284] INFO  [http-nio-8081-exec-1] [o.s.w.s.DispatcherServlet] DispatcherServlet.initServletBean:547 - Completed initialization in 1 ms
[2023-04-16 08:31:21.502] INFO  [http-nio-8081-exec-7] [o.s.a.AbstractOpenApiResource] AbstractOpenApiResource.getOpenApi:398 - Init duration for springdoc-openapi is: 958 ms
[2023-04-16 08:45:14.318] INFO  [SpringApplicationShutdownHook] [o.s.o.j.LocalContainerEntityManagerFactoryBean] LocalContainerEntityManagerFactoryBean.destroy:651 - Closing JPA EntityManagerFactory for persistence unit 'default'
[2023-04-16 08:45:14.327] INFO  [SpringApplicationShutdownHook] [c.z.h.HikariDataSource] HikariDataSource.close:350 - HikariPool-1 - Shutdown initiated...
[2023-04-16 08:45:14.349] INFO  [SpringApplicationShutdownHook] [c.z.h.HikariDataSource] HikariDataSource.close:352 - HikariPool-1 - Shutdown completed.
[2023-04-16 08:45:23.232] INFO  [main] [c.h.t.ToiletMapBackEndApplication] ToiletMapBackEndApplication.logStarting:55 - Starting ToiletMapBackEndApplication using Java 11.0.16.1 on TienHuynhTN with PID 13536 (F:\FPT\Semester-9-Summer-2023\Capstone-Project\Implementation\toilet-map-back-end\target\classes started by tienhltse151104 in F:\FPT\Semester-9-Summer-2023\Capstone-Project\Implementation\toilet-map-back-end)
[2023-04-16 08:45:23.236] INFO  [main] [c.h.t.ToiletMapBackEndApplication] ToiletMapBackEndApplication.logStartupProfileInfo:637 - The following 2 profiles are active: "default", "prod"
[2023-04-16 08:45:24.680] INFO  [main] [o.s.d.r.c.RepositoryConfigurationDelegate] RepositoryConfigurationDelegate.registerRepositoriesIn:132 - Bootstrapping Spring Data JPA repositories in DEFAULT mode.
[2023-04-16 08:45:24.825] INFO  [main] [o.s.d.r.c.RepositoryConfigurationDelegate] RepositoryConfigurationDelegate.registerRepositoriesIn:201 - Finished Spring Data repository scanning in 132 ms. Found 15 JPA repository interfaces.
[2023-04-16 08:45:25.502] INFO  [main] [o.s.b.w.e.t.TomcatWebServer] TomcatWebServer.initialize:108 - Tomcat initialized with port(s): 8081 (http)
[2023-04-16 08:45:25.503] INFO  [main] [o.a.c.c.AprLifecycleListener] AprLifecycleListener.log:173 - Loaded Apache Tomcat Native library [1.2.35] using APR version [1.7.0].
[2023-04-16 08:45:25.503] INFO  [main] [o.a.c.c.AprLifecycleListener] AprLifecycleListener.log:173 - APR capabilities: IPv6 [true], sendfile [true], accept filters [false], random [true], UDS [true].
[2023-04-16 08:45:25.504] INFO  [main] [o.a.c.c.AprLifecycleListener] AprLifecycleListener.log:173 - APR/OpenSSL configuration: useAprConnector [false], useOpenSSL [true]
[2023-04-16 08:45:25.507] INFO  [main] [o.a.c.c.AprLifecycleListener] AprLifecycleListener.log:173 - OpenSSL successfully initialized [OpenSSL 1.1.1q  5 Jul 2022]
[2023-04-16 08:45:25.517] INFO  [main] [o.a.c.c.StandardService] StandardService.log:173 - Starting service [Tomcat]
[2023-04-16 08:45:25.517] INFO  [main] [o.a.c.c.StandardEngine] StandardEngine.log:173 - Starting Servlet engine: [Apache Tomcat/9.0.71]
[2023-04-16 08:45:25.659] INFO  [main] [o.a.c.c.C.[.[.[/]] [/].log:173 - Initializing Spring embedded WebApplicationContext
[2023-04-16 08:45:25.659] INFO  [main] [o.s.b.w.s.c.ServletWebServerApplicationContext] ServletWebServerApplicationContext.prepareWebApplicationContext:292 - Root WebApplicationContext: initialization completed in 2347 ms
[2023-04-16 08:45:26.161] INFO  [main] [o.h.j.i.u.LogHelper] LogHelper.logPersistenceUnitInformation:31 - HHH000204: Processing PersistenceUnitInfo [name: default]
[2023-04-16 08:45:26.218] INFO  [main] [o.h.Version] Version.logVersion:44 - HHH000412: Hibernate ORM core version 5.6.14.Final
[2023-04-16 08:45:26.385] INFO  [main] [o.h.a.c.Version] Version.<clinit>:56 - HCANN000001: Hibernate Commons Annotations {5.1.2.Final}
[2023-04-16 08:45:26.507] INFO  [main] [c.z.h.HikariDataSource] HikariDataSource.getConnection:110 - HikariPool-1 - Starting...
[2023-04-16 08:45:27.393] INFO  [main] [c.z.h.HikariDataSource] HikariDataSource.getConnection:123 - HikariPool-1 - Start completed.
[2023-04-16 08:45:27.419] INFO  [main] [o.h.d.Dialect] Dialect.<init>:175 - HHH000400: Using dialect: org.hibernate.dialect.SQLServer2012Dialect
[2023-04-16 08:45:28.643] INFO  [main] [o.h.e.t.j.p.i.JtaPlatformInitiator] JtaPlatformInitiator.initiateService:52 - HHH000490: Using JtaPlatform implementation: [org.hibernate.engine.transaction.jta.platform.internal.NoJtaPlatform]
[2023-04-16 08:45:28.655] INFO  [main] [o.s.o.j.LocalContainerEntityManagerFactoryBean] LocalContainerEntityManagerFactoryBean.buildNativeEntityManagerFactory:437 - Initialized JPA EntityManagerFactory for persistence unit 'default'
[2023-04-16 08:45:31.086] INFO  [main] [o.s.s.w.DefaultSecurityFilterChain] DefaultSecurityFilterChain.<init>:55 - Will secure any request with [org.springframework.security.web.session.DisableEncodeUrlFilter@22cca101, org.springframework.security.web.context.request.async.WebAsyncManagerIntegrationFilter@1722ede1, org.springframework.security.web.context.SecurityContextPersistenceFilter@230dd372, org.springframework.security.web.header.HeaderWriterFilter@3074575a, org.springframework.web.filter.CorsFilter@307ba188, org.springframework.security.web.authentication.logout.LogoutFilter@75bbe39d, com.happy3friends.toiletmapbackend.sercurity.TokenAuthenticationFilter@7603cfc2, org.springframework.security.web.savedrequest.RequestCacheAwareFilter@51c15508, org.springframework.security.web.servletapi.SecurityContextHolderAwareRequestFilter@24ae2183, org.springframework.security.web.authentication.AnonymousAuthenticationFilter@34f3c920, org.springframework.security.web.session.SessionManagementFilter@2eed6331, org.springframework.security.web.access.ExceptionTranslationFilter@1b897ffb, org.springframework.security.web.access.intercept.FilterSecurityInterceptor@5799b8a2]
[2023-04-16 08:45:31.502] INFO  [main] [o.s.b.w.e.t.TomcatWebServer] TomcatWebServer.start:220 - Tomcat started on port(s): 8081 (http) with context path ''
[2023-04-16 08:45:31.517] INFO  [main] [c.h.t.ToiletMapBackEndApplication] ToiletMapBackEndApplication.logStarted:61 - Started ToiletMapBackEndApplication in 9.238 seconds (JVM running for 11.132)
[2023-04-16 08:45:40.544] INFO  [http-nio-8081-exec-1] [o.a.c.c.C.[.[.[/]] [/].log:173 - Initializing Spring DispatcherServlet 'dispatcherServlet'
[2023-04-16 08:45:40.546] INFO  [http-nio-8081-exec-1] [o.s.w.s.DispatcherServlet] DispatcherServlet.initServletBean:525 - Initializing Servlet 'dispatcherServlet'
[2023-04-16 08:45:40.548] INFO  [http-nio-8081-exec-1] [o.s.w.s.DispatcherServlet] DispatcherServlet.initServletBean:547 - Completed initialization in 2 ms
[2023-04-16 08:48:55.423] WARN  [http-nio-8081-exec-3] [o.h.e.j.s.SqlExceptionHelper] SqlExceptionHelper.logExceptions:137 - SQL Error: 207, SQLState: S0001
[2023-04-16 08:48:55.423] ERROR [http-nio-8081-exec-3] [o.h.e.j.s.SqlExceptionHelper] SqlExceptionHelper.logExceptions:142 - Invalid column name 'TotalRevenue'.
[2023-04-16 08:48:55.440] ERROR [http-nio-8081-exec-3] [c.h.t.h.GlobalExceptionHandler] GlobalExceptionHandler.handleInternalServerException:31 - An exception occurred: 
org.springframework.dao.InvalidDataAccessResourceUsageException: could not extract ResultSet; SQL [n/a]; nested exception is org.hibernate.exception.SQLGrammarException: could not extract ResultSet
	at org.springframework.orm.jpa.vendor.HibernateJpaDialect.convertHibernateAccessException(HibernateJpaDialect.java:259)
	at org.springframework.orm.jpa.vendor.HibernateJpaDialect.translateExceptionIfPossible(HibernateJpaDialect.java:233)
	at org.springframework.orm.jpa.AbstractEntityManagerFactoryBean.translateExceptionIfPossible(AbstractEntityManagerFactoryBean.java:551)
	at org.springframework.dao.support.ChainedPersistenceExceptionTranslator.translateExceptionIfPossible(ChainedPersistenceExceptionTranslator.java:61)
	at org.springframework.dao.support.DataAccessUtils.translateIfNecessary(DataAccessUtils.java:242)
	at org.springframework.dao.support.PersistenceExceptionTranslationInterceptor.invoke(PersistenceExceptionTranslationInterceptor.java:152)
	at org.springframework.aop.framework.ReflectiveMethodInvocation.proceed(ReflectiveMethodInvocation.java:186)
	at org.springframework.data.jpa.repository.support.CrudMethodMetadataPostProcessor$CrudMethodMetadataPopulatingMethodInterceptor.invoke(CrudMethodMetadataPostProcessor.java:145)
	at org.springframework.aop.framework.ReflectiveMethodInvocation.proceed(ReflectiveMethodInvocation.java:186)
	at org.springframework.aop.interceptor.ExposeInvocationInterceptor.invoke(ExposeInvocationInterceptor.java:97)
	at org.springframework.aop.framework.ReflectiveMethodInvocation.proceed(ReflectiveMethodInvocation.java:186)
	at org.springframework.aop.framework.JdkDynamicAopProxy.invoke(JdkDynamicAopProxy.java:215)
	at com.sun.proxy.$Proxy163.getAllReportsByCompanyId(Unknown Source)
	at com.happy3friends.toiletmapbackend.service.serviceImpl.ReportServiceImpl.getAllReportsByCompanyId(ReportServiceImpl.java:59)
	at com.happy3friends.toiletmapbackend.service.serviceImpl.ReportServiceImpl.getAllReports(ReportServiceImpl.java:119)
	at com.happy3friends.toiletmapbackend.controller.ReportController.getAllReports(ReportController.java:139)
	at com.happy3friends.toiletmapbackend.controller.ReportController$$FastClassBySpringCGLIB$$bea7b752.invoke(<generated>)
	at org.springframework.cglib.proxy.MethodProxy.invoke(MethodProxy.java:218)
	at org.springframework.aop.framework.CglibAopProxy$CglibMethodInvocation.invokeJoinpoint(CglibAopProxy.java:793)
	at org.springframework.aop.framework.ReflectiveMethodInvocation.proceed(ReflectiveMethodInvocation.java:163)
	at org.springframework.aop.framework.CglibAopProxy$CglibMethodInvocation.proceed(CglibAopProxy.java:763)
	at org.springframework.security.access.intercept.aopalliance.MethodSecurityInterceptor.invoke(MethodSecurityInterceptor.java:61)
	at org.springframework.aop.framework.ReflectiveMethodInvocation.proceed(ReflectiveMethodInvocation.java:186)
	at org.springframework.aop.framework.CglibAopProxy$CglibMethodInvocation.proceed(CglibAopProxy.java:763)
	at org.springframework.aop.framework.CglibAopProxy$DynamicAdvisedInterceptor.intercept(CglibAopProxy.java:708)
	at com.happy3friends.toiletmapbackend.controller.ReportController$$EnhancerBySpringCGLIB$$e1996509.getAllReports(<generated>)
	at java.base/jdk.internal.reflect.NativeMethodAccessorImpl.invoke0(Native Method)
	at java.base/jdk.internal.reflect.NativeMethodAccessorImpl.invoke(NativeMethodAccessorImpl.java:62)
	at java.base/jdk.internal.reflect.DelegatingMethodAccessorImpl.invoke(DelegatingMethodAccessorImpl.java:43)
	at java.base/java.lang.reflect.Method.invoke(Method.java:566)
	at org.springframework.web.method.support.InvocableHandlerMethod.doInvoke(InvocableHandlerMethod.java:205)
	at org.springframework.web.method.support.InvocableHandlerMethod.invokeForRequest(InvocableHandlerMethod.java:150)
	at org.springframework.web.servlet.mvc.method.annotation.ServletInvocableHandlerMethod.invokeAndHandle(ServletInvocableHandlerMethod.java:117)
	at org.springframework.web.servlet.mvc.method.annotation.RequestMappingHandlerAdapter.invokeHandlerMethod(RequestMappingHandlerAdapter.java:895)
	at org.springframework.web.servlet.mvc.method.annotation.RequestMappingHandlerAdapter.handleInternal(RequestMappingHandlerAdapter.java:808)
	at org.springframework.web.servlet.mvc.method.AbstractHandlerMethodAdapter.handle(AbstractHandlerMethodAdapter.java:87)
	at org.springframework.web.servlet.DispatcherServlet.doDispatch(DispatcherServlet.java:1071)
	at org.springframework.web.servlet.DispatcherServlet.doService(DispatcherServlet.java:964)
	at org.springframework.web.servlet.FrameworkServlet.processRequest(FrameworkServlet.java:1006)
	at org.springframework.web.servlet.FrameworkServlet.doGet(FrameworkServlet.java:898)
	at javax.servlet.http.HttpServlet.service(HttpServlet.java:670)
	at org.springframework.web.servlet.FrameworkServlet.service(FrameworkServlet.java:883)
	at javax.servlet.http.HttpServlet.service(HttpServlet.java:779)
	at org.apache.catalina.core.ApplicationFilterChain.internalDoFilter(ApplicationFilterChain.java:227)
	at org.apache.catalina.core.ApplicationFilterChain.doFilter(ApplicationFilterChain.java:162)
	at org.apache.tomcat.websocket.server.WsFilter.doFilter(WsFilter.java:53)
	at org.apache.catalina.core.ApplicationFilterChain.internalDoFilter(ApplicationFilterChain.java:189)
	at org.apache.catalina.core.ApplicationFilterChain.doFilter(ApplicationFilterChain.java:162)
	at org.springframework.web.filter.OncePerRequestFilter.doFilter(OncePerRequestFilter.java:111)
	at org.apache.catalina.core.ApplicationFilterChain.internalDoFilter(ApplicationFilterChain.java:189)
	at org.apache.catalina.core.ApplicationFilterChain.doFilter(ApplicationFilterChain.java:162)
	at org.springframework.security.web.FilterChainProxy$VirtualFilterChain.doFilter(FilterChainProxy.java:337)
	at org.springframework.security.web.access.intercept.FilterSecurityInterceptor.invoke(FilterSecurityInterceptor.java:115)
	at org.springframework.security.web.access.intercept.FilterSecurityInterceptor.doFilter(FilterSecurityInterceptor.java:81)
	at org.springframework.security.web.FilterChainProxy$VirtualFilterChain.doFilter(FilterChainProxy.java:346)
	at org.springframework.security.web.access.ExceptionTranslationFilter.doFilter(ExceptionTranslationFilter.java:122)
	at org.springframework.security.web.access.ExceptionTranslationFilter.doFilter(ExceptionTranslationFilter.java:116)
	at org.springframework.security.web.FilterChainProxy$VirtualFilterChain.doFilter(FilterChainProxy.java:346)
	at org.springframework.security.web.session.SessionManagementFilter.doFilter(SessionManagementFilter.java:126)
	at org.springframework.security.web.session.SessionManagementFilter.doFilter(SessionManagementFilter.java:81)
	at org.springframework.security.web.FilterChainProxy$VirtualFilterChain.doFilter(FilterChainProxy.java:346)
	at org.springframework.security.web.authentication.AnonymousAuthenticationFilter.doFilter(AnonymousAuthenticationFilter.java:109)
	at org.springframework.security.web.FilterChainProxy$VirtualFilterChain.doFilter(FilterChainProxy.java:346)
	at org.springframework.security.web.servletapi.SecurityContextHolderAwareRequestFilter.doFilter(SecurityContextHolderAwareRequestFilter.java:149)
	at org.springframework.security.web.FilterChainProxy$VirtualFilterChain.doFilter(FilterChainProxy.java:346)
	at org.springframework.security.web.savedrequest.RequestCacheAwareFilter.doFilter(RequestCacheAwareFilter.java:63)
	at org.springframework.security.web.FilterChainProxy$VirtualFilterChain.doFilter(FilterChainProxy.java:346)
	at com.happy3friends.toiletmapbackend.sercurity.TokenAuthenticationFilter.doFilterInternal(TokenAuthenticationFilter.java:65)
	at org.springframework.web.filter.OncePerRequestFilter.doFilter(OncePerRequestFilter.java:117)
	at org.springframework.security.web.FilterChainProxy$VirtualFilterChain.doFilter(FilterChainProxy.java:346)
	at org.springframework.security.web.authentication.logout.LogoutFilter.doFilter(LogoutFilter.java:103)
	at org.springframework.security.web.authentication.logout.LogoutFilter.doFilter(LogoutFilter.java:89)
	at org.springframework.security.web.FilterChainProxy$VirtualFilterChain.doFilter(FilterChainProxy.java:346)
	at org.springframework.web.filter.CorsFilter.doFilterInternal(CorsFilter.java:91)
	at org.springframework.web.filter.OncePerRequestFilter.doFilter(OncePerRequestFilter.java:117)
	at org.springframework.security.web.FilterChainProxy$VirtualFilterChain.doFilter(FilterChainProxy.java:346)
	at org.springframework.security.web.header.HeaderWriterFilter.doHeadersAfter(HeaderWriterFilter.java:90)
	at org.springframework.security.web.header.HeaderWriterFilter.doFilterInternal(HeaderWriterFilter.java:75)
	at org.springframework.web.filter.OncePerRequestFilter.doFilter(OncePerRequestFilter.java:117)
	at org.springframework.security.web.FilterChainProxy$VirtualFilterChain.doFilter(FilterChainProxy.java:346)
	at org.springframework.security.web.context.SecurityContextPersistenceFilter.doFilter(SecurityContextPersistenceFilter.java:112)
	at org.springframework.security.web.context.SecurityContextPersistenceFilter.doFilter(SecurityContextPersistenceFilter.java:82)
	at org.springframework.security.web.FilterChainProxy$VirtualFilterChain.doFilter(FilterChainProxy.java:346)
	at org.springframework.security.web.context.request.async.WebAsyncManagerIntegrationFilter.doFilterInternal(WebAsyncManagerIntegrationFilter.java:55)
	at org.springframework.web.filter.OncePerRequestFilter.doFilter(OncePerRequestFilter.java:117)
	at org.springframework.security.web.FilterChainProxy$VirtualFilterChain.doFilter(FilterChainProxy.java:346)
	at org.springframework.security.web.session.DisableEncodeUrlFilter.doFilterInternal(DisableEncodeUrlFilter.java:42)
	at org.springframework.web.filter.OncePerRequestFilter.doFilter(OncePerRequestFilter.java:117)
	at org.springframework.security.web.FilterChainProxy$VirtualFilterChain.doFilter(FilterChainProxy.java:346)
	at org.springframework.security.web.FilterChainProxy.doFilterInternal(FilterChainProxy.java:221)
	at org.springframework.security.web.FilterChainProxy.doFilter(FilterChainProxy.java:186)
	at org.springframework.web.filter.DelegatingFilterProxy.invokeDelegate(DelegatingFilterProxy.java:354)
	at org.springframework.web.filter.DelegatingFilterProxy.doFilter(DelegatingFilterProxy.java:267)
	at org.apache.catalina.core.ApplicationFilterChain.internalDoFilter(ApplicationFilterChain.java:189)
	at org.apache.catalina.core.ApplicationFilterChain.doFilter(ApplicationFilterChain.java:162)
	at org.springframework.web.filter.RequestContextFilter.doFilterInternal(RequestContextFilter.java:100)
	at org.springframework.web.filter.OncePerRequestFilter.doFilter(OncePerRequestFilter.java:117)
	at org.apache.catalina.core.ApplicationFilterChain.internalDoFilter(ApplicationFilterChain.java:189)
	at org.apache.catalina.core.ApplicationFilterChain.doFilter(ApplicationFilterChain.java:162)
	at org.springframework.web.filter.FormContentFilter.doFilterInternal(FormContentFilter.java:93)
	at org.springframework.web.filter.OncePerRequestFilter.doFilter(OncePerRequestFilter.java:117)
	at org.apache.catalina.core.ApplicationFilterChain.internalDoFilter(ApplicationFilterChain.java:189)
	at org.apache.catalina.core.ApplicationFilterChain.doFilter(ApplicationFilterChain.java:162)
	at org.springframework.web.filter.CharacterEncodingFilter.doFilterInternal(CharacterEncodingFilter.java:201)
	at org.springframework.web.filter.OncePerRequestFilter.doFilter(OncePerRequestFilter.java:117)
	at org.apache.catalina.core.ApplicationFilterChain.internalDoFilter(ApplicationFilterChain.java:189)
	at org.apache.catalina.core.ApplicationFilterChain.doFilter(ApplicationFilterChain.java:162)
	at org.apache.catalina.core.StandardWrapperValve.invoke(StandardWrapperValve.java:177)
	at org.apache.catalina.core.StandardContextValve.invoke(StandardContextValve.java:97)
	at org.apache.catalina.authenticator.AuthenticatorBase.invoke(AuthenticatorBase.java:541)
	at org.apache.catalina.core.StandardHostValve.invoke(StandardHostValve.java:135)
	at org.apache.catalina.valves.ErrorReportValve.invoke(ErrorReportValve.java:92)
	at org.apache.catalina.core.StandardEngineValve.invoke(StandardEngineValve.java:78)
	at org.apache.catalina.connector.CoyoteAdapter.service(CoyoteAdapter.java:360)
	at org.apache.coyote.http11.Http11Processor.service(Http11Processor.java:399)
	at org.apache.coyote.AbstractProcessorLight.process(AbstractProcessorLight.java:65)
	at org.apache.coyote.AbstractProtocol$ConnectionHandler.process(AbstractProtocol.java:891)
	at org.apache.tomcat.util.net.NioEndpoint$SocketProcessor.doRun(NioEndpoint.java:1784)
	at org.apache.tomcat.util.net.SocketProcessorBase.run(SocketProcessorBase.java:49)
	at org.apache.tomcat.util.threads.ThreadPoolExecutor.runWorker(ThreadPoolExecutor.java:1191)
	at org.apache.tomcat.util.threads.ThreadPoolExecutor$Worker.run(ThreadPoolExecutor.java:659)
	at org.apache.tomcat.util.threads.TaskThread$WrappingRunnable.run(TaskThread.java:61)
	at java.base/java.lang.Thread.run(Thread.java:834)
Caused by: org.hibernate.exception.SQLGrammarException: could not extract ResultSet
	at org.hibernate.exception.internal.SQLStateConversionDelegate.convert(SQLStateConversionDelegate.java:103)
	at org.hibernate.exception.internal.StandardSQLExceptionConverter.convert(StandardSQLExceptionConverter.java:37)
	at org.hibernate.engine.jdbc.spi.SqlExceptionHelper.convert(SqlExceptionHelper.java:113)
	at org.hibernate.engine.jdbc.spi.SqlExceptionHelper.convert(SqlExceptionHelper.java:99)
	at org.hibernate.engine.jdbc.internal.ResultSetReturnImpl.extract(ResultSetReturnImpl.java:67)
	at org.hibernate.loader.Loader.getResultSet(Loader.java:2322)
	at org.hibernate.loader.Loader.executeQueryStatement(Loader.java:2075)
	at org.hibernate.loader.Loader.executeQueryStatement(Loader.java:2037)
	at org.hibernate.loader.Loader.doQuery(Loader.java:956)
	at org.hibernate.loader.Loader.doQueryAndInitializeNonLazyCollections(Loader.java:357)
	at org.hibernate.loader.Loader.doList(Loader.java:2868)
	at org.hibernate.loader.Loader.doList(Loader.java:2850)
	at org.hibernate.loader.Loader.listIgnoreQueryCache(Loader.java:2682)
	at org.hibernate.loader.Loader.list(Loader.java:2677)
	at org.hibernate.loader.custom.CustomLoader.list(CustomLoader.java:338)
	at org.hibernate.internal.SessionImpl.listCustomQuery(SessionImpl.java:2186)
	at org.hibernate.internal.AbstractSharedSessionContract.list(AbstractSharedSessionContract.java:1204)
	at org.hibernate.query.internal.NativeQueryImpl.doList(NativeQueryImpl.java:177)
	at org.hibernate.query.internal.AbstractProducedQuery.list(AbstractProducedQuery.java:1617)
	at org.hibernate.query.Query.getResultList(Query.java:165)
	at java.base/jdk.internal.reflect.NativeMethodAccessorImpl.invoke0(Native Method)
	at java.base/jdk.internal.reflect.NativeMethodAccessorImpl.invoke(NativeMethodAccessorImpl.java:62)
	at java.base/jdk.internal.reflect.DelegatingMethodAccessorImpl.invoke(DelegatingMethodAccessorImpl.java:43)
	at java.base/java.lang.reflect.Method.invoke(Method.java:566)
	at org.springframework.orm.jpa.SharedEntityManagerCreator$DeferredQueryInvocationHandler.invoke(SharedEntityManagerCreator.java:406)
	at com.sun.proxy.$Proxy185.getResultList(Unknown Source)
	at org.springframework.data.jpa.repository.query.JpaQueryExecution$CollectionExecution.doExecute(JpaQueryExecution.java:128)
	at org.springframework.data.jpa.repository.query.JpaQueryExecution.execute(JpaQueryExecution.java:90)
	at org.springframework.data.jpa.repository.query.AbstractJpaQuery.doExecute(AbstractJpaQuery.java:156)
	at org.springframework.data.jpa.repository.query.AbstractJpaQuery.execute(AbstractJpaQuery.java:144)
	at org.springframework.data.repository.core.support.RepositoryMethodInvoker.doInvoke(RepositoryMethodInvoker.java:137)
	at org.springframework.data.repository.core.support.RepositoryMethodInvoker.invoke(RepositoryMethodInvoker.java:121)
	at org.springframework.data.repository.core.support.QueryExecutorMethodInterceptor.doInvoke(QueryExecutorMethodInterceptor.java:160)
	at org.springframework.data.repository.core.support.QueryExecutorMethodInterceptor.invoke(QueryExecutorMethodInterceptor.java:139)
	at org.springframework.aop.framework.ReflectiveMethodInvocation.proceed(ReflectiveMethodInvocation.java:186)
	at org.springframework.data.projection.DefaultMethodInvokingMethodInterceptor.invoke(DefaultMethodInvokingMethodInterceptor.java:81)
	at org.springframework.aop.framework.ReflectiveMethodInvocation.proceed(ReflectiveMethodInvocation.java:186)
	at org.springframework.transaction.interceptor.TransactionInterceptor$1.proceedWithInvocation(TransactionInterceptor.java:123)
	at org.springframework.transaction.interceptor.TransactionAspectSupport.invokeWithinTransaction(TransactionAspectSupport.java:388)
	at org.springframework.transaction.interceptor.TransactionInterceptor.invoke(TransactionInterceptor.java:119)
	at org.springframework.aop.framework.ReflectiveMethodInvocation.proceed(ReflectiveMethodInvocation.java:186)
	at org.springframework.dao.support.PersistenceExceptionTranslationInterceptor.invoke(PersistenceExceptionTranslationInterceptor.java:137)
	... 117 common frames omitted
Caused by: com.microsoft.sqlserver.jdbc.SQLServerException: Invalid column name 'TotalRevenue'.
	at com.microsoft.sqlserver.jdbc.SQLServerException.makeFromDatabaseError(SQLServerException.java:265)
	at com.microsoft.sqlserver.jdbc.SQLServerStatement.getNextResult(SQLServerStatement.java:1676)
	at com.microsoft.sqlserver.jdbc.SQLServerPreparedStatement.doExecutePreparedStatement(SQLServerPreparedStatement.java:615)
	at com.microsoft.sqlserver.jdbc.SQLServerPreparedStatement$PrepStmtExecCmd.doExecute(SQLServerPreparedStatement.java:537)
	at com.microsoft.sqlserver.jdbc.TDSCommand.execute(IOBuffer.java:7664)
	at com.microsoft.sqlserver.jdbc.SQLServerConnection.executeCommand(SQLServerConnection.java:3791)
	at com.microsoft.sqlserver.jdbc.SQLServerStatement.executeCommand(SQLServerStatement.java:268)
	at com.microsoft.sqlserver.jdbc.SQLServerStatement.executeStatement(SQLServerStatement.java:242)
	at com.microsoft.sqlserver.jdbc.SQLServerPreparedStatement.executeQuery(SQLServerPreparedStatement.java:456)
	at com.zaxxer.hikari.pool.ProxyPreparedStatement.executeQuery(ProxyPreparedStatement.java:52)
	at com.zaxxer.hikari.pool.HikariProxyPreparedStatement.executeQuery(HikariProxyPreparedStatement.java)
	at org.hibernate.engine.jdbc.internal.ResultSetReturnImpl.extract(ResultSetReturnImpl.java:57)
	... 154 common frames omitted
[2023-04-16 09:03:49.550] INFO  [SpringApplicationShutdownHook] [o.s.o.j.LocalContainerEntityManagerFactoryBean] LocalContainerEntityManagerFactoryBean.destroy:651 - Closing JPA EntityManagerFactory for persistence unit 'default'
[2023-04-16 09:03:49.555] INFO  [SpringApplicationShutdownHook] [c.z.h.HikariDataSource] HikariDataSource.close:350 - HikariPool-1 - Shutdown initiated...
[2023-04-16 09:03:49.570] INFO  [SpringApplicationShutdownHook] [c.z.h.HikariDataSource] HikariDataSource.close:352 - HikariPool-1 - Shutdown completed.
[2023-04-16 09:03:57.320] INFO  [main] [c.h.t.ToiletMapBackEndApplication] ToiletMapBackEndApplication.logStarting:55 - Starting ToiletMapBackEndApplication using Java 11.0.16.1 on TienHuynhTN with PID 11504 (F:\FPT\Semester-9-Summer-2023\Capstone-Project\Implementation\toilet-map-back-end\target\classes started by tienhltse151104 in F:\FPT\Semester-9-Summer-2023\Capstone-Project\Implementation\toilet-map-back-end)
[2023-04-16 09:03:57.320] INFO  [main] [c.h.t.ToiletMapBackEndApplication] ToiletMapBackEndApplication.logStartupProfileInfo:637 - The following 2 profiles are active: "default", "prod"
[2023-04-16 09:03:58.370] INFO  [main] [o.s.d.r.c.RepositoryConfigurationDelegate] RepositoryConfigurationDelegate.registerRepositoriesIn:132 - Bootstrapping Spring Data JPA repositories in DEFAULT mode.
[2023-04-16 09:03:58.520] INFO  [main] [o.s.d.r.c.RepositoryConfigurationDelegate] RepositoryConfigurationDelegate.registerRepositoriesIn:201 - Finished Spring Data repository scanning in 131 ms. Found 15 JPA repository interfaces.
[2023-04-16 09:03:59.214] INFO  [main] [o.s.b.w.e.t.TomcatWebServer] TomcatWebServer.initialize:108 - Tomcat initialized with port(s): 8081 (http)
[2023-04-16 09:03:59.214] INFO  [main] [o.a.c.c.AprLifecycleListener] AprLifecycleListener.log:173 - Loaded Apache Tomcat Native library [1.2.35] using APR version [1.7.0].
[2023-04-16 09:03:59.214] INFO  [main] [o.a.c.c.AprLifecycleListener] AprLifecycleListener.log:173 - APR capabilities: IPv6 [true], sendfile [true], accept filters [false], random [true], UDS [true].
[2023-04-16 09:03:59.214] INFO  [main] [o.a.c.c.AprLifecycleListener] AprLifecycleListener.log:173 - APR/OpenSSL configuration: useAprConnector [false], useOpenSSL [true]
[2023-04-16 09:03:59.220] INFO  [main] [o.a.c.c.AprLifecycleListener] AprLifecycleListener.log:173 - OpenSSL successfully initialized [OpenSSL 1.1.1q  5 Jul 2022]
[2023-04-16 09:03:59.230] INFO  [main] [o.a.c.c.StandardService] StandardService.log:173 - Starting service [Tomcat]
[2023-04-16 09:03:59.230] INFO  [main] [o.a.c.c.StandardEngine] StandardEngine.log:173 - Starting Servlet engine: [Apache Tomcat/9.0.71]
[2023-04-16 09:03:59.370] INFO  [main] [o.a.c.c.C.[.[.[/]] [/].log:173 - Initializing Spring embedded WebApplicationContext
[2023-04-16 09:03:59.370] INFO  [main] [o.s.b.w.s.c.ServletWebServerApplicationContext] ServletWebServerApplicationContext.prepareWebApplicationContext:292 - Root WebApplicationContext: initialization completed in 1980 ms
[2023-04-16 09:03:59.871] INFO  [main] [o.h.j.i.u.LogHelper] LogHelper.logPersistenceUnitInformation:31 - HHH000204: Processing PersistenceUnitInfo [name: default]
[2023-04-16 09:03:59.926] INFO  [main] [o.h.Version] Version.logVersion:44 - HHH000412: Hibernate ORM core version 5.6.14.Final
[2023-04-16 09:04:00.120] INFO  [main] [o.h.a.c.Version] Version.<clinit>:56 - HCANN000001: Hibernate Commons Annotations {5.1.2.Final}
[2023-04-16 09:04:00.250] INFO  [main] [c.z.h.HikariDataSource] HikariDataSource.getConnection:110 - HikariPool-1 - Starting...
[2023-04-16 09:04:01.250] INFO  [main] [c.z.h.HikariDataSource] HikariDataSource.getConnection:123 - HikariPool-1 - Start completed.
[2023-04-16 09:04:01.275] INFO  [main] [o.h.d.Dialect] Dialect.<init>:175 - HHH000400: Using dialect: org.hibernate.dialect.SQLServer2012Dialect
[2023-04-16 09:04:02.380] INFO  [main] [o.h.e.t.j.p.i.JtaPlatformInitiator] JtaPlatformInitiator.initiateService:52 - HHH000490: Using JtaPlatform implementation: [org.hibernate.engine.transaction.jta.platform.internal.NoJtaPlatform]
[2023-04-16 09:04:02.396] INFO  [main] [o.s.o.j.LocalContainerEntityManagerFactoryBean] LocalContainerEntityManagerFactoryBean.buildNativeEntityManagerFactory:437 - Initialized JPA EntityManagerFactory for persistence unit 'default'
[2023-04-16 09:04:04.766] INFO  [main] [o.s.s.w.DefaultSecurityFilterChain] DefaultSecurityFilterChain.<init>:55 - Will secure any request with [org.springframework.security.web.session.DisableEncodeUrlFilter@55da6bf, org.springframework.security.web.context.request.async.WebAsyncManagerIntegrationFilter@3a0f5141, org.springframework.security.web.context.SecurityContextPersistenceFilter@5f93ec02, org.springframework.security.web.header.HeaderWriterFilter@7aad7df5, org.springframework.web.filter.CorsFilter@46059b73, org.springframework.security.web.authentication.logout.LogoutFilter@17b9c9ff, com.happy3friends.toiletmapbackend.sercurity.TokenAuthenticationFilter@188058fb, org.springframework.security.web.savedrequest.RequestCacheAwareFilter@4e22dadb, org.springframework.security.web.servletapi.SecurityContextHolderAwareRequestFilter@1930e8ef, org.springframework.security.web.authentication.AnonymousAuthenticationFilter@3b446d7, org.springframework.security.web.session.SessionManagementFilter@69cc3370, org.springframework.security.web.access.ExceptionTranslationFilter@2446597e, org.springframework.security.web.access.intercept.FilterSecurityInterceptor@40dcbf7]
[2023-04-16 09:04:05.125] INFO  [main] [o.s.b.w.e.t.TomcatWebServer] TomcatWebServer.start:220 - Tomcat started on port(s): 8081 (http) with context path ''
[2023-04-16 09:04:05.134] INFO  [main] [c.h.t.ToiletMapBackEndApplication] ToiletMapBackEndApplication.logStarted:61 - Started ToiletMapBackEndApplication in 8.539 seconds (JVM running for 9.819)
[2023-04-16 09:04:12.123] INFO  [http-nio-8081-exec-1] [o.a.c.c.C.[.[.[/]] [/].log:173 - Initializing Spring DispatcherServlet 'dispatcherServlet'
[2023-04-16 09:04:12.130] INFO  [http-nio-8081-exec-1] [o.s.w.s.DispatcherServlet] DispatcherServlet.initServletBean:525 - Initializing Servlet 'dispatcherServlet'
[2023-04-16 09:04:12.130] INFO  [http-nio-8081-exec-1] [o.s.w.s.DispatcherServlet] DispatcherServlet.initServletBean:547 - Completed initialization in 0 ms
[2023-04-16 09:04:12.934] WARN  [http-nio-8081-exec-1] [o.h.e.j.s.SqlExceptionHelper] SqlExceptionHelper.logExceptions:137 - SQL Error: 207, SQLState: S0001
[2023-04-16 09:04:12.934] ERROR [http-nio-8081-exec-1] [o.h.e.j.s.SqlExceptionHelper] SqlExceptionHelper.logExceptions:142 - Invalid column name 'TotalRevenue'.
[2023-04-16 09:04:12.951] ERROR [http-nio-8081-exec-1] [c.h.t.h.GlobalExceptionHandler] GlobalExceptionHandler.handleInternalServerException:31 - An exception occurred: 
org.springframework.dao.InvalidDataAccessResourceUsageException: could not extract ResultSet; SQL [n/a]; nested exception is org.hibernate.exception.SQLGrammarException: could not extract ResultSet
	at org.springframework.orm.jpa.vendor.HibernateJpaDialect.convertHibernateAccessException(HibernateJpaDialect.java:259)
	at org.springframework.orm.jpa.vendor.HibernateJpaDialect.translateExceptionIfPossible(HibernateJpaDialect.java:233)
	at org.springframework.orm.jpa.AbstractEntityManagerFactoryBean.translateExceptionIfPossible(AbstractEntityManagerFactoryBean.java:551)
	at org.springframework.dao.support.ChainedPersistenceExceptionTranslator.translateExceptionIfPossible(ChainedPersistenceExceptionTranslator.java:61)
	at org.springframework.dao.support.DataAccessUtils.translateIfNecessary(DataAccessUtils.java:242)
	at org.springframework.dao.support.PersistenceExceptionTranslationInterceptor.invoke(PersistenceExceptionTranslationInterceptor.java:152)
	at org.springframework.aop.framework.ReflectiveMethodInvocation.proceed(ReflectiveMethodInvocation.java:186)
	at org.springframework.data.jpa.repository.support.CrudMethodMetadataPostProcessor$CrudMethodMetadataPopulatingMethodInterceptor.invoke(CrudMethodMetadataPostProcessor.java:145)
	at org.springframework.aop.framework.ReflectiveMethodInvocation.proceed(ReflectiveMethodInvocation.java:186)
	at org.springframework.aop.interceptor.ExposeInvocationInterceptor.invoke(ExposeInvocationInterceptor.java:97)
	at org.springframework.aop.framework.ReflectiveMethodInvocation.proceed(ReflectiveMethodInvocation.java:186)
	at org.springframework.aop.framework.JdkDynamicAopProxy.invoke(JdkDynamicAopProxy.java:215)
	at com.sun.proxy.$Proxy163.getAllReportsByCompanyId(Unknown Source)
	at com.happy3friends.toiletmapbackend.service.serviceImpl.ReportServiceImpl.getAllReportsByCompanyId(ReportServiceImpl.java:59)
	at com.happy3friends.toiletmapbackend.service.serviceImpl.ReportServiceImpl.getAllReports(ReportServiceImpl.java:119)
	at com.happy3friends.toiletmapbackend.controller.ReportController.getAllReports(ReportController.java:139)
	at com.happy3friends.toiletmapbackend.controller.ReportController$$FastClassBySpringCGLIB$$bea7b752.invoke(<generated>)
	at org.springframework.cglib.proxy.MethodProxy.invoke(MethodProxy.java:218)
	at org.springframework.aop.framework.CglibAopProxy$CglibMethodInvocation.invokeJoinpoint(CglibAopProxy.java:793)
	at org.springframework.aop.framework.ReflectiveMethodInvocation.proceed(ReflectiveMethodInvocation.java:163)
	at org.springframework.aop.framework.CglibAopProxy$CglibMethodInvocation.proceed(CglibAopProxy.java:763)
	at org.springframework.security.access.intercept.aopalliance.MethodSecurityInterceptor.invoke(MethodSecurityInterceptor.java:61)
	at org.springframework.aop.framework.ReflectiveMethodInvocation.proceed(ReflectiveMethodInvocation.java:186)
	at org.springframework.aop.framework.CglibAopProxy$CglibMethodInvocation.proceed(CglibAopProxy.java:763)
	at org.springframework.aop.framework.CglibAopProxy$DynamicAdvisedInterceptor.intercept(CglibAopProxy.java:708)
	at com.happy3friends.toiletmapbackend.controller.ReportController$$EnhancerBySpringCGLIB$$17f3c516.getAllReports(<generated>)
	at java.base/jdk.internal.reflect.NativeMethodAccessorImpl.invoke0(Native Method)
	at java.base/jdk.internal.reflect.NativeMethodAccessorImpl.invoke(NativeMethodAccessorImpl.java:62)
	at java.base/jdk.internal.reflect.DelegatingMethodAccessorImpl.invoke(DelegatingMethodAccessorImpl.java:43)
	at java.base/java.lang.reflect.Method.invoke(Method.java:566)
	at org.springframework.web.method.support.InvocableHandlerMethod.doInvoke(InvocableHandlerMethod.java:205)
	at org.springframework.web.method.support.InvocableHandlerMethod.invokeForRequest(InvocableHandlerMethod.java:150)
	at org.springframework.web.servlet.mvc.method.annotation.ServletInvocableHandlerMethod.invokeAndHandle(ServletInvocableHandlerMethod.java:117)
	at org.springframework.web.servlet.mvc.method.annotation.RequestMappingHandlerAdapter.invokeHandlerMethod(RequestMappingHandlerAdapter.java:895)
	at org.springframework.web.servlet.mvc.method.annotation.RequestMappingHandlerAdapter.handleInternal(RequestMappingHandlerAdapter.java:808)
	at org.springframework.web.servlet.mvc.method.AbstractHandlerMethodAdapter.handle(AbstractHandlerMethodAdapter.java:87)
	at org.springframework.web.servlet.DispatcherServlet.doDispatch(DispatcherServlet.java:1071)
	at org.springframework.web.servlet.DispatcherServlet.doService(DispatcherServlet.java:964)
	at org.springframework.web.servlet.FrameworkServlet.processRequest(FrameworkServlet.java:1006)
	at org.springframework.web.servlet.FrameworkServlet.doGet(FrameworkServlet.java:898)
	at javax.servlet.http.HttpServlet.service(HttpServlet.java:670)
	at org.springframework.web.servlet.FrameworkServlet.service(FrameworkServlet.java:883)
	at javax.servlet.http.HttpServlet.service(HttpServlet.java:779)
	at org.apache.catalina.core.ApplicationFilterChain.internalDoFilter(ApplicationFilterChain.java:227)
	at org.apache.catalina.core.ApplicationFilterChain.doFilter(ApplicationFilterChain.java:162)
	at org.apache.tomcat.websocket.server.WsFilter.doFilter(WsFilter.java:53)
	at org.apache.catalina.core.ApplicationFilterChain.internalDoFilter(ApplicationFilterChain.java:189)
	at org.apache.catalina.core.ApplicationFilterChain.doFilter(ApplicationFilterChain.java:162)
	at org.springframework.web.filter.OncePerRequestFilter.doFilter(OncePerRequestFilter.java:111)
	at org.apache.catalina.core.ApplicationFilterChain.internalDoFilter(ApplicationFilterChain.java:189)
	at org.apache.catalina.core.ApplicationFilterChain.doFilter(ApplicationFilterChain.java:162)
	at org.springframework.security.web.FilterChainProxy$VirtualFilterChain.doFilter(FilterChainProxy.java:337)
	at org.springframework.security.web.access.intercept.FilterSecurityInterceptor.invoke(FilterSecurityInterceptor.java:115)
	at org.springframework.security.web.access.intercept.FilterSecurityInterceptor.doFilter(FilterSecurityInterceptor.java:81)
	at org.springframework.security.web.FilterChainProxy$VirtualFilterChain.doFilter(FilterChainProxy.java:346)
	at org.springframework.security.web.access.ExceptionTranslationFilter.doFilter(ExceptionTranslationFilter.java:122)
	at org.springframework.security.web.access.ExceptionTranslationFilter.doFilter(ExceptionTranslationFilter.java:116)
	at org.springframework.security.web.FilterChainProxy$VirtualFilterChain.doFilter(FilterChainProxy.java:346)
	at org.springframework.security.web.session.SessionManagementFilter.doFilter(SessionManagementFilter.java:126)
	at org.springframework.security.web.session.SessionManagementFilter.doFilter(SessionManagementFilter.java:81)
	at org.springframework.security.web.FilterChainProxy$VirtualFilterChain.doFilter(FilterChainProxy.java:346)
	at org.springframework.security.web.authentication.AnonymousAuthenticationFilter.doFilter(AnonymousAuthenticationFilter.java:109)
	at org.springframework.security.web.FilterChainProxy$VirtualFilterChain.doFilter(FilterChainProxy.java:346)
	at org.springframework.security.web.servletapi.SecurityContextHolderAwareRequestFilter.doFilter(SecurityContextHolderAwareRequestFilter.java:149)
	at org.springframework.security.web.FilterChainProxy$VirtualFilterChain.doFilter(FilterChainProxy.java:346)
	at org.springframework.security.web.savedrequest.RequestCacheAwareFilter.doFilter(RequestCacheAwareFilter.java:63)
	at org.springframework.security.web.FilterChainProxy$VirtualFilterChain.doFilter(FilterChainProxy.java:346)
	at com.happy3friends.toiletmapbackend.sercurity.TokenAuthenticationFilter.doFilterInternal(TokenAuthenticationFilter.java:65)
	at org.springframework.web.filter.OncePerRequestFilter.doFilter(OncePerRequestFilter.java:117)
	at org.springframework.security.web.FilterChainProxy$VirtualFilterChain.doFilter(FilterChainProxy.java:346)
	at org.springframework.security.web.authentication.logout.LogoutFilter.doFilter(LogoutFilter.java:103)
	at org.springframework.security.web.authentication.logout.LogoutFilter.doFilter(LogoutFilter.java:89)
	at org.springframework.security.web.FilterChainProxy$VirtualFilterChain.doFilter(FilterChainProxy.java:346)
	at org.springframework.web.filter.CorsFilter.doFilterInternal(CorsFilter.java:91)
	at org.springframework.web.filter.OncePerRequestFilter.doFilter(OncePerRequestFilter.java:117)
	at org.springframework.security.web.FilterChainProxy$VirtualFilterChain.doFilter(FilterChainProxy.java:346)
	at org.springframework.security.web.header.HeaderWriterFilter.doHeadersAfter(HeaderWriterFilter.java:90)
	at org.springframework.security.web.header.HeaderWriterFilter.doFilterInternal(HeaderWriterFilter.java:75)
	at org.springframework.web.filter.OncePerRequestFilter.doFilter(OncePerRequestFilter.java:117)
	at org.springframework.security.web.FilterChainProxy$VirtualFilterChain.doFilter(FilterChainProxy.java:346)
	at org.springframework.security.web.context.SecurityContextPersistenceFilter.doFilter(SecurityContextPersistenceFilter.java:112)
	at org.springframework.security.web.context.SecurityContextPersistenceFilter.doFilter(SecurityContextPersistenceFilter.java:82)
	at org.springframework.security.web.FilterChainProxy$VirtualFilterChain.doFilter(FilterChainProxy.java:346)
	at org.springframework.security.web.context.request.async.WebAsyncManagerIntegrationFilter.doFilterInternal(WebAsyncManagerIntegrationFilter.java:55)
	at org.springframework.web.filter.OncePerRequestFilter.doFilter(OncePerRequestFilter.java:117)
	at org.springframework.security.web.FilterChainProxy$VirtualFilterChain.doFilter(FilterChainProxy.java:346)
	at org.springframework.security.web.session.DisableEncodeUrlFilter.doFilterInternal(DisableEncodeUrlFilter.java:42)
	at org.springframework.web.filter.OncePerRequestFilter.doFilter(OncePerRequestFilter.java:117)
	at org.springframework.security.web.FilterChainProxy$VirtualFilterChain.doFilter(FilterChainProxy.java:346)
	at org.springframework.security.web.FilterChainProxy.doFilterInternal(FilterChainProxy.java:221)
	at org.springframework.security.web.FilterChainProxy.doFilter(FilterChainProxy.java:186)
	at org.springframework.web.filter.DelegatingFilterProxy.invokeDelegate(DelegatingFilterProxy.java:354)
	at org.springframework.web.filter.DelegatingFilterProxy.doFilter(DelegatingFilterProxy.java:267)
	at org.apache.catalina.core.ApplicationFilterChain.internalDoFilter(ApplicationFilterChain.java:189)
	at org.apache.catalina.core.ApplicationFilterChain.doFilter(ApplicationFilterChain.java:162)
	at org.springframework.web.filter.RequestContextFilter.doFilterInternal(RequestContextFilter.java:100)
	at org.springframework.web.filter.OncePerRequestFilter.doFilter(OncePerRequestFilter.java:117)
	at org.apache.catalina.core.ApplicationFilterChain.internalDoFilter(ApplicationFilterChain.java:189)
	at org.apache.catalina.core.ApplicationFilterChain.doFilter(ApplicationFilterChain.java:162)
	at org.springframework.web.filter.FormContentFilter.doFilterInternal(FormContentFilter.java:93)
	at org.springframework.web.filter.OncePerRequestFilter.doFilter(OncePerRequestFilter.java:117)
	at org.apache.catalina.core.ApplicationFilterChain.internalDoFilter(ApplicationFilterChain.java:189)
	at org.apache.catalina.core.ApplicationFilterChain.doFilter(ApplicationFilterChain.java:162)
	at org.springframework.web.filter.CharacterEncodingFilter.doFilterInternal(CharacterEncodingFilter.java:201)
	at org.springframework.web.filter.OncePerRequestFilter.doFilter(OncePerRequestFilter.java:117)
	at org.apache.catalina.core.ApplicationFilterChain.internalDoFilter(ApplicationFilterChain.java:189)
	at org.apache.catalina.core.ApplicationFilterChain.doFilter(ApplicationFilterChain.java:162)
	at org.apache.catalina.core.StandardWrapperValve.invoke(StandardWrapperValve.java:177)
	at org.apache.catalina.core.StandardContextValve.invoke(StandardContextValve.java:97)
	at org.apache.catalina.authenticator.AuthenticatorBase.invoke(AuthenticatorBase.java:541)
	at org.apache.catalina.core.StandardHostValve.invoke(StandardHostValve.java:135)
	at org.apache.catalina.valves.ErrorReportValve.invoke(ErrorReportValve.java:92)
	at org.apache.catalina.core.StandardEngineValve.invoke(StandardEngineValve.java:78)
	at org.apache.catalina.connector.CoyoteAdapter.service(CoyoteAdapter.java:360)
	at org.apache.coyote.http11.Http11Processor.service(Http11Processor.java:399)
	at org.apache.coyote.AbstractProcessorLight.process(AbstractProcessorLight.java:65)
	at org.apache.coyote.AbstractProtocol$ConnectionHandler.process(AbstractProtocol.java:891)
	at org.apache.tomcat.util.net.NioEndpoint$SocketProcessor.doRun(NioEndpoint.java:1784)
	at org.apache.tomcat.util.net.SocketProcessorBase.run(SocketProcessorBase.java:49)
	at org.apache.tomcat.util.threads.ThreadPoolExecutor.runWorker(ThreadPoolExecutor.java:1191)
	at org.apache.tomcat.util.threads.ThreadPoolExecutor$Worker.run(ThreadPoolExecutor.java:659)
	at org.apache.tomcat.util.threads.TaskThread$WrappingRunnable.run(TaskThread.java:61)
	at java.base/java.lang.Thread.run(Thread.java:834)
Caused by: org.hibernate.exception.SQLGrammarException: could not extract ResultSet
	at org.hibernate.exception.internal.SQLStateConversionDelegate.convert(SQLStateConversionDelegate.java:103)
	at org.hibernate.exception.internal.StandardSQLExceptionConverter.convert(StandardSQLExceptionConverter.java:37)
	at org.hibernate.engine.jdbc.spi.SqlExceptionHelper.convert(SqlExceptionHelper.java:113)
	at org.hibernate.engine.jdbc.spi.SqlExceptionHelper.convert(SqlExceptionHelper.java:99)
	at org.hibernate.engine.jdbc.internal.ResultSetReturnImpl.extract(ResultSetReturnImpl.java:67)
	at org.hibernate.loader.Loader.getResultSet(Loader.java:2322)
	at org.hibernate.loader.Loader.executeQueryStatement(Loader.java:2075)
	at org.hibernate.loader.Loader.executeQueryStatement(Loader.java:2037)
	at org.hibernate.loader.Loader.doQuery(Loader.java:956)
	at org.hibernate.loader.Loader.doQueryAndInitializeNonLazyCollections(Loader.java:357)
	at org.hibernate.loader.Loader.doList(Loader.java:2868)
	at org.hibernate.loader.Loader.doList(Loader.java:2850)
	at org.hibernate.loader.Loader.listIgnoreQueryCache(Loader.java:2682)
	at org.hibernate.loader.Loader.list(Loader.java:2677)
	at org.hibernate.loader.custom.CustomLoader.list(CustomLoader.java:338)
	at org.hibernate.internal.SessionImpl.listCustomQuery(SessionImpl.java:2186)
	at org.hibernate.internal.AbstractSharedSessionContract.list(AbstractSharedSessionContract.java:1204)
	at org.hibernate.query.internal.NativeQueryImpl.doList(NativeQueryImpl.java:177)
	at org.hibernate.query.internal.AbstractProducedQuery.list(AbstractProducedQuery.java:1617)
	at org.hibernate.query.Query.getResultList(Query.java:165)
	at java.base/jdk.internal.reflect.NativeMethodAccessorImpl.invoke0(Native Method)
	at java.base/jdk.internal.reflect.NativeMethodAccessorImpl.invoke(NativeMethodAccessorImpl.java:62)
	at java.base/jdk.internal.reflect.DelegatingMethodAccessorImpl.invoke(DelegatingMethodAccessorImpl.java:43)
	at java.base/java.lang.reflect.Method.invoke(Method.java:566)
	at org.springframework.orm.jpa.SharedEntityManagerCreator$DeferredQueryInvocationHandler.invoke(SharedEntityManagerCreator.java:406)
	at com.sun.proxy.$Proxy185.getResultList(Unknown Source)
	at org.springframework.data.jpa.repository.query.JpaQueryExecution$CollectionExecution.doExecute(JpaQueryExecution.java:128)
	at org.springframework.data.jpa.repository.query.JpaQueryExecution.execute(JpaQueryExecution.java:90)
	at org.springframework.data.jpa.repository.query.AbstractJpaQuery.doExecute(AbstractJpaQuery.java:156)
	at org.springframework.data.jpa.repository.query.AbstractJpaQuery.execute(AbstractJpaQuery.java:144)
	at org.springframework.data.repository.core.support.RepositoryMethodInvoker.doInvoke(RepositoryMethodInvoker.java:137)
	at org.springframework.data.repository.core.support.RepositoryMethodInvoker.invoke(RepositoryMethodInvoker.java:121)
	at org.springframework.data.repository.core.support.QueryExecutorMethodInterceptor.doInvoke(QueryExecutorMethodInterceptor.java:160)
	at org.springframework.data.repository.core.support.QueryExecutorMethodInterceptor.invoke(QueryExecutorMethodInterceptor.java:139)
	at org.springframework.aop.framework.ReflectiveMethodInvocation.proceed(ReflectiveMethodInvocation.java:186)
	at org.springframework.data.projection.DefaultMethodInvokingMethodInterceptor.invoke(DefaultMethodInvokingMethodInterceptor.java:81)
	at org.springframework.aop.framework.ReflectiveMethodInvocation.proceed(ReflectiveMethodInvocation.java:186)
	at org.springframework.transaction.interceptor.TransactionInterceptor$1.proceedWithInvocation(TransactionInterceptor.java:123)
	at org.springframework.transaction.interceptor.TransactionAspectSupport.invokeWithinTransaction(TransactionAspectSupport.java:388)
	at org.springframework.transaction.interceptor.TransactionInterceptor.invoke(TransactionInterceptor.java:119)
	at org.springframework.aop.framework.ReflectiveMethodInvocation.proceed(ReflectiveMethodInvocation.java:186)
	at org.springframework.dao.support.PersistenceExceptionTranslationInterceptor.invoke(PersistenceExceptionTranslationInterceptor.java:137)
	... 117 common frames omitted
Caused by: com.microsoft.sqlserver.jdbc.SQLServerException: Invalid column name 'TotalRevenue'.
	at com.microsoft.sqlserver.jdbc.SQLServerException.makeFromDatabaseError(SQLServerException.java:265)
	at com.microsoft.sqlserver.jdbc.SQLServerStatement.getNextResult(SQLServerStatement.java:1676)
	at com.microsoft.sqlserver.jdbc.SQLServerPreparedStatement.doExecutePreparedStatement(SQLServerPreparedStatement.java:615)
	at com.microsoft.sqlserver.jdbc.SQLServerPreparedStatement$PrepStmtExecCmd.doExecute(SQLServerPreparedStatement.java:537)
	at com.microsoft.sqlserver.jdbc.TDSCommand.execute(IOBuffer.java:7664)
	at com.microsoft.sqlserver.jdbc.SQLServerConnection.executeCommand(SQLServerConnection.java:3791)
	at com.microsoft.sqlserver.jdbc.SQLServerStatement.executeCommand(SQLServerStatement.java:268)
	at com.microsoft.sqlserver.jdbc.SQLServerStatement.executeStatement(SQLServerStatement.java:242)
	at com.microsoft.sqlserver.jdbc.SQLServerPreparedStatement.executeQuery(SQLServerPreparedStatement.java:456)
	at com.zaxxer.hikari.pool.ProxyPreparedStatement.executeQuery(ProxyPreparedStatement.java:52)
	at com.zaxxer.hikari.pool.HikariProxyPreparedStatement.executeQuery(HikariProxyPreparedStatement.java)
	at org.hibernate.engine.jdbc.internal.ResultSetReturnImpl.extract(ResultSetReturnImpl.java:57)
	... 154 common frames omitted
[2023-04-16 09:05:44.774] INFO  [SpringApplicationShutdownHook] [o.s.o.j.LocalContainerEntityManagerFactoryBean] LocalContainerEntityManagerFactoryBean.destroy:651 - Closing JPA EntityManagerFactory for persistence unit 'default'
[2023-04-16 09:05:44.774] INFO  [SpringApplicationShutdownHook] [c.z.h.HikariDataSource] HikariDataSource.close:350 - HikariPool-1 - Shutdown initiated...
[2023-04-16 09:05:44.780] INFO  [SpringApplicationShutdownHook] [c.z.h.HikariDataSource] HikariDataSource.close:352 - HikariPool-1 - Shutdown completed.
[2023-04-16 09:05:49.952] INFO  [main] [c.h.t.ToiletMapBackEndApplication] ToiletMapBackEndApplication.logStarting:55 - Starting ToiletMapBackEndApplication using Java 11.0.16.1 on TienHuynhTN with PID 1528 (F:\FPT\Semester-9-Summer-2023\Capstone-Project\Implementation\toilet-map-back-end\target\classes started by tienhltse151104 in F:\FPT\Semester-9-Summer-2023\Capstone-Project\Implementation\toilet-map-back-end)
[2023-04-16 09:05:49.960] INFO  [main] [c.h.t.ToiletMapBackEndApplication] ToiletMapBackEndApplication.logStartupProfileInfo:637 - The following 2 profiles are active: "default", "prod"
[2023-04-16 09:05:50.969] INFO  [main] [o.s.d.r.c.RepositoryConfigurationDelegate] RepositoryConfigurationDelegate.registerRepositoriesIn:132 - Bootstrapping Spring Data JPA repositories in DEFAULT mode.
[2023-04-16 09:05:51.116] INFO  [main] [o.s.d.r.c.RepositoryConfigurationDelegate] RepositoryConfigurationDelegate.registerRepositoriesIn:201 - Finished Spring Data repository scanning in 137 ms. Found 15 JPA repository interfaces.
[2023-04-16 09:05:51.730] INFO  [main] [o.s.b.w.e.t.TomcatWebServer] TomcatWebServer.initialize:108 - Tomcat initialized with port(s): 8081 (http)
[2023-04-16 09:05:51.730] INFO  [main] [o.a.c.c.AprLifecycleListener] AprLifecycleListener.log:173 - Loaded Apache Tomcat Native library [1.2.35] using APR version [1.7.0].
[2023-04-16 09:05:51.730] INFO  [main] [o.a.c.c.AprLifecycleListener] AprLifecycleListener.log:173 - APR capabilities: IPv6 [true], sendfile [true], accept filters [false], random [true], UDS [true].
[2023-04-16 09:05:51.730] INFO  [main] [o.a.c.c.AprLifecycleListener] AprLifecycleListener.log:173 - APR/OpenSSL configuration: useAprConnector [false], useOpenSSL [true]
[2023-04-16 09:05:51.740] INFO  [main] [o.a.c.c.AprLifecycleListener] AprLifecycleListener.log:173 - OpenSSL successfully initialized [OpenSSL 1.1.1q  5 Jul 2022]
[2023-04-16 09:05:51.744] INFO  [main] [o.a.c.c.StandardService] StandardService.log:173 - Starting service [Tomcat]
[2023-04-16 09:05:51.750] INFO  [main] [o.a.c.c.StandardEngine] StandardEngine.log:173 - Starting Servlet engine: [Apache Tomcat/9.0.71]
[2023-04-16 09:05:51.865] INFO  [main] [o.a.c.c.C.[.[.[/]] [/].log:173 - Initializing Spring embedded WebApplicationContext
[2023-04-16 09:05:51.865] INFO  [main] [o.s.b.w.s.c.ServletWebServerApplicationContext] ServletWebServerApplicationContext.prepareWebApplicationContext:292 - Root WebApplicationContext: initialization completed in 1840 ms
[2023-04-16 09:05:52.285] INFO  [main] [o.h.j.i.u.LogHelper] LogHelper.logPersistenceUnitInformation:31 - HHH000204: Processing PersistenceUnitInfo [name: default]
[2023-04-16 09:05:52.330] INFO  [main] [o.h.Version] Version.logVersion:44 - HHH000412: Hibernate ORM core version 5.6.14.Final
[2023-04-16 09:05:52.490] INFO  [main] [o.h.a.c.Version] Version.<clinit>:56 - HCANN000001: Hibernate Commons Annotations {5.1.2.Final}
[2023-04-16 09:05:52.612] INFO  [main] [c.z.h.HikariDataSource] HikariDataSource.getConnection:110 - HikariPool-1 - Starting...
[2023-04-16 09:05:53.430] INFO  [main] [c.z.h.HikariDataSource] HikariDataSource.getConnection:123 - HikariPool-1 - Start completed.
[2023-04-16 09:05:53.450] INFO  [main] [o.h.d.Dialect] Dialect.<init>:175 - HHH000400: Using dialect: org.hibernate.dialect.SQLServer2012Dialect
[2023-04-16 09:05:54.520] INFO  [main] [o.h.e.t.j.p.i.JtaPlatformInitiator] JtaPlatformInitiator.initiateService:52 - HHH000490: Using JtaPlatform implementation: [org.hibernate.engine.transaction.jta.platform.internal.NoJtaPlatform]
[2023-04-16 09:05:54.530] INFO  [main] [o.s.o.j.LocalContainerEntityManagerFactoryBean] LocalContainerEntityManagerFactoryBean.buildNativeEntityManagerFactory:437 - Initialized JPA EntityManagerFactory for persistence unit 'default'
[2023-04-16 09:05:56.550] INFO  [main] [o.s.s.w.DefaultSecurityFilterChain] DefaultSecurityFilterChain.<init>:55 - Will secure any request with [org.springframework.security.web.session.DisableEncodeUrlFilter@1ddc5857, org.springframework.security.web.context.request.async.WebAsyncManagerIntegrationFilter@6f0df74, org.springframework.security.web.context.SecurityContextPersistenceFilter@350ede1, org.springframework.security.web.header.HeaderWriterFilter@f943847, org.springframework.web.filter.CorsFilter@42bbd21c, org.springframework.security.web.authentication.logout.LogoutFilter@225890bc, com.happy3friends.toiletmapbackend.sercurity.TokenAuthenticationFilter@69c6e5, org.springframework.security.web.savedrequest.RequestCacheAwareFilter@65852d05, org.springframework.security.web.servletapi.SecurityContextHolderAwareRequestFilter@20524816, org.springframework.security.web.authentication.AnonymousAuthenticationFilter@57f1fbae, org.springframework.security.web.session.SessionManagementFilter@47596e9, org.springframework.security.web.access.ExceptionTranslationFilter@e38d655, org.springframework.security.web.access.intercept.FilterSecurityInterceptor@7021bb55]
[2023-04-16 09:05:56.890] INFO  [main] [o.s.b.w.e.t.TomcatWebServer] TomcatWebServer.start:220 - Tomcat started on port(s): 8081 (http) with context path ''
[2023-04-16 09:05:56.900] INFO  [main] [c.h.t.ToiletMapBackEndApplication] ToiletMapBackEndApplication.logStarted:61 - Started ToiletMapBackEndApplication in 7.616 seconds (JVM running for 9.012)
[2023-04-16 09:07:10.970] INFO  [http-nio-8081-exec-1] [o.a.c.c.C.[.[.[/]] [/].log:173 - Initializing Spring DispatcherServlet 'dispatcherServlet'
[2023-04-16 09:07:10.970] INFO  [http-nio-8081-exec-1] [o.s.w.s.DispatcherServlet] DispatcherServlet.initServletBean:525 - Initializing Servlet 'dispatcherServlet'
[2023-04-16 09:07:10.970] INFO  [http-nio-8081-exec-1] [o.s.w.s.DispatcherServlet] DispatcherServlet.initServletBean:547 - Completed initialization in 0 ms
[2023-04-16 09:07:12.380] INFO  [http-nio-8081-exec-8] [o.s.a.AbstractOpenApiResource] AbstractOpenApiResource.getOpenApi:398 - Init duration for springdoc-openapi is: 555 ms
[2023-04-16 09:09:00.634] WARN  [http-nio-8081-exec-4] [o.h.e.j.s.SqlExceptionHelper] SqlExceptionHelper.logExceptions:137 - SQL Error: 207, SQLState: S0001
[2023-04-16 09:09:00.635] ERROR [http-nio-8081-exec-4] [o.h.e.j.s.SqlExceptionHelper] SqlExceptionHelper.logExceptions:142 - Invalid column name 'TotalRevenue'.
[2023-04-16 09:09:00.656] ERROR [http-nio-8081-exec-4] [c.h.t.h.GlobalExceptionHandler] GlobalExceptionHandler.handleInternalServerException:31 - An exception occurred: 
org.springframework.dao.InvalidDataAccessResourceUsageException: could not extract ResultSet; SQL [n/a]; nested exception is org.hibernate.exception.SQLGrammarException: could not extract ResultSet
	at org.springframework.orm.jpa.vendor.HibernateJpaDialect.convertHibernateAccessException(HibernateJpaDialect.java:259)
	at org.springframework.orm.jpa.vendor.HibernateJpaDialect.translateExceptionIfPossible(HibernateJpaDialect.java:233)
	at org.springframework.orm.jpa.AbstractEntityManagerFactoryBean.translateExceptionIfPossible(AbstractEntityManagerFactoryBean.java:551)
	at org.springframework.dao.support.ChainedPersistenceExceptionTranslator.translateExceptionIfPossible(ChainedPersistenceExceptionTranslator.java:61)
	at org.springframework.dao.support.DataAccessUtils.translateIfNecessary(DataAccessUtils.java:242)
	at org.springframework.dao.support.PersistenceExceptionTranslationInterceptor.invoke(PersistenceExceptionTranslationInterceptor.java:152)
	at org.springframework.aop.framework.ReflectiveMethodInvocation.proceed(ReflectiveMethodInvocation.java:186)
	at org.springframework.data.jpa.repository.support.CrudMethodMetadataPostProcessor$CrudMethodMetadataPopulatingMethodInterceptor.invoke(CrudMethodMetadataPostProcessor.java:145)
	at org.springframework.aop.framework.ReflectiveMethodInvocation.proceed(ReflectiveMethodInvocation.java:186)
	at org.springframework.aop.interceptor.ExposeInvocationInterceptor.invoke(ExposeInvocationInterceptor.java:97)
	at org.springframework.aop.framework.ReflectiveMethodInvocation.proceed(ReflectiveMethodInvocation.java:186)
	at org.springframework.aop.framework.JdkDynamicAopProxy.invoke(JdkDynamicAopProxy.java:215)
	at com.sun.proxy.$Proxy163.getAllReports(Unknown Source)
	at com.happy3friends.toiletmapbackend.service.serviceImpl.ReportServiceImpl.getAllReports(ReportServiceImpl.java:89)
	at com.happy3friends.toiletmapbackend.service.serviceImpl.ReportServiceImpl.getAllReports(ReportServiceImpl.java:123)
	at com.happy3friends.toiletmapbackend.controller.ReportController.getAllReports(ReportController.java:139)
	at com.happy3friends.toiletmapbackend.controller.ReportController$$FastClassBySpringCGLIB$$bea7b752.invoke(<generated>)
	at org.springframework.cglib.proxy.MethodProxy.invoke(MethodProxy.java:218)
	at org.springframework.aop.framework.CglibAopProxy$CglibMethodInvocation.invokeJoinpoint(CglibAopProxy.java:793)
	at org.springframework.aop.framework.ReflectiveMethodInvocation.proceed(ReflectiveMethodInvocation.java:163)
	at org.springframework.aop.framework.CglibAopProxy$CglibMethodInvocation.proceed(CglibAopProxy.java:763)
	at org.springframework.security.access.intercept.aopalliance.MethodSecurityInterceptor.invoke(MethodSecurityInterceptor.java:61)
	at org.springframework.aop.framework.ReflectiveMethodInvocation.proceed(ReflectiveMethodInvocation.java:186)
	at org.springframework.aop.framework.CglibAopProxy$CglibMethodInvocation.proceed(CglibAopProxy.java:763)
	at org.springframework.aop.framework.CglibAopProxy$DynamicAdvisedInterceptor.intercept(CglibAopProxy.java:708)
	at com.happy3friends.toiletmapbackend.controller.ReportController$$EnhancerBySpringCGLIB$$50554c6e.getAllReports(<generated>)
	at java.base/jdk.internal.reflect.NativeMethodAccessorImpl.invoke0(Native Method)
	at java.base/jdk.internal.reflect.NativeMethodAccessorImpl.invoke(NativeMethodAccessorImpl.java:62)
	at java.base/jdk.internal.reflect.DelegatingMethodAccessorImpl.invoke(DelegatingMethodAccessorImpl.java:43)
	at java.base/java.lang.reflect.Method.invoke(Method.java:566)
	at org.springframework.web.method.support.InvocableHandlerMethod.doInvoke(InvocableHandlerMethod.java:205)
	at org.springframework.web.method.support.InvocableHandlerMethod.invokeForRequest(InvocableHandlerMethod.java:150)
	at org.springframework.web.servlet.mvc.method.annotation.ServletInvocableHandlerMethod.invokeAndHandle(ServletInvocableHandlerMethod.java:117)
	at org.springframework.web.servlet.mvc.method.annotation.RequestMappingHandlerAdapter.invokeHandlerMethod(RequestMappingHandlerAdapter.java:895)
	at org.springframework.web.servlet.mvc.method.annotation.RequestMappingHandlerAdapter.handleInternal(RequestMappingHandlerAdapter.java:808)
	at org.springframework.web.servlet.mvc.method.AbstractHandlerMethodAdapter.handle(AbstractHandlerMethodAdapter.java:87)
	at org.springframework.web.servlet.DispatcherServlet.doDispatch(DispatcherServlet.java:1071)
	at org.springframework.web.servlet.DispatcherServlet.doService(DispatcherServlet.java:964)
	at org.springframework.web.servlet.FrameworkServlet.processRequest(FrameworkServlet.java:1006)
	at org.springframework.web.servlet.FrameworkServlet.doGet(FrameworkServlet.java:898)
	at javax.servlet.http.HttpServlet.service(HttpServlet.java:670)
	at org.springframework.web.servlet.FrameworkServlet.service(FrameworkServlet.java:883)
	at javax.servlet.http.HttpServlet.service(HttpServlet.java:779)
	at org.apache.catalina.core.ApplicationFilterChain.internalDoFilter(ApplicationFilterChain.java:227)
	at org.apache.catalina.core.ApplicationFilterChain.doFilter(ApplicationFilterChain.java:162)
	at org.apache.tomcat.websocket.server.WsFilter.doFilter(WsFilter.java:53)
	at org.apache.catalina.core.ApplicationFilterChain.internalDoFilter(ApplicationFilterChain.java:189)
	at org.apache.catalina.core.ApplicationFilterChain.doFilter(ApplicationFilterChain.java:162)
	at org.springframework.web.filter.OncePerRequestFilter.doFilter(OncePerRequestFilter.java:111)
	at org.apache.catalina.core.ApplicationFilterChain.internalDoFilter(ApplicationFilterChain.java:189)
	at org.apache.catalina.core.ApplicationFilterChain.doFilter(ApplicationFilterChain.java:162)
	at org.springframework.security.web.FilterChainProxy$VirtualFilterChain.doFilter(FilterChainProxy.java:337)
	at org.springframework.security.web.access.intercept.FilterSecurityInterceptor.invoke(FilterSecurityInterceptor.java:115)
	at org.springframework.security.web.access.intercept.FilterSecurityInterceptor.doFilter(FilterSecurityInterceptor.java:81)
	at org.springframework.security.web.FilterChainProxy$VirtualFilterChain.doFilter(FilterChainProxy.java:346)
	at org.springframework.security.web.access.ExceptionTranslationFilter.doFilter(ExceptionTranslationFilter.java:122)
	at org.springframework.security.web.access.ExceptionTranslationFilter.doFilter(ExceptionTranslationFilter.java:116)
	at org.springframework.security.web.FilterChainProxy$VirtualFilterChain.doFilter(FilterChainProxy.java:346)
	at org.springframework.security.web.session.SessionManagementFilter.doFilter(SessionManagementFilter.java:126)
	at org.springframework.security.web.session.SessionManagementFilter.doFilter(SessionManagementFilter.java:81)
	at org.springframework.security.web.FilterChainProxy$VirtualFilterChain.doFilter(FilterChainProxy.java:346)
	at org.springframework.security.web.authentication.AnonymousAuthenticationFilter.doFilter(AnonymousAuthenticationFilter.java:109)
	at org.springframework.security.web.FilterChainProxy$VirtualFilterChain.doFilter(FilterChainProxy.java:346)
	at org.springframework.security.web.servletapi.SecurityContextHolderAwareRequestFilter.doFilter(SecurityContextHolderAwareRequestFilter.java:149)
	at org.springframework.security.web.FilterChainProxy$VirtualFilterChain.doFilter(FilterChainProxy.java:346)
	at org.springframework.security.web.savedrequest.RequestCacheAwareFilter.doFilter(RequestCacheAwareFilter.java:63)
	at org.springframework.security.web.FilterChainProxy$VirtualFilterChain.doFilter(FilterChainProxy.java:346)
	at com.happy3friends.toiletmapbackend.sercurity.TokenAuthenticationFilter.doFilterInternal(TokenAuthenticationFilter.java:65)
	at org.springframework.web.filter.OncePerRequestFilter.doFilter(OncePerRequestFilter.java:117)
	at org.springframework.security.web.FilterChainProxy$VirtualFilterChain.doFilter(FilterChainProxy.java:346)
	at org.springframework.security.web.authentication.logout.LogoutFilter.doFilter(LogoutFilter.java:103)
	at org.springframework.security.web.authentication.logout.LogoutFilter.doFilter(LogoutFilter.java:89)
	at org.springframework.security.web.FilterChainProxy$VirtualFilterChain.doFilter(FilterChainProxy.java:346)
	at org.springframework.web.filter.CorsFilter.doFilterInternal(CorsFilter.java:91)
	at org.springframework.web.filter.OncePerRequestFilter.doFilter(OncePerRequestFilter.java:117)
	at org.springframework.security.web.FilterChainProxy$VirtualFilterChain.doFilter(FilterChainProxy.java:346)
	at org.springframework.security.web.header.HeaderWriterFilter.doHeadersAfter(HeaderWriterFilter.java:90)
	at org.springframework.security.web.header.HeaderWriterFilter.doFilterInternal(HeaderWriterFilter.java:75)
	at org.springframework.web.filter.OncePerRequestFilter.doFilter(OncePerRequestFilter.java:117)
	at org.springframework.security.web.FilterChainProxy$VirtualFilterChain.doFilter(FilterChainProxy.java:346)
	at org.springframework.security.web.context.SecurityContextPersistenceFilter.doFilter(SecurityContextPersistenceFilter.java:112)
	at org.springframework.security.web.context.SecurityContextPersistenceFilter.doFilter(SecurityContextPersistenceFilter.java:82)
	at org.springframework.security.web.FilterChainProxy$VirtualFilterChain.doFilter(FilterChainProxy.java:346)
	at org.springframework.security.web.context.request.async.WebAsyncManagerIntegrationFilter.doFilterInternal(WebAsyncManagerIntegrationFilter.java:55)
	at org.springframework.web.filter.OncePerRequestFilter.doFilter(OncePerRequestFilter.java:117)
	at org.springframework.security.web.FilterChainProxy$VirtualFilterChain.doFilter(FilterChainProxy.java:346)
	at org.springframework.security.web.session.DisableEncodeUrlFilter.doFilterInternal(DisableEncodeUrlFilter.java:42)
	at org.springframework.web.filter.OncePerRequestFilter.doFilter(OncePerRequestFilter.java:117)
	at org.springframework.security.web.FilterChainProxy$VirtualFilterChain.doFilter(FilterChainProxy.java:346)
	at org.springframework.security.web.FilterChainProxy.doFilterInternal(FilterChainProxy.java:221)
	at org.springframework.security.web.FilterChainProxy.doFilter(FilterChainProxy.java:186)
	at org.springframework.web.filter.DelegatingFilterProxy.invokeDelegate(DelegatingFilterProxy.java:354)
	at org.springframework.web.filter.DelegatingFilterProxy.doFilter(DelegatingFilterProxy.java:267)
	at org.apache.catalina.core.ApplicationFilterChain.internalDoFilter(ApplicationFilterChain.java:189)
	at org.apache.catalina.core.ApplicationFilterChain.doFilter(ApplicationFilterChain.java:162)
	at org.springframework.web.filter.RequestContextFilter.doFilterInternal(RequestContextFilter.java:100)
	at org.springframework.web.filter.OncePerRequestFilter.doFilter(OncePerRequestFilter.java:117)
	at org.apache.catalina.core.ApplicationFilterChain.internalDoFilter(ApplicationFilterChain.java:189)
	at org.apache.catalina.core.ApplicationFilterChain.doFilter(ApplicationFilterChain.java:162)
	at org.springframework.web.filter.FormContentFilter.doFilterInternal(FormContentFilter.java:93)
	at org.springframework.web.filter.OncePerRequestFilter.doFilter(OncePerRequestFilter.java:117)
	at org.apache.catalina.core.ApplicationFilterChain.internalDoFilter(ApplicationFilterChain.java:189)
	at org.apache.catalina.core.ApplicationFilterChain.doFilter(ApplicationFilterChain.java:162)
	at org.springframework.web.filter.CharacterEncodingFilter.doFilterInternal(CharacterEncodingFilter.java:201)
	at org.springframework.web.filter.OncePerRequestFilter.doFilter(OncePerRequestFilter.java:117)
	at org.apache.catalina.core.ApplicationFilterChain.internalDoFilter(ApplicationFilterChain.java:189)
	at org.apache.catalina.core.ApplicationFilterChain.doFilter(ApplicationFilterChain.java:162)
	at org.apache.catalina.core.StandardWrapperValve.invoke(StandardWrapperValve.java:177)
	at org.apache.catalina.core.StandardContextValve.invoke(StandardContextValve.java:97)
	at org.apache.catalina.authenticator.AuthenticatorBase.invoke(AuthenticatorBase.java:541)
	at org.apache.catalina.core.StandardHostValve.invoke(StandardHostValve.java:135)
	at org.apache.catalina.valves.ErrorReportValve.invoke(ErrorReportValve.java:92)
	at org.apache.catalina.core.StandardEngineValve.invoke(StandardEngineValve.java:78)
	at org.apache.catalina.connector.CoyoteAdapter.service(CoyoteAdapter.java:360)
	at org.apache.coyote.http11.Http11Processor.service(Http11Processor.java:399)
	at org.apache.coyote.AbstractProcessorLight.process(AbstractProcessorLight.java:65)
	at org.apache.coyote.AbstractProtocol$ConnectionHandler.process(AbstractProtocol.java:891)
	at org.apache.tomcat.util.net.NioEndpoint$SocketProcessor.doRun(NioEndpoint.java:1784)
	at org.apache.tomcat.util.net.SocketProcessorBase.run(SocketProcessorBase.java:49)
	at org.apache.tomcat.util.threads.ThreadPoolExecutor.runWorker(ThreadPoolExecutor.java:1191)
	at org.apache.tomcat.util.threads.ThreadPoolExecutor$Worker.run(ThreadPoolExecutor.java:659)
	at org.apache.tomcat.util.threads.TaskThread$WrappingRunnable.run(TaskThread.java:61)
	at java.base/java.lang.Thread.run(Thread.java:834)
Caused by: org.hibernate.exception.SQLGrammarException: could not extract ResultSet
	at org.hibernate.exception.internal.SQLStateConversionDelegate.convert(SQLStateConversionDelegate.java:103)
	at org.hibernate.exception.internal.StandardSQLExceptionConverter.convert(StandardSQLExceptionConverter.java:37)
	at org.hibernate.engine.jdbc.spi.SqlExceptionHelper.convert(SqlExceptionHelper.java:113)
	at org.hibernate.engine.jdbc.spi.SqlExceptionHelper.convert(SqlExceptionHelper.java:99)
	at org.hibernate.engine.jdbc.internal.ResultSetReturnImpl.extract(ResultSetReturnImpl.java:67)
	at org.hibernate.loader.Loader.getResultSet(Loader.java:2322)
	at org.hibernate.loader.Loader.executeQueryStatement(Loader.java:2075)
	at org.hibernate.loader.Loader.executeQueryStatement(Loader.java:2037)
	at org.hibernate.loader.Loader.doQuery(Loader.java:956)
	at org.hibernate.loader.Loader.doQueryAndInitializeNonLazyCollections(Loader.java:357)
	at org.hibernate.loader.Loader.doList(Loader.java:2868)
	at org.hibernate.loader.Loader.doList(Loader.java:2850)
	at org.hibernate.loader.Loader.listIgnoreQueryCache(Loader.java:2682)
	at org.hibernate.loader.Loader.list(Loader.java:2677)
	at org.hibernate.loader.custom.CustomLoader.list(CustomLoader.java:338)
	at org.hibernate.internal.SessionImpl.listCustomQuery(SessionImpl.java:2186)
	at org.hibernate.internal.AbstractSharedSessionContract.list(AbstractSharedSessionContract.java:1204)
	at org.hibernate.query.internal.NativeQueryImpl.doList(NativeQueryImpl.java:177)
	at org.hibernate.query.internal.AbstractProducedQuery.list(AbstractProducedQuery.java:1617)
	at org.hibernate.query.Query.getResultList(Query.java:165)
	at java.base/jdk.internal.reflect.NativeMethodAccessorImpl.invoke0(Native Method)
	at java.base/jdk.internal.reflect.NativeMethodAccessorImpl.invoke(NativeMethodAccessorImpl.java:62)
	at java.base/jdk.internal.reflect.DelegatingMethodAccessorImpl.invoke(DelegatingMethodAccessorImpl.java:43)
	at java.base/java.lang.reflect.Method.invoke(Method.java:566)
	at org.springframework.orm.jpa.SharedEntityManagerCreator$DeferredQueryInvocationHandler.invoke(SharedEntityManagerCreator.java:406)
	at com.sun.proxy.$Proxy199.getResultList(Unknown Source)
	at org.springframework.data.jpa.repository.query.JpaQueryExecution$CollectionExecution.doExecute(JpaQueryExecution.java:128)
	at org.springframework.data.jpa.repository.query.JpaQueryExecution.execute(JpaQueryExecution.java:90)
	at org.springframework.data.jpa.repository.query.AbstractJpaQuery.doExecute(AbstractJpaQuery.java:156)
	at org.springframework.data.jpa.repository.query.AbstractJpaQuery.execute(AbstractJpaQuery.java:144)
	at org.springframework.data.repository.core.support.RepositoryMethodInvoker.doInvoke(RepositoryMethodInvoker.java:137)
	at org.springframework.data.repository.core.support.RepositoryMethodInvoker.invoke(RepositoryMethodInvoker.java:121)
	at org.springframework.data.repository.core.support.QueryExecutorMethodInterceptor.doInvoke(QueryExecutorMethodInterceptor.java:160)
	at org.springframework.data.repository.core.support.QueryExecutorMethodInterceptor.invoke(QueryExecutorMethodInterceptor.java:139)
	at org.springframework.aop.framework.ReflectiveMethodInvocation.proceed(ReflectiveMethodInvocation.java:186)
	at org.springframework.data.projection.DefaultMethodInvokingMethodInterceptor.invoke(DefaultMethodInvokingMethodInterceptor.java:81)
	at org.springframework.aop.framework.ReflectiveMethodInvocation.proceed(ReflectiveMethodInvocation.java:186)
	at org.springframework.transaction.interceptor.TransactionInterceptor$1.proceedWithInvocation(TransactionInterceptor.java:123)
	at org.springframework.transaction.interceptor.TransactionAspectSupport.invokeWithinTransaction(TransactionAspectSupport.java:388)
	at org.springframework.transaction.interceptor.TransactionInterceptor.invoke(TransactionInterceptor.java:119)
	at org.springframework.aop.framework.ReflectiveMethodInvocation.proceed(ReflectiveMethodInvocation.java:186)
	at org.springframework.dao.support.PersistenceExceptionTranslationInterceptor.invoke(PersistenceExceptionTranslationInterceptor.java:137)
	... 117 common frames omitted
Caused by: com.microsoft.sqlserver.jdbc.SQLServerException: Invalid column name 'TotalRevenue'.
	at com.microsoft.sqlserver.jdbc.SQLServerException.makeFromDatabaseError(SQLServerException.java:265)
	at com.microsoft.sqlserver.jdbc.SQLServerStatement.getNextResult(SQLServerStatement.java:1676)
	at com.microsoft.sqlserver.jdbc.SQLServerPreparedStatement.doExecutePreparedStatement(SQLServerPreparedStatement.java:615)
	at com.microsoft.sqlserver.jdbc.SQLServerPreparedStatement$PrepStmtExecCmd.doExecute(SQLServerPreparedStatement.java:537)
	at com.microsoft.sqlserver.jdbc.TDSCommand.execute(IOBuffer.java:7664)
	at com.microsoft.sqlserver.jdbc.SQLServerConnection.executeCommand(SQLServerConnection.java:3791)
	at com.microsoft.sqlserver.jdbc.SQLServerStatement.executeCommand(SQLServerStatement.java:268)
	at com.microsoft.sqlserver.jdbc.SQLServerStatement.executeStatement(SQLServerStatement.java:242)
	at com.microsoft.sqlserver.jdbc.SQLServerPreparedStatement.executeQuery(SQLServerPreparedStatement.java:456)
	at com.zaxxer.hikari.pool.ProxyPreparedStatement.executeQuery(ProxyPreparedStatement.java:52)
	at com.zaxxer.hikari.pool.HikariProxyPreparedStatement.executeQuery(HikariProxyPreparedStatement.java)
	at org.hibernate.engine.jdbc.internal.ResultSetReturnImpl.extract(ResultSetReturnImpl.java:57)
	... 154 common frames omitted
[2023-04-16 09:09:29.350] WARN  [http-nio-8081-exec-7] [o.h.e.j.s.SqlExceptionHelper] SqlExceptionHelper.logExceptions:137 - SQL Error: 207, SQLState: S0001
[2023-04-16 09:09:29.350] ERROR [http-nio-8081-exec-7] [o.h.e.j.s.SqlExceptionHelper] SqlExceptionHelper.logExceptions:142 - Invalid column name 'TotalRevenue'.
[2023-04-16 09:09:33.236] ERROR [http-nio-8081-exec-7] [c.h.t.h.GlobalExceptionHandler] GlobalExceptionHandler.handleInternalServerException:31 - An exception occurred: 
org.springframework.dao.InvalidDataAccessResourceUsageException: could not extract ResultSet; SQL [n/a]; nested exception is org.hibernate.exception.SQLGrammarException: could not extract ResultSet
	at org.springframework.orm.jpa.vendor.HibernateJpaDialect.convertHibernateAccessException(HibernateJpaDialect.java:259)
	at org.springframework.orm.jpa.vendor.HibernateJpaDialect.translateExceptionIfPossible(HibernateJpaDialect.java:233)
	at org.springframework.orm.jpa.AbstractEntityManagerFactoryBean.translateExceptionIfPossible(AbstractEntityManagerFactoryBean.java:551)
	at org.springframework.dao.support.ChainedPersistenceExceptionTranslator.translateExceptionIfPossible(ChainedPersistenceExceptionTranslator.java:61)
	at org.springframework.dao.support.DataAccessUtils.translateIfNecessary(DataAccessUtils.java:242)
	at org.springframework.dao.support.PersistenceExceptionTranslationInterceptor.invoke(PersistenceExceptionTranslationInterceptor.java:152)
	at org.springframework.aop.framework.ReflectiveMethodInvocation.proceed(ReflectiveMethodInvocation.java:186)
	at org.springframework.data.jpa.repository.support.CrudMethodMetadataPostProcessor$CrudMethodMetadataPopulatingMethodInterceptor.invoke(CrudMethodMetadataPostProcessor.java:145)
	at org.springframework.aop.framework.ReflectiveMethodInvocation.proceed(ReflectiveMethodInvocation.java:186)
	at org.springframework.aop.interceptor.ExposeInvocationInterceptor.invoke(ExposeInvocationInterceptor.java:97)
	at org.springframework.aop.framework.ReflectiveMethodInvocation.proceed(ReflectiveMethodInvocation.java:186)
	at org.springframework.aop.framework.JdkDynamicAopProxy.invoke(JdkDynamicAopProxy.java:215)
	at com.sun.proxy.$Proxy163.getAllReportsByCompanyId(Unknown Source)
	at com.happy3friends.toiletmapbackend.service.serviceImpl.ReportServiceImpl.getAllReportsByCompanyId(ReportServiceImpl.java:59)
	at com.happy3friends.toiletmapbackend.service.serviceImpl.ReportServiceImpl.getAllReports(ReportServiceImpl.java:119)
	at com.happy3friends.toiletmapbackend.controller.ReportController.getAllReports(ReportController.java:139)
	at com.happy3friends.toiletmapbackend.controller.ReportController$$FastClassBySpringCGLIB$$bea7b752.invoke(<generated>)
	at org.springframework.cglib.proxy.MethodProxy.invoke(MethodProxy.java:218)
	at org.springframework.aop.framework.CglibAopProxy$CglibMethodInvocation.invokeJoinpoint(CglibAopProxy.java:793)
	at org.springframework.aop.framework.ReflectiveMethodInvocation.proceed(ReflectiveMethodInvocation.java:163)
	at org.springframework.aop.framework.CglibAopProxy$CglibMethodInvocation.proceed(CglibAopProxy.java:763)
	at org.springframework.security.access.intercept.aopalliance.MethodSecurityInterceptor.invoke(MethodSecurityInterceptor.java:61)
	at org.springframework.aop.framework.ReflectiveMethodInvocation.proceed(ReflectiveMethodInvocation.java:186)
	at org.springframework.aop.framework.CglibAopProxy$CglibMethodInvocation.proceed(CglibAopProxy.java:763)
	at org.springframework.aop.framework.CglibAopProxy$DynamicAdvisedInterceptor.intercept(CglibAopProxy.java:708)
	at com.happy3friends.toiletmapbackend.controller.ReportController$$EnhancerBySpringCGLIB$$50554c6e.getAllReports(<generated>)
	at java.base/jdk.internal.reflect.NativeMethodAccessorImpl.invoke0(Native Method)
	at java.base/jdk.internal.reflect.NativeMethodAccessorImpl.invoke(NativeMethodAccessorImpl.java:62)
	at java.base/jdk.internal.reflect.DelegatingMethodAccessorImpl.invoke(DelegatingMethodAccessorImpl.java:43)
	at java.base/java.lang.reflect.Method.invoke(Method.java:566)
	at org.springframework.web.method.support.InvocableHandlerMethod.doInvoke(InvocableHandlerMethod.java:205)
	at org.springframework.web.method.support.InvocableHandlerMethod.invokeForRequest(InvocableHandlerMethod.java:150)
	at org.springframework.web.servlet.mvc.method.annotation.ServletInvocableHandlerMethod.invokeAndHandle(ServletInvocableHandlerMethod.java:117)
	at org.springframework.web.servlet.mvc.method.annotation.RequestMappingHandlerAdapter.invokeHandlerMethod(RequestMappingHandlerAdapter.java:895)
	at org.springframework.web.servlet.mvc.method.annotation.RequestMappingHandlerAdapter.handleInternal(RequestMappingHandlerAdapter.java:808)
	at org.springframework.web.servlet.mvc.method.AbstractHandlerMethodAdapter.handle(AbstractHandlerMethodAdapter.java:87)
	at org.springframework.web.servlet.DispatcherServlet.doDispatch(DispatcherServlet.java:1071)
	at org.springframework.web.servlet.DispatcherServlet.doService(DispatcherServlet.java:964)
	at org.springframework.web.servlet.FrameworkServlet.processRequest(FrameworkServlet.java:1006)
	at org.springframework.web.servlet.FrameworkServlet.doGet(FrameworkServlet.java:898)
	at javax.servlet.http.HttpServlet.service(HttpServlet.java:670)
	at org.springframework.web.servlet.FrameworkServlet.service(FrameworkServlet.java:883)
	at javax.servlet.http.HttpServlet.service(HttpServlet.java:779)
	at org.apache.catalina.core.ApplicationFilterChain.internalDoFilter(ApplicationFilterChain.java:227)
	at org.apache.catalina.core.ApplicationFilterChain.doFilter(ApplicationFilterChain.java:162)
	at org.apache.tomcat.websocket.server.WsFilter.doFilter(WsFilter.java:53)
	at org.apache.catalina.core.ApplicationFilterChain.internalDoFilter(ApplicationFilterChain.java:189)
	at org.apache.catalina.core.ApplicationFilterChain.doFilter(ApplicationFilterChain.java:162)
	at org.springframework.web.filter.OncePerRequestFilter.doFilter(OncePerRequestFilter.java:111)
	at org.apache.catalina.core.ApplicationFilterChain.internalDoFilter(ApplicationFilterChain.java:189)
	at org.apache.catalina.core.ApplicationFilterChain.doFilter(ApplicationFilterChain.java:162)
	at org.springframework.security.web.FilterChainProxy$VirtualFilterChain.doFilter(FilterChainProxy.java:337)
	at org.springframework.security.web.access.intercept.FilterSecurityInterceptor.invoke(FilterSecurityInterceptor.java:115)
	at org.springframework.security.web.access.intercept.FilterSecurityInterceptor.doFilter(FilterSecurityInterceptor.java:81)
	at org.springframework.security.web.FilterChainProxy$VirtualFilterChain.doFilter(FilterChainProxy.java:346)
	at org.springframework.security.web.access.ExceptionTranslationFilter.doFilter(ExceptionTranslationFilter.java:122)
	at org.springframework.security.web.access.ExceptionTranslationFilter.doFilter(ExceptionTranslationFilter.java:116)
	at org.springframework.security.web.FilterChainProxy$VirtualFilterChain.doFilter(FilterChainProxy.java:346)
	at org.springframework.security.web.session.SessionManagementFilter.doFilter(SessionManagementFilter.java:126)
	at org.springframework.security.web.session.SessionManagementFilter.doFilter(SessionManagementFilter.java:81)
	at org.springframework.security.web.FilterChainProxy$VirtualFilterChain.doFilter(FilterChainProxy.java:346)
	at org.springframework.security.web.authentication.AnonymousAuthenticationFilter.doFilter(AnonymousAuthenticationFilter.java:109)
	at org.springframework.security.web.FilterChainProxy$VirtualFilterChain.doFilter(FilterChainProxy.java:346)
	at org.springframework.security.web.servletapi.SecurityContextHolderAwareRequestFilter.doFilter(SecurityContextHolderAwareRequestFilter.java:149)
	at org.springframework.security.web.FilterChainProxy$VirtualFilterChain.doFilter(FilterChainProxy.java:346)
	at org.springframework.security.web.savedrequest.RequestCacheAwareFilter.doFilter(RequestCacheAwareFilter.java:63)
	at org.springframework.security.web.FilterChainProxy$VirtualFilterChain.doFilter(FilterChainProxy.java:346)
	at com.happy3friends.toiletmapbackend.sercurity.TokenAuthenticationFilter.doFilterInternal(TokenAuthenticationFilter.java:65)
	at org.springframework.web.filter.OncePerRequestFilter.doFilter(OncePerRequestFilter.java:117)
	at org.springframework.security.web.FilterChainProxy$VirtualFilterChain.doFilter(FilterChainProxy.java:346)
	at org.springframework.security.web.authentication.logout.LogoutFilter.doFilter(LogoutFilter.java:103)
	at org.springframework.security.web.authentication.logout.LogoutFilter.doFilter(LogoutFilter.java:89)
	at org.springframework.security.web.FilterChainProxy$VirtualFilterChain.doFilter(FilterChainProxy.java:346)
	at org.springframework.web.filter.CorsFilter.doFilterInternal(CorsFilter.java:91)
	at org.springframework.web.filter.OncePerRequestFilter.doFilter(OncePerRequestFilter.java:117)
	at org.springframework.security.web.FilterChainProxy$VirtualFilterChain.doFilter(FilterChainProxy.java:346)
	at org.springframework.security.web.header.HeaderWriterFilter.doHeadersAfter(HeaderWriterFilter.java:90)
	at org.springframework.security.web.header.HeaderWriterFilter.doFilterInternal(HeaderWriterFilter.java:75)
	at org.springframework.web.filter.OncePerRequestFilter.doFilter(OncePerRequestFilter.java:117)
	at org.springframework.security.web.FilterChainProxy$VirtualFilterChain.doFilter(FilterChainProxy.java:346)
	at org.springframework.security.web.context.SecurityContextPersistenceFilter.doFilter(SecurityContextPersistenceFilter.java:112)
	at org.springframework.security.web.context.SecurityContextPersistenceFilter.doFilter(SecurityContextPersistenceFilter.java:82)
	at org.springframework.security.web.FilterChainProxy$VirtualFilterChain.doFilter(FilterChainProxy.java:346)
	at org.springframework.security.web.context.request.async.WebAsyncManagerIntegrationFilter.doFilterInternal(WebAsyncManagerIntegrationFilter.java:55)
	at org.springframework.web.filter.OncePerRequestFilter.doFilter(OncePerRequestFilter.java:117)
	at org.springframework.security.web.FilterChainProxy$VirtualFilterChain.doFilter(FilterChainProxy.java:346)
	at org.springframework.security.web.session.DisableEncodeUrlFilter.doFilterInternal(DisableEncodeUrlFilter.java:42)
	at org.springframework.web.filter.OncePerRequestFilter.doFilter(OncePerRequestFilter.java:117)
	at org.springframework.security.web.FilterChainProxy$VirtualFilterChain.doFilter(FilterChainProxy.java:346)
	at org.springframework.security.web.FilterChainProxy.doFilterInternal(FilterChainProxy.java:221)
	at org.springframework.security.web.FilterChainProxy.doFilter(FilterChainProxy.java:186)
	at org.springframework.web.filter.DelegatingFilterProxy.invokeDelegate(DelegatingFilterProxy.java:354)
	at org.springframework.web.filter.DelegatingFilterProxy.doFilter(DelegatingFilterProxy.java:267)
	at org.apache.catalina.core.ApplicationFilterChain.internalDoFilter(ApplicationFilterChain.java:189)
	at org.apache.catalina.core.ApplicationFilterChain.doFilter(ApplicationFilterChain.java:162)
	at org.springframework.web.filter.RequestContextFilter.doFilterInternal(RequestContextFilter.java:100)
	at org.springframework.web.filter.OncePerRequestFilter.doFilter(OncePerRequestFilter.java:117)
	at org.apache.catalina.core.ApplicationFilterChain.internalDoFilter(ApplicationFilterChain.java:189)
	at org.apache.catalina.core.ApplicationFilterChain.doFilter(ApplicationFilterChain.java:162)
	at org.springframework.web.filter.FormContentFilter.doFilterInternal(FormContentFilter.java:93)
	at org.springframework.web.filter.OncePerRequestFilter.doFilter(OncePerRequestFilter.java:117)
	at org.apache.catalina.core.ApplicationFilterChain.internalDoFilter(ApplicationFilterChain.java:189)
	at org.apache.catalina.core.ApplicationFilterChain.doFilter(ApplicationFilterChain.java:162)
	at org.springframework.web.filter.CharacterEncodingFilter.doFilterInternal(CharacterEncodingFilter.java:201)
	at org.springframework.web.filter.OncePerRequestFilter.doFilter(OncePerRequestFilter.java:117)
	at org.apache.catalina.core.ApplicationFilterChain.internalDoFilter(ApplicationFilterChain.java:189)
	at org.apache.catalina.core.ApplicationFilterChain.doFilter(ApplicationFilterChain.java:162)
	at org.apache.catalina.core.StandardWrapperValve.invoke(StandardWrapperValve.java:177)
	at org.apache.catalina.core.StandardContextValve.invoke(StandardContextValve.java:97)
	at org.apache.catalina.authenticator.AuthenticatorBase.invoke(AuthenticatorBase.java:541)
	at org.apache.catalina.core.StandardHostValve.invoke(StandardHostValve.java:135)
	at org.apache.catalina.valves.ErrorReportValve.invoke(ErrorReportValve.java:92)
	at org.apache.catalina.core.StandardEngineValve.invoke(StandardEngineValve.java:78)
	at org.apache.catalina.connector.CoyoteAdapter.service(CoyoteAdapter.java:360)
	at org.apache.coyote.http11.Http11Processor.service(Http11Processor.java:399)
	at org.apache.coyote.AbstractProcessorLight.process(AbstractProcessorLight.java:65)
	at org.apache.coyote.AbstractProtocol$ConnectionHandler.process(AbstractProtocol.java:891)
	at org.apache.tomcat.util.net.NioEndpoint$SocketProcessor.doRun(NioEndpoint.java:1784)
	at org.apache.tomcat.util.net.SocketProcessorBase.run(SocketProcessorBase.java:49)
	at org.apache.tomcat.util.threads.ThreadPoolExecutor.runWorker(ThreadPoolExecutor.java:1191)
	at org.apache.tomcat.util.threads.ThreadPoolExecutor$Worker.run(ThreadPoolExecutor.java:659)
	at org.apache.tomcat.util.threads.TaskThread$WrappingRunnable.run(TaskThread.java:61)
	at java.base/java.lang.Thread.run(Thread.java:834)
Caused by: org.hibernate.exception.SQLGrammarException: could not extract ResultSet
	at org.hibernate.exception.internal.SQLStateConversionDelegate.convert(SQLStateConversionDelegate.java:103)
	at org.hibernate.exception.internal.StandardSQLExceptionConverter.convert(StandardSQLExceptionConverter.java:37)
	at org.hibernate.engine.jdbc.spi.SqlExceptionHelper.convert(SqlExceptionHelper.java:113)
	at org.hibernate.engine.jdbc.spi.SqlExceptionHelper.convert(SqlExceptionHelper.java:99)
	at org.hibernate.engine.jdbc.internal.ResultSetReturnImpl.extract(ResultSetReturnImpl.java:67)
	at org.hibernate.loader.Loader.getResultSet(Loader.java:2322)
	at org.hibernate.loader.Loader.executeQueryStatement(Loader.java:2075)
	at org.hibernate.loader.Loader.executeQueryStatement(Loader.java:2037)
	at org.hibernate.loader.Loader.doQuery(Loader.java:956)
	at org.hibernate.loader.Loader.doQueryAndInitializeNonLazyCollections(Loader.java:357)
	at org.hibernate.loader.Loader.doList(Loader.java:2868)
	at org.hibernate.loader.Loader.doList(Loader.java:2850)
	at org.hibernate.loader.Loader.listIgnoreQueryCache(Loader.java:2682)
	at org.hibernate.loader.Loader.list(Loader.java:2677)
	at org.hibernate.loader.custom.CustomLoader.list(CustomLoader.java:338)
	at org.hibernate.internal.SessionImpl.listCustomQuery(SessionImpl.java:2186)
	at org.hibernate.internal.AbstractSharedSessionContract.list(AbstractSharedSessionContract.java:1204)
	at org.hibernate.query.internal.NativeQueryImpl.doList(NativeQueryImpl.java:177)
	at org.hibernate.query.internal.AbstractProducedQuery.list(AbstractProducedQuery.java:1617)
	at org.hibernate.query.Query.getResultList(Query.java:165)
	at java.base/jdk.internal.reflect.NativeMethodAccessorImpl.invoke0(Native Method)
	at java.base/jdk.internal.reflect.NativeMethodAccessorImpl.invoke(NativeMethodAccessorImpl.java:62)
	at java.base/jdk.internal.reflect.DelegatingMethodAccessorImpl.invoke(DelegatingMethodAccessorImpl.java:43)
	at java.base/java.lang.reflect.Method.invoke(Method.java:566)
	at org.springframework.orm.jpa.SharedEntityManagerCreator$DeferredQueryInvocationHandler.invoke(SharedEntityManagerCreator.java:406)
	at com.sun.proxy.$Proxy199.getResultList(Unknown Source)
	at org.springframework.data.jpa.repository.query.JpaQueryExecution$CollectionExecution.doExecute(JpaQueryExecution.java:128)
	at org.springframework.data.jpa.repository.query.JpaQueryExecution.execute(JpaQueryExecution.java:90)
	at org.springframework.data.jpa.repository.query.AbstractJpaQuery.doExecute(AbstractJpaQuery.java:156)
	at org.springframework.data.jpa.repository.query.AbstractJpaQuery.execute(AbstractJpaQuery.java:144)
	at org.springframework.data.repository.core.support.RepositoryMethodInvoker.doInvoke(RepositoryMethodInvoker.java:137)
	at org.springframework.data.repository.core.support.RepositoryMethodInvoker.invoke(RepositoryMethodInvoker.java:121)
	at org.springframework.data.repository.core.support.QueryExecutorMethodInterceptor.doInvoke(QueryExecutorMethodInterceptor.java:160)
	at org.springframework.data.repository.core.support.QueryExecutorMethodInterceptor.invoke(QueryExecutorMethodInterceptor.java:139)
	at org.springframework.aop.framework.ReflectiveMethodInvocation.proceed(ReflectiveMethodInvocation.java:186)
	at org.springframework.data.projection.DefaultMethodInvokingMethodInterceptor.invoke(DefaultMethodInvokingMethodInterceptor.java:81)
	at org.springframework.aop.framework.ReflectiveMethodInvocation.proceed(ReflectiveMethodInvocation.java:186)
	at org.springframework.transaction.interceptor.TransactionInterceptor$1.proceedWithInvocation(TransactionInterceptor.java:123)
	at org.springframework.transaction.interceptor.TransactionAspectSupport.invokeWithinTransaction(TransactionAspectSupport.java:388)
	at org.springframework.transaction.interceptor.TransactionInterceptor.invoke(TransactionInterceptor.java:119)
	at org.springframework.aop.framework.ReflectiveMethodInvocation.proceed(ReflectiveMethodInvocation.java:186)
	at org.springframework.dao.support.PersistenceExceptionTranslationInterceptor.invoke(PersistenceExceptionTranslationInterceptor.java:137)
	... 117 common frames omitted
Caused by: com.microsoft.sqlserver.jdbc.SQLServerException: Invalid column name 'TotalRevenue'.
	at com.microsoft.sqlserver.jdbc.SQLServerException.makeFromDatabaseError(SQLServerException.java:265)
	at com.microsoft.sqlserver.jdbc.SQLServerStatement.getNextResult(SQLServerStatement.java:1676)
	at com.microsoft.sqlserver.jdbc.SQLServerPreparedStatement.doExecutePreparedStatement(SQLServerPreparedStatement.java:615)
	at com.microsoft.sqlserver.jdbc.SQLServerPreparedStatement$PrepStmtExecCmd.doExecute(SQLServerPreparedStatement.java:537)
	at com.microsoft.sqlserver.jdbc.TDSCommand.execute(IOBuffer.java:7664)
	at com.microsoft.sqlserver.jdbc.SQLServerConnection.executeCommand(SQLServerConnection.java:3791)
	at com.microsoft.sqlserver.jdbc.SQLServerStatement.executeCommand(SQLServerStatement.java:268)
	at com.microsoft.sqlserver.jdbc.SQLServerStatement.executeStatement(SQLServerStatement.java:242)
	at com.microsoft.sqlserver.jdbc.SQLServerPreparedStatement.executeQuery(SQLServerPreparedStatement.java:456)
	at com.zaxxer.hikari.pool.ProxyPreparedStatement.executeQuery(ProxyPreparedStatement.java:52)
	at com.zaxxer.hikari.pool.HikariProxyPreparedStatement.executeQuery(HikariProxyPreparedStatement.java)
	at org.hibernate.engine.jdbc.internal.ResultSetReturnImpl.extract(ResultSetReturnImpl.java:57)
	... 154 common frames omitted
[2023-04-16 09:13:25.343] INFO  [SpringApplicationShutdownHook] [o.s.o.j.LocalContainerEntityManagerFactoryBean] LocalContainerEntityManagerFactoryBean.destroy:651 - Closing JPA EntityManagerFactory for persistence unit 'default'
[2023-04-16 09:13:25.349] INFO  [SpringApplicationShutdownHook] [c.z.h.HikariDataSource] HikariDataSource.close:350 - HikariPool-1 - Shutdown initiated...
[2023-04-16 09:13:25.380] INFO  [SpringApplicationShutdownHook] [c.z.h.HikariDataSource] HikariDataSource.close:352 - HikariPool-1 - Shutdown completed.
[2023-04-16 09:13:41.370] INFO  [main] [c.h.t.ToiletMapBackEndApplication] ToiletMapBackEndApplication.logStarting:55 - Starting ToiletMapBackEndApplication using Java 11.0.16.1 on TienHuynhTN with PID 13448 (F:\FPT\Semester-9-Summer-2023\Capstone-Project\Implementation\toilet-map-back-end\target\classes started by tienhltse151104 in F:\FPT\Semester-9-Summer-2023\Capstone-Project\Implementation\toilet-map-back-end)
[2023-04-16 09:13:41.385] INFO  [main] [c.h.t.ToiletMapBackEndApplication] ToiletMapBackEndApplication.logStartupProfileInfo:637 - The following 2 profiles are active: "default", "prod"
[2023-04-16 09:13:43.260] INFO  [main] [o.s.d.r.c.RepositoryConfigurationDelegate] RepositoryConfigurationDelegate.registerRepositoriesIn:132 - Bootstrapping Spring Data JPA repositories in DEFAULT mode.
[2023-04-16 09:13:43.470] INFO  [main] [o.s.d.r.c.RepositoryConfigurationDelegate] RepositoryConfigurationDelegate.registerRepositoriesIn:201 - Finished Spring Data repository scanning in 184 ms. Found 15 JPA repository interfaces.
[2023-04-16 09:13:44.600] INFO  [main] [o.s.b.w.e.t.TomcatWebServer] TomcatWebServer.initialize:108 - Tomcat initialized with port(s): 8081 (http)
[2023-04-16 09:13:44.600] INFO  [main] [o.a.c.c.AprLifecycleListener] AprLifecycleListener.log:173 - Loaded Apache Tomcat Native library [1.2.35] using APR version [1.7.0].
[2023-04-16 09:13:44.600] INFO  [main] [o.a.c.c.AprLifecycleListener] AprLifecycleListener.log:173 - APR capabilities: IPv6 [true], sendfile [true], accept filters [false], random [true], UDS [true].
[2023-04-16 09:13:44.600] INFO  [main] [o.a.c.c.AprLifecycleListener] AprLifecycleListener.log:173 - APR/OpenSSL configuration: useAprConnector [false], useOpenSSL [true]
[2023-04-16 09:13:44.610] INFO  [main] [o.a.c.c.AprLifecycleListener] AprLifecycleListener.log:173 - OpenSSL successfully initialized [OpenSSL 1.1.1q  5 Jul 2022]
[2023-04-16 09:13:44.622] INFO  [main] [o.a.c.c.StandardService] StandardService.log:173 - Starting service [Tomcat]
[2023-04-16 09:13:44.622] INFO  [main] [o.a.c.c.StandardEngine] StandardEngine.log:173 - Starting Servlet engine: [Apache Tomcat/9.0.71]
[2023-04-16 09:13:44.830] INFO  [main] [o.a.c.c.C.[.[.[/]] [/].log:173 - Initializing Spring embedded WebApplicationContext
[2023-04-16 09:13:44.830] INFO  [main] [o.s.b.w.s.c.ServletWebServerApplicationContext] ServletWebServerApplicationContext.prepareWebApplicationContext:292 - Root WebApplicationContext: initialization completed in 3360 ms
[2023-04-16 09:13:45.600] INFO  [main] [o.h.j.i.u.LogHelper] LogHelper.logPersistenceUnitInformation:31 - HHH000204: Processing PersistenceUnitInfo [name: default]
[2023-04-16 09:13:45.690] INFO  [main] [o.h.Version] Version.logVersion:44 - HHH000412: Hibernate ORM core version 5.6.14.Final
[2023-04-16 09:13:45.970] INFO  [main] [o.h.a.c.Version] Version.<clinit>:56 - HCANN000001: Hibernate Commons Annotations {5.1.2.Final}
[2023-04-16 09:13:46.150] INFO  [main] [c.z.h.HikariDataSource] HikariDataSource.getConnection:110 - HikariPool-1 - Starting...
[2023-04-16 09:13:47.270] INFO  [main] [c.z.h.HikariDataSource] HikariDataSource.getConnection:123 - HikariPool-1 - Start completed.
[2023-04-16 09:13:47.300] INFO  [main] [o.h.d.Dialect] Dialect.<init>:175 - HHH000400: Using dialect: org.hibernate.dialect.SQLServer2012Dialect
[2023-04-16 09:13:49.130] INFO  [main] [o.h.e.t.j.p.i.JtaPlatformInitiator] JtaPlatformInitiator.initiateService:52 - HHH000490: Using JtaPlatform implementation: [org.hibernate.engine.transaction.jta.platform.internal.NoJtaPlatform]
[2023-04-16 09:13:49.150] INFO  [main] [o.s.o.j.LocalContainerEntityManagerFactoryBean] LocalContainerEntityManagerFactoryBean.buildNativeEntityManagerFactory:437 - Initialized JPA EntityManagerFactory for persistence unit 'default'
[2023-04-16 09:13:52.970] INFO  [main] [o.s.s.w.DefaultSecurityFilterChain] DefaultSecurityFilterChain.<init>:55 - Will secure any request with [org.springframework.security.web.session.DisableEncodeUrlFilter@1ea78c72, org.springframework.security.web.context.request.async.WebAsyncManagerIntegrationFilter@3437fc4f, org.springframework.security.web.context.SecurityContextPersistenceFilter@13288174, org.springframework.security.web.header.HeaderWriterFilter@164cad52, org.springframework.web.filter.CorsFilter@42a198dd, org.springframework.security.web.authentication.logout.LogoutFilter@12bb8943, com.happy3friends.toiletmapbackend.sercurity.TokenAuthenticationFilter@26f07261, org.springframework.security.web.savedrequest.RequestCacheAwareFilter@5b697993, org.springframework.security.web.servletapi.SecurityContextHolderAwareRequestFilter@23a78d2e, org.springframework.security.web.authentication.AnonymousAuthenticationFilter@5924ea91, org.springframework.security.web.session.SessionManagementFilter@5bed8b91, org.springframework.security.web.access.ExceptionTranslationFilter@663cc8c9, org.springframework.security.web.access.intercept.FilterSecurityInterceptor@765e5a55]
[2023-04-16 09:13:53.860] INFO  [main] [o.s.b.w.e.t.TomcatWebServer] TomcatWebServer.start:220 - Tomcat started on port(s): 8081 (http) with context path ''
[2023-04-16 09:13:53.888] INFO  [main] [c.h.t.ToiletMapBackEndApplication] ToiletMapBackEndApplication.logStarted:61 - Started ToiletMapBackEndApplication in 13.511 seconds (JVM running for 16.057)
[2023-04-16 09:14:01.944] INFO  [http-nio-8081-exec-1] [o.a.c.c.C.[.[.[/]] [/].log:173 - Initializing Spring DispatcherServlet 'dispatcherServlet'
[2023-04-16 09:14:01.950] INFO  [http-nio-8081-exec-1] [o.s.w.s.DispatcherServlet] DispatcherServlet.initServletBean:525 - Initializing Servlet 'dispatcherServlet'
[2023-04-16 09:14:01.950] INFO  [http-nio-8081-exec-1] [o.s.w.s.DispatcherServlet] DispatcherServlet.initServletBean:547 - Completed initialization in 0 ms
[2023-04-16 09:14:06.126] WARN  [http-nio-8081-exec-1] [o.h.e.j.s.SqlExceptionHelper] SqlExceptionHelper.logExceptions:137 - SQL Error: 207, SQLState: S0001
[2023-04-16 09:14:06.129] ERROR [http-nio-8081-exec-1] [o.h.e.j.s.SqlExceptionHelper] SqlExceptionHelper.logExceptions:142 - Invalid column name 'TotalRevenue'.
[2023-04-16 09:14:06.157] ERROR [http-nio-8081-exec-1] [c.h.t.h.GlobalExceptionHandler] GlobalExceptionHandler.handleInternalServerException:31 - An exception occurred: 
org.springframework.dao.InvalidDataAccessResourceUsageException: could not extract ResultSet; SQL [n/a]; nested exception is org.hibernate.exception.SQLGrammarException: could not extract ResultSet
	at org.springframework.orm.jpa.vendor.HibernateJpaDialect.convertHibernateAccessException(HibernateJpaDialect.java:259)
	at org.springframework.orm.jpa.vendor.HibernateJpaDialect.translateExceptionIfPossible(HibernateJpaDialect.java:233)
	at org.springframework.orm.jpa.AbstractEntityManagerFactoryBean.translateExceptionIfPossible(AbstractEntityManagerFactoryBean.java:551)
	at org.springframework.dao.support.ChainedPersistenceExceptionTranslator.translateExceptionIfPossible(ChainedPersistenceExceptionTranslator.java:61)
	at org.springframework.dao.support.DataAccessUtils.translateIfNecessary(DataAccessUtils.java:242)
	at org.springframework.dao.support.PersistenceExceptionTranslationInterceptor.invoke(PersistenceExceptionTranslationInterceptor.java:152)
	at org.springframework.aop.framework.ReflectiveMethodInvocation.proceed(ReflectiveMethodInvocation.java:186)
	at org.springframework.data.jpa.repository.support.CrudMethodMetadataPostProcessor$CrudMethodMetadataPopulatingMethodInterceptor.invoke(CrudMethodMetadataPostProcessor.java:145)
	at org.springframework.aop.framework.ReflectiveMethodInvocation.proceed(ReflectiveMethodInvocation.java:186)
	at org.springframework.aop.interceptor.ExposeInvocationInterceptor.invoke(ExposeInvocationInterceptor.java:97)
	at org.springframework.aop.framework.ReflectiveMethodInvocation.proceed(ReflectiveMethodInvocation.java:186)
	at org.springframework.aop.framework.JdkDynamicAopProxy.invoke(JdkDynamicAopProxy.java:215)
	at com.sun.proxy.$Proxy163.getAllReportsByCompanyId(Unknown Source)
	at com.happy3friends.toiletmapbackend.service.serviceImpl.ReportServiceImpl.getAllReportsByCompanyId(ReportServiceImpl.java:59)
	at com.happy3friends.toiletmapbackend.service.serviceImpl.ReportServiceImpl.getAllReports(ReportServiceImpl.java:119)
	at com.happy3friends.toiletmapbackend.controller.ReportController.getAllReports(ReportController.java:139)
	at com.happy3friends.toiletmapbackend.controller.ReportController$$FastClassBySpringCGLIB$$bea7b752.invoke(<generated>)
	at org.springframework.cglib.proxy.MethodProxy.invoke(MethodProxy.java:218)
	at org.springframework.aop.framework.CglibAopProxy$CglibMethodInvocation.invokeJoinpoint(CglibAopProxy.java:793)
	at org.springframework.aop.framework.ReflectiveMethodInvocation.proceed(ReflectiveMethodInvocation.java:163)
	at org.springframework.aop.framework.CglibAopProxy$CglibMethodInvocation.proceed(CglibAopProxy.java:763)
	at org.springframework.security.access.intercept.aopalliance.MethodSecurityInterceptor.invoke(MethodSecurityInterceptor.java:61)
	at org.springframework.aop.framework.ReflectiveMethodInvocation.proceed(ReflectiveMethodInvocation.java:186)
	at org.springframework.aop.framework.CglibAopProxy$CglibMethodInvocation.proceed(CglibAopProxy.java:763)
	at org.springframework.aop.framework.CglibAopProxy$DynamicAdvisedInterceptor.intercept(CglibAopProxy.java:708)
	at com.happy3friends.toiletmapbackend.controller.ReportController$$EnhancerBySpringCGLIB$$9a3ad8e4.getAllReports(<generated>)
	at java.base/jdk.internal.reflect.NativeMethodAccessorImpl.invoke0(Native Method)
	at java.base/jdk.internal.reflect.NativeMethodAccessorImpl.invoke(NativeMethodAccessorImpl.java:62)
	at java.base/jdk.internal.reflect.DelegatingMethodAccessorImpl.invoke(DelegatingMethodAccessorImpl.java:43)
	at java.base/java.lang.reflect.Method.invoke(Method.java:566)
	at org.springframework.web.method.support.InvocableHandlerMethod.doInvoke(InvocableHandlerMethod.java:205)
	at org.springframework.web.method.support.InvocableHandlerMethod.invokeForRequest(InvocableHandlerMethod.java:150)
	at org.springframework.web.servlet.mvc.method.annotation.ServletInvocableHandlerMethod.invokeAndHandle(ServletInvocableHandlerMethod.java:117)
	at org.springframework.web.servlet.mvc.method.annotation.RequestMappingHandlerAdapter.invokeHandlerMethod(RequestMappingHandlerAdapter.java:895)
	at org.springframework.web.servlet.mvc.method.annotation.RequestMappingHandlerAdapter.handleInternal(RequestMappingHandlerAdapter.java:808)
	at org.springframework.web.servlet.mvc.method.AbstractHandlerMethodAdapter.handle(AbstractHandlerMethodAdapter.java:87)
	at org.springframework.web.servlet.DispatcherServlet.doDispatch(DispatcherServlet.java:1071)
	at org.springframework.web.servlet.DispatcherServlet.doService(DispatcherServlet.java:964)
	at org.springframework.web.servlet.FrameworkServlet.processRequest(FrameworkServlet.java:1006)
	at org.springframework.web.servlet.FrameworkServlet.doGet(FrameworkServlet.java:898)
	at javax.servlet.http.HttpServlet.service(HttpServlet.java:670)
	at org.springframework.web.servlet.FrameworkServlet.service(FrameworkServlet.java:883)
	at javax.servlet.http.HttpServlet.service(HttpServlet.java:779)
	at org.apache.catalina.core.ApplicationFilterChain.internalDoFilter(ApplicationFilterChain.java:227)
	at org.apache.catalina.core.ApplicationFilterChain.doFilter(ApplicationFilterChain.java:162)
	at org.apache.tomcat.websocket.server.WsFilter.doFilter(WsFilter.java:53)
	at org.apache.catalina.core.ApplicationFilterChain.internalDoFilter(ApplicationFilterChain.java:189)
	at org.apache.catalina.core.ApplicationFilterChain.doFilter(ApplicationFilterChain.java:162)
	at org.springframework.web.filter.OncePerRequestFilter.doFilter(OncePerRequestFilter.java:111)
	at org.apache.catalina.core.ApplicationFilterChain.internalDoFilter(ApplicationFilterChain.java:189)
	at org.apache.catalina.core.ApplicationFilterChain.doFilter(ApplicationFilterChain.java:162)
	at org.springframework.security.web.FilterChainProxy$VirtualFilterChain.doFilter(FilterChainProxy.java:337)
	at org.springframework.security.web.access.intercept.FilterSecurityInterceptor.invoke(FilterSecurityInterceptor.java:115)
	at org.springframework.security.web.access.intercept.FilterSecurityInterceptor.doFilter(FilterSecurityInterceptor.java:81)
	at org.springframework.security.web.FilterChainProxy$VirtualFilterChain.doFilter(FilterChainProxy.java:346)
	at org.springframework.security.web.access.ExceptionTranslationFilter.doFilter(ExceptionTranslationFilter.java:122)
	at org.springframework.security.web.access.ExceptionTranslationFilter.doFilter(ExceptionTranslationFilter.java:116)
	at org.springframework.security.web.FilterChainProxy$VirtualFilterChain.doFilter(FilterChainProxy.java:346)
	at org.springframework.security.web.session.SessionManagementFilter.doFilter(SessionManagementFilter.java:126)
	at org.springframework.security.web.session.SessionManagementFilter.doFilter(SessionManagementFilter.java:81)
	at org.springframework.security.web.FilterChainProxy$VirtualFilterChain.doFilter(FilterChainProxy.java:346)
	at org.springframework.security.web.authentication.AnonymousAuthenticationFilter.doFilter(AnonymousAuthenticationFilter.java:109)
	at org.springframework.security.web.FilterChainProxy$VirtualFilterChain.doFilter(FilterChainProxy.java:346)
	at org.springframework.security.web.servletapi.SecurityContextHolderAwareRequestFilter.doFilter(SecurityContextHolderAwareRequestFilter.java:149)
	at org.springframework.security.web.FilterChainProxy$VirtualFilterChain.doFilter(FilterChainProxy.java:346)
	at org.springframework.security.web.savedrequest.RequestCacheAwareFilter.doFilter(RequestCacheAwareFilter.java:63)
	at org.springframework.security.web.FilterChainProxy$VirtualFilterChain.doFilter(FilterChainProxy.java:346)
	at com.happy3friends.toiletmapbackend.sercurity.TokenAuthenticationFilter.doFilterInternal(TokenAuthenticationFilter.java:65)
	at org.springframework.web.filter.OncePerRequestFilter.doFilter(OncePerRequestFilter.java:117)
	at org.springframework.security.web.FilterChainProxy$VirtualFilterChain.doFilter(FilterChainProxy.java:346)
	at org.springframework.security.web.authentication.logout.LogoutFilter.doFilter(LogoutFilter.java:103)
	at org.springframework.security.web.authentication.logout.LogoutFilter.doFilter(LogoutFilter.java:89)
	at org.springframework.security.web.FilterChainProxy$VirtualFilterChain.doFilter(FilterChainProxy.java:346)
	at org.springframework.web.filter.CorsFilter.doFilterInternal(CorsFilter.java:91)
	at org.springframework.web.filter.OncePerRequestFilter.doFilter(OncePerRequestFilter.java:117)
	at org.springframework.security.web.FilterChainProxy$VirtualFilterChain.doFilter(FilterChainProxy.java:346)
	at org.springframework.security.web.header.HeaderWriterFilter.doHeadersAfter(HeaderWriterFilter.java:90)
	at org.springframework.security.web.header.HeaderWriterFilter.doFilterInternal(HeaderWriterFilter.java:75)
	at org.springframework.web.filter.OncePerRequestFilter.doFilter(OncePerRequestFilter.java:117)
	at org.springframework.security.web.FilterChainProxy$VirtualFilterChain.doFilter(FilterChainProxy.java:346)
	at org.springframework.security.web.context.SecurityContextPersistenceFilter.doFilter(SecurityContextPersistenceFilter.java:112)
	at org.springframework.security.web.context.SecurityContextPersistenceFilter.doFilter(SecurityContextPersistenceFilter.java:82)
	at org.springframework.security.web.FilterChainProxy$VirtualFilterChain.doFilter(FilterChainProxy.java:346)
	at org.springframework.security.web.context.request.async.WebAsyncManagerIntegrationFilter.doFilterInternal(WebAsyncManagerIntegrationFilter.java:55)
	at org.springframework.web.filter.OncePerRequestFilter.doFilter(OncePerRequestFilter.java:117)
	at org.springframework.security.web.FilterChainProxy$VirtualFilterChain.doFilter(FilterChainProxy.java:346)
	at org.springframework.security.web.session.DisableEncodeUrlFilter.doFilterInternal(DisableEncodeUrlFilter.java:42)
	at org.springframework.web.filter.OncePerRequestFilter.doFilter(OncePerRequestFilter.java:117)
	at org.springframework.security.web.FilterChainProxy$VirtualFilterChain.doFilter(FilterChainProxy.java:346)
	at org.springframework.security.web.FilterChainProxy.doFilterInternal(FilterChainProxy.java:221)
	at org.springframework.security.web.FilterChainProxy.doFilter(FilterChainProxy.java:186)
	at org.springframework.web.filter.DelegatingFilterProxy.invokeDelegate(DelegatingFilterProxy.java:354)
	at org.springframework.web.filter.DelegatingFilterProxy.doFilter(DelegatingFilterProxy.java:267)
	at org.apache.catalina.core.ApplicationFilterChain.internalDoFilter(ApplicationFilterChain.java:189)
	at org.apache.catalina.core.ApplicationFilterChain.doFilter(ApplicationFilterChain.java:162)
	at org.springframework.web.filter.RequestContextFilter.doFilterInternal(RequestContextFilter.java:100)
	at org.springframework.web.filter.OncePerRequestFilter.doFilter(OncePerRequestFilter.java:117)
	at org.apache.catalina.core.ApplicationFilterChain.internalDoFilter(ApplicationFilterChain.java:189)
	at org.apache.catalina.core.ApplicationFilterChain.doFilter(ApplicationFilterChain.java:162)
	at org.springframework.web.filter.FormContentFilter.doFilterInternal(FormContentFilter.java:93)
	at org.springframework.web.filter.OncePerRequestFilter.doFilter(OncePerRequestFilter.java:117)
	at org.apache.catalina.core.ApplicationFilterChain.internalDoFilter(ApplicationFilterChain.java:189)
	at org.apache.catalina.core.ApplicationFilterChain.doFilter(ApplicationFilterChain.java:162)
	at org.springframework.web.filter.CharacterEncodingFilter.doFilterInternal(CharacterEncodingFilter.java:201)
	at org.springframework.web.filter.OncePerRequestFilter.doFilter(OncePerRequestFilter.java:117)
	at org.apache.catalina.core.ApplicationFilterChain.internalDoFilter(ApplicationFilterChain.java:189)
	at org.apache.catalina.core.ApplicationFilterChain.doFilter(ApplicationFilterChain.java:162)
	at org.apache.catalina.core.StandardWrapperValve.invoke(StandardWrapperValve.java:177)
	at org.apache.catalina.core.StandardContextValve.invoke(StandardContextValve.java:97)
	at org.apache.catalina.authenticator.AuthenticatorBase.invoke(AuthenticatorBase.java:541)
	at org.apache.catalina.core.StandardHostValve.invoke(StandardHostValve.java:135)
	at org.apache.catalina.valves.ErrorReportValve.invoke(ErrorReportValve.java:92)
	at org.apache.catalina.core.StandardEngineValve.invoke(StandardEngineValve.java:78)
	at org.apache.catalina.connector.CoyoteAdapter.service(CoyoteAdapter.java:360)
	at org.apache.coyote.http11.Http11Processor.service(Http11Processor.java:399)
	at org.apache.coyote.AbstractProcessorLight.process(AbstractProcessorLight.java:65)
	at org.apache.coyote.AbstractProtocol$ConnectionHandler.process(AbstractProtocol.java:891)
	at org.apache.tomcat.util.net.NioEndpoint$SocketProcessor.doRun(NioEndpoint.java:1784)
	at org.apache.tomcat.util.net.SocketProcessorBase.run(SocketProcessorBase.java:49)
	at org.apache.tomcat.util.threads.ThreadPoolExecutor.runWorker(ThreadPoolExecutor.java:1191)
	at org.apache.tomcat.util.threads.ThreadPoolExecutor$Worker.run(ThreadPoolExecutor.java:659)
	at org.apache.tomcat.util.threads.TaskThread$WrappingRunnable.run(TaskThread.java:61)
	at java.base/java.lang.Thread.run(Thread.java:834)
Caused by: org.hibernate.exception.SQLGrammarException: could not extract ResultSet
	at org.hibernate.exception.internal.SQLStateConversionDelegate.convert(SQLStateConversionDelegate.java:103)
	at org.hibernate.exception.internal.StandardSQLExceptionConverter.convert(StandardSQLExceptionConverter.java:37)
	at org.hibernate.engine.jdbc.spi.SqlExceptionHelper.convert(SqlExceptionHelper.java:113)
	at org.hibernate.engine.jdbc.spi.SqlExceptionHelper.convert(SqlExceptionHelper.java:99)
	at org.hibernate.engine.jdbc.internal.ResultSetReturnImpl.extract(ResultSetReturnImpl.java:67)
	at org.hibernate.loader.Loader.getResultSet(Loader.java:2322)
	at org.hibernate.loader.Loader.executeQueryStatement(Loader.java:2075)
	at org.hibernate.loader.Loader.executeQueryStatement(Loader.java:2037)
	at org.hibernate.loader.Loader.doQuery(Loader.java:956)
	at org.hibernate.loader.Loader.doQueryAndInitializeNonLazyCollections(Loader.java:357)
	at org.hibernate.loader.Loader.doList(Loader.java:2868)
	at org.hibernate.loader.Loader.doList(Loader.java:2850)
	at org.hibernate.loader.Loader.listIgnoreQueryCache(Loader.java:2682)
	at org.hibernate.loader.Loader.list(Loader.java:2677)
	at org.hibernate.loader.custom.CustomLoader.list(CustomLoader.java:338)
	at org.hibernate.internal.SessionImpl.listCustomQuery(SessionImpl.java:2186)
	at org.hibernate.internal.AbstractSharedSessionContract.list(AbstractSharedSessionContract.java:1204)
	at org.hibernate.query.internal.NativeQueryImpl.doList(NativeQueryImpl.java:177)
	at org.hibernate.query.internal.AbstractProducedQuery.list(AbstractProducedQuery.java:1617)
	at org.hibernate.query.Query.getResultList(Query.java:165)
	at java.base/jdk.internal.reflect.NativeMethodAccessorImpl.invoke0(Native Method)
	at java.base/jdk.internal.reflect.NativeMethodAccessorImpl.invoke(NativeMethodAccessorImpl.java:62)
	at java.base/jdk.internal.reflect.DelegatingMethodAccessorImpl.invoke(DelegatingMethodAccessorImpl.java:43)
	at java.base/java.lang.reflect.Method.invoke(Method.java:566)
	at org.springframework.orm.jpa.SharedEntityManagerCreator$DeferredQueryInvocationHandler.invoke(SharedEntityManagerCreator.java:406)
	at com.sun.proxy.$Proxy185.getResultList(Unknown Source)
	at org.springframework.data.jpa.repository.query.JpaQueryExecution$CollectionExecution.doExecute(JpaQueryExecution.java:128)
	at org.springframework.data.jpa.repository.query.JpaQueryExecution.execute(JpaQueryExecution.java:90)
	at org.springframework.data.jpa.repository.query.AbstractJpaQuery.doExecute(AbstractJpaQuery.java:156)
	at org.springframework.data.jpa.repository.query.AbstractJpaQuery.execute(AbstractJpaQuery.java:144)
	at org.springframework.data.repository.core.support.RepositoryMethodInvoker.doInvoke(RepositoryMethodInvoker.java:137)
	at org.springframework.data.repository.core.support.RepositoryMethodInvoker.invoke(RepositoryMethodInvoker.java:121)
	at org.springframework.data.repository.core.support.QueryExecutorMethodInterceptor.doInvoke(QueryExecutorMethodInterceptor.java:160)
	at org.springframework.data.repository.core.support.QueryExecutorMethodInterceptor.invoke(QueryExecutorMethodInterceptor.java:139)
	at org.springframework.aop.framework.ReflectiveMethodInvocation.proceed(ReflectiveMethodInvocation.java:186)
	at org.springframework.data.projection.DefaultMethodInvokingMethodInterceptor.invoke(DefaultMethodInvokingMethodInterceptor.java:81)
	at org.springframework.aop.framework.ReflectiveMethodInvocation.proceed(ReflectiveMethodInvocation.java:186)
	at org.springframework.transaction.interceptor.TransactionInterceptor$1.proceedWithInvocation(TransactionInterceptor.java:123)
	at org.springframework.transaction.interceptor.TransactionAspectSupport.invokeWithinTransaction(TransactionAspectSupport.java:388)
	at org.springframework.transaction.interceptor.TransactionInterceptor.invoke(TransactionInterceptor.java:119)
	at org.springframework.aop.framework.ReflectiveMethodInvocation.proceed(ReflectiveMethodInvocation.java:186)
	at org.springframework.dao.support.PersistenceExceptionTranslationInterceptor.invoke(PersistenceExceptionTranslationInterceptor.java:137)
	... 117 common frames omitted
Caused by: com.microsoft.sqlserver.jdbc.SQLServerException: Invalid column name 'TotalRevenue'.
	at com.microsoft.sqlserver.jdbc.SQLServerException.makeFromDatabaseError(SQLServerException.java:265)
	at com.microsoft.sqlserver.jdbc.SQLServerStatement.getNextResult(SQLServerStatement.java:1676)
	at com.microsoft.sqlserver.jdbc.SQLServerPreparedStatement.doExecutePreparedStatement(SQLServerPreparedStatement.java:615)
	at com.microsoft.sqlserver.jdbc.SQLServerPreparedStatement$PrepStmtExecCmd.doExecute(SQLServerPreparedStatement.java:537)
	at com.microsoft.sqlserver.jdbc.TDSCommand.execute(IOBuffer.java:7664)
	at com.microsoft.sqlserver.jdbc.SQLServerConnection.executeCommand(SQLServerConnection.java:3791)
	at com.microsoft.sqlserver.jdbc.SQLServerStatement.executeCommand(SQLServerStatement.java:268)
	at com.microsoft.sqlserver.jdbc.SQLServerStatement.executeStatement(SQLServerStatement.java:242)
	at com.microsoft.sqlserver.jdbc.SQLServerPreparedStatement.executeQuery(SQLServerPreparedStatement.java:456)
	at com.zaxxer.hikari.pool.ProxyPreparedStatement.executeQuery(ProxyPreparedStatement.java:52)
	at com.zaxxer.hikari.pool.HikariProxyPreparedStatement.executeQuery(HikariProxyPreparedStatement.java)
	at org.hibernate.engine.jdbc.internal.ResultSetReturnImpl.extract(ResultSetReturnImpl.java:57)
	... 154 common frames omitted
[2023-04-16 09:15:53.160] INFO  [SpringApplicationShutdownHook] [o.s.o.j.LocalContainerEntityManagerFactoryBean] LocalContainerEntityManagerFactoryBean.destroy:651 - Closing JPA EntityManagerFactory for persistence unit 'default'
[2023-04-16 09:15:53.160] INFO  [SpringApplicationShutdownHook] [c.z.h.HikariDataSource] HikariDataSource.close:350 - HikariPool-1 - Shutdown initiated...
[2023-04-16 09:15:53.175] INFO  [SpringApplicationShutdownHook] [c.z.h.HikariDataSource] HikariDataSource.close:352 - HikariPool-1 - Shutdown completed.
[2023-04-16 09:16:03.883] INFO  [main] [c.h.t.ToiletMapBackEndApplication] ToiletMapBackEndApplication.logStarting:55 - Starting ToiletMapBackEndApplication using Java 11.0.16.1 on TienHuynhTN with PID 14552 (F:\FPT\Semester-9-Summer-2023\Capstone-Project\Implementation\toilet-map-back-end\target\classes started by tienhltse151104 in F:\FPT\Semester-9-Summer-2023\Capstone-Project\Implementation\toilet-map-back-end)
[2023-04-16 09:16:03.895] INFO  [main] [c.h.t.ToiletMapBackEndApplication] ToiletMapBackEndApplication.logStartupProfileInfo:637 - The following 2 profiles are active: "default", "prod"
[2023-04-16 09:16:06.343] INFO  [main] [o.s.d.r.c.RepositoryConfigurationDelegate] RepositoryConfigurationDelegate.registerRepositoriesIn:132 - Bootstrapping Spring Data JPA repositories in DEFAULT mode.
[2023-04-16 09:16:06.560] INFO  [main] [o.s.d.r.c.RepositoryConfigurationDelegate] RepositoryConfigurationDelegate.registerRepositoriesIn:201 - Finished Spring Data repository scanning in 196 ms. Found 15 JPA repository interfaces.
[2023-04-16 09:16:07.600] INFO  [main] [o.s.b.w.e.t.TomcatWebServer] TomcatWebServer.initialize:108 - Tomcat initialized with port(s): 8081 (http)
[2023-04-16 09:16:07.600] INFO  [main] [o.a.c.c.AprLifecycleListener] AprLifecycleListener.log:173 - Loaded Apache Tomcat Native library [1.2.35] using APR version [1.7.0].
[2023-04-16 09:16:07.600] INFO  [main] [o.a.c.c.AprLifecycleListener] AprLifecycleListener.log:173 - APR capabilities: IPv6 [true], sendfile [true], accept filters [false], random [true], UDS [true].
[2023-04-16 09:16:07.600] INFO  [main] [o.a.c.c.AprLifecycleListener] AprLifecycleListener.log:173 - APR/OpenSSL configuration: useAprConnector [false], useOpenSSL [true]
[2023-04-16 09:16:07.600] INFO  [main] [o.a.c.c.AprLifecycleListener] AprLifecycleListener.log:173 - OpenSSL successfully initialized [OpenSSL 1.1.1q  5 Jul 2022]
[2023-04-16 09:16:07.627] INFO  [main] [o.a.c.c.StandardService] StandardService.log:173 - Starting service [Tomcat]
[2023-04-16 09:16:07.627] INFO  [main] [o.a.c.c.StandardEngine] StandardEngine.log:173 - Starting Servlet engine: [Apache Tomcat/9.0.71]
[2023-04-16 09:16:07.900] INFO  [main] [o.a.c.c.C.[.[.[/]] [/].log:173 - Initializing Spring embedded WebApplicationContext
[2023-04-16 09:16:07.900] INFO  [main] [o.s.b.w.s.c.ServletWebServerApplicationContext] ServletWebServerApplicationContext.prepareWebApplicationContext:292 - Root WebApplicationContext: initialization completed in 3920 ms
[2023-04-16 09:16:08.795] INFO  [main] [o.h.j.i.u.LogHelper] LogHelper.logPersistenceUnitInformation:31 - HHH000204: Processing PersistenceUnitInfo [name: default]
[2023-04-16 09:16:08.890] INFO  [main] [o.h.Version] Version.logVersion:44 - HHH000412: Hibernate ORM core version 5.6.14.Final
[2023-04-16 09:16:09.152] INFO  [main] [o.h.a.c.Version] Version.<clinit>:56 - HCANN000001: Hibernate Commons Annotations {5.1.2.Final}
[2023-04-16 09:16:09.350] INFO  [main] [c.z.h.HikariDataSource] HikariDataSource.getConnection:110 - HikariPool-1 - Starting...
[2023-04-16 09:16:10.462] INFO  [main] [c.z.h.HikariDataSource] HikariDataSource.getConnection:123 - HikariPool-1 - Start completed.
[2023-04-16 09:16:10.495] INFO  [main] [o.h.d.Dialect] Dialect.<init>:175 - HHH000400: Using dialect: org.hibernate.dialect.SQLServer2012Dialect
[2023-04-16 09:16:14.822] INFO  [main] [o.h.e.t.j.p.i.JtaPlatformInitiator] JtaPlatformInitiator.initiateService:52 - HHH000490: Using JtaPlatform implementation: [org.hibernate.engine.transaction.jta.platform.internal.NoJtaPlatform]
[2023-04-16 09:16:14.880] INFO  [main] [o.s.o.j.LocalContainerEntityManagerFactoryBean] LocalContainerEntityManagerFactoryBean.buildNativeEntityManagerFactory:437 - Initialized JPA EntityManagerFactory for persistence unit 'default'
[2023-04-16 09:16:22.570] INFO  [main] [o.s.s.w.DefaultSecurityFilterChain] DefaultSecurityFilterChain.<init>:55 - Will secure any request with [org.springframework.security.web.session.DisableEncodeUrlFilter@1bd5b1c8, org.springframework.security.web.context.request.async.WebAsyncManagerIntegrationFilter@569026df, org.springframework.security.web.context.SecurityContextPersistenceFilter@4f0f56f5, org.springframework.security.web.header.HeaderWriterFilter@11e75942, org.springframework.web.filter.CorsFilter@7896e96a, org.springframework.security.web.authentication.logout.LogoutFilter@69cc3370, com.happy3friends.toiletmapbackend.sercurity.TokenAuthenticationFilter@347c5721, org.springframework.security.web.savedrequest.RequestCacheAwareFilter@7f5c4ff8, org.springframework.security.web.servletapi.SecurityContextHolderAwareRequestFilter@1d9cac6e, org.springframework.security.web.authentication.AnonymousAuthenticationFilter@4e451f9a, org.springframework.security.web.session.SessionManagementFilter@4a6d6308, org.springframework.security.web.access.ExceptionTranslationFilter@c0cb9c2, org.springframework.security.web.access.intercept.FilterSecurityInterceptor@e1d2781]
[2023-04-16 09:16:23.358] INFO  [main] [o.s.b.w.e.t.TomcatWebServer] TomcatWebServer.start:220 - Tomcat started on port(s): 8081 (http) with context path ''
[2023-04-16 09:16:23.388] INFO  [main] [c.h.t.ToiletMapBackEndApplication] ToiletMapBackEndApplication.logStarted:61 - Started ToiletMapBackEndApplication in 20.398 seconds (JVM running for 22.957)
[2023-04-16 09:16:47.105] INFO  [http-nio-8081-exec-1] [o.a.c.c.C.[.[.[/]] [/].log:173 - Initializing Spring DispatcherServlet 'dispatcherServlet'
[2023-04-16 09:16:47.106] INFO  [http-nio-8081-exec-1] [o.s.w.s.DispatcherServlet] DispatcherServlet.initServletBean:525 - Initializing Servlet 'dispatcherServlet'
[2023-04-16 09:16:47.112] INFO  [http-nio-8081-exec-1] [o.s.w.s.DispatcherServlet] DispatcherServlet.initServletBean:547 - Completed initialization in 5 ms
[2023-04-16 09:16:54.040] WARN  [http-nio-8081-exec-1] [o.h.e.j.s.SqlExceptionHelper] SqlExceptionHelper.logExceptions:137 - SQL Error: 207, SQLState: S0001
[2023-04-16 09:16:54.043] ERROR [http-nio-8081-exec-1] [o.h.e.j.s.SqlExceptionHelper] SqlExceptionHelper.logExceptions:142 - Invalid column name 'TotalRevenue'.
[2023-04-16 09:16:54.093] ERROR [http-nio-8081-exec-1] [c.h.t.h.GlobalExceptionHandler] GlobalExceptionHandler.handleInternalServerException:31 - An exception occurred: 
org.springframework.dao.InvalidDataAccessResourceUsageException: could not extract ResultSet; SQL [n/a]; nested exception is org.hibernate.exception.SQLGrammarException: could not extract ResultSet
	at org.springframework.orm.jpa.vendor.HibernateJpaDialect.convertHibernateAccessException(HibernateJpaDialect.java:259)
	at org.springframework.orm.jpa.vendor.HibernateJpaDialect.translateExceptionIfPossible(HibernateJpaDialect.java:233)
	at org.springframework.orm.jpa.AbstractEntityManagerFactoryBean.translateExceptionIfPossible(AbstractEntityManagerFactoryBean.java:551)
	at org.springframework.dao.support.ChainedPersistenceExceptionTranslator.translateExceptionIfPossible(ChainedPersistenceExceptionTranslator.java:61)
	at org.springframework.dao.support.DataAccessUtils.translateIfNecessary(DataAccessUtils.java:242)
	at org.springframework.dao.support.PersistenceExceptionTranslationInterceptor.invoke(PersistenceExceptionTranslationInterceptor.java:152)
	at org.springframework.aop.framework.ReflectiveMethodInvocation.proceed(ReflectiveMethodInvocation.java:186)
	at org.springframework.data.jpa.repository.support.CrudMethodMetadataPostProcessor$CrudMethodMetadataPopulatingMethodInterceptor.invoke(CrudMethodMetadataPostProcessor.java:145)
	at org.springframework.aop.framework.ReflectiveMethodInvocation.proceed(ReflectiveMethodInvocation.java:186)
	at org.springframework.aop.interceptor.ExposeInvocationInterceptor.invoke(ExposeInvocationInterceptor.java:97)
	at org.springframework.aop.framework.ReflectiveMethodInvocation.proceed(ReflectiveMethodInvocation.java:186)
	at org.springframework.aop.framework.JdkDynamicAopProxy.invoke(JdkDynamicAopProxy.java:215)
	at com.sun.proxy.$Proxy163.getAllReportsByCompanyId(Unknown Source)
	at com.happy3friends.toiletmapbackend.service.serviceImpl.ReportServiceImpl.getAllReportsByCompanyId(ReportServiceImpl.java:59)
	at com.happy3friends.toiletmapbackend.service.serviceImpl.ReportServiceImpl.getAllReports(ReportServiceImpl.java:119)
	at com.happy3friends.toiletmapbackend.controller.ReportController.getAllReports(ReportController.java:139)
	at com.happy3friends.toiletmapbackend.controller.ReportController$$FastClassBySpringCGLIB$$bea7b752.invoke(<generated>)
	at org.springframework.cglib.proxy.MethodProxy.invoke(MethodProxy.java:218)
	at org.springframework.aop.framework.CglibAopProxy$CglibMethodInvocation.invokeJoinpoint(CglibAopProxy.java:793)
	at org.springframework.aop.framework.ReflectiveMethodInvocation.proceed(ReflectiveMethodInvocation.java:163)
	at org.springframework.aop.framework.CglibAopProxy$CglibMethodInvocation.proceed(CglibAopProxy.java:763)
	at org.springframework.security.access.intercept.aopalliance.MethodSecurityInterceptor.invoke(MethodSecurityInterceptor.java:61)
	at org.springframework.aop.framework.ReflectiveMethodInvocation.proceed(ReflectiveMethodInvocation.java:186)
	at org.springframework.aop.framework.CglibAopProxy$CglibMethodInvocation.proceed(CglibAopProxy.java:763)
	at org.springframework.aop.framework.CglibAopProxy$DynamicAdvisedInterceptor.intercept(CglibAopProxy.java:708)
	at com.happy3friends.toiletmapbackend.controller.ReportController$$EnhancerBySpringCGLIB$$91a00cde.getAllReports(<generated>)
	at java.base/jdk.internal.reflect.NativeMethodAccessorImpl.invoke0(Native Method)
	at java.base/jdk.internal.reflect.NativeMethodAccessorImpl.invoke(NativeMethodAccessorImpl.java:62)
	at java.base/jdk.internal.reflect.DelegatingMethodAccessorImpl.invoke(DelegatingMethodAccessorImpl.java:43)
	at java.base/java.lang.reflect.Method.invoke(Method.java:566)
	at org.springframework.web.method.support.InvocableHandlerMethod.doInvoke(InvocableHandlerMethod.java:205)
	at org.springframework.web.method.support.InvocableHandlerMethod.invokeForRequest(InvocableHandlerMethod.java:150)
	at org.springframework.web.servlet.mvc.method.annotation.ServletInvocableHandlerMethod.invokeAndHandle(ServletInvocableHandlerMethod.java:117)
	at org.springframework.web.servlet.mvc.method.annotation.RequestMappingHandlerAdapter.invokeHandlerMethod(RequestMappingHandlerAdapter.java:895)
	at org.springframework.web.servlet.mvc.method.annotation.RequestMappingHandlerAdapter.handleInternal(RequestMappingHandlerAdapter.java:808)
	at org.springframework.web.servlet.mvc.method.AbstractHandlerMethodAdapter.handle(AbstractHandlerMethodAdapter.java:87)
	at org.springframework.web.servlet.DispatcherServlet.doDispatch(DispatcherServlet.java:1071)
	at org.springframework.web.servlet.DispatcherServlet.doService(DispatcherServlet.java:964)
	at org.springframework.web.servlet.FrameworkServlet.processRequest(FrameworkServlet.java:1006)
	at org.springframework.web.servlet.FrameworkServlet.doGet(FrameworkServlet.java:898)
	at javax.servlet.http.HttpServlet.service(HttpServlet.java:670)
	at org.springframework.web.servlet.FrameworkServlet.service(FrameworkServlet.java:883)
	at javax.servlet.http.HttpServlet.service(HttpServlet.java:779)
	at org.apache.catalina.core.ApplicationFilterChain.internalDoFilter(ApplicationFilterChain.java:227)
	at org.apache.catalina.core.ApplicationFilterChain.doFilter(ApplicationFilterChain.java:162)
	at org.apache.tomcat.websocket.server.WsFilter.doFilter(WsFilter.java:53)
	at org.apache.catalina.core.ApplicationFilterChain.internalDoFilter(ApplicationFilterChain.java:189)
	at org.apache.catalina.core.ApplicationFilterChain.doFilter(ApplicationFilterChain.java:162)
	at org.springframework.web.filter.OncePerRequestFilter.doFilter(OncePerRequestFilter.java:111)
	at org.apache.catalina.core.ApplicationFilterChain.internalDoFilter(ApplicationFilterChain.java:189)
	at org.apache.catalina.core.ApplicationFilterChain.doFilter(ApplicationFilterChain.java:162)
	at org.springframework.security.web.FilterChainProxy$VirtualFilterChain.doFilter(FilterChainProxy.java:337)
	at org.springframework.security.web.access.intercept.FilterSecurityInterceptor.invoke(FilterSecurityInterceptor.java:115)
	at org.springframework.security.web.access.intercept.FilterSecurityInterceptor.doFilter(FilterSecurityInterceptor.java:81)
	at org.springframework.security.web.FilterChainProxy$VirtualFilterChain.doFilter(FilterChainProxy.java:346)
	at org.springframework.security.web.access.ExceptionTranslationFilter.doFilter(ExceptionTranslationFilter.java:122)
	at org.springframework.security.web.access.ExceptionTranslationFilter.doFilter(ExceptionTranslationFilter.java:116)
	at org.springframework.security.web.FilterChainProxy$VirtualFilterChain.doFilter(FilterChainProxy.java:346)
	at org.springframework.security.web.session.SessionManagementFilter.doFilter(SessionManagementFilter.java:126)
	at org.springframework.security.web.session.SessionManagementFilter.doFilter(SessionManagementFilter.java:81)
	at org.springframework.security.web.FilterChainProxy$VirtualFilterChain.doFilter(FilterChainProxy.java:346)
	at org.springframework.security.web.authentication.AnonymousAuthenticationFilter.doFilter(AnonymousAuthenticationFilter.java:109)
	at org.springframework.security.web.FilterChainProxy$VirtualFilterChain.doFilter(FilterChainProxy.java:346)
	at org.springframework.security.web.servletapi.SecurityContextHolderAwareRequestFilter.doFilter(SecurityContextHolderAwareRequestFilter.java:149)
	at org.springframework.security.web.FilterChainProxy$VirtualFilterChain.doFilter(FilterChainProxy.java:346)
	at org.springframework.security.web.savedrequest.RequestCacheAwareFilter.doFilter(RequestCacheAwareFilter.java:63)
	at org.springframework.security.web.FilterChainProxy$VirtualFilterChain.doFilter(FilterChainProxy.java:346)
	at com.happy3friends.toiletmapbackend.sercurity.TokenAuthenticationFilter.doFilterInternal(TokenAuthenticationFilter.java:65)
	at org.springframework.web.filter.OncePerRequestFilter.doFilter(OncePerRequestFilter.java:117)
	at org.springframework.security.web.FilterChainProxy$VirtualFilterChain.doFilter(FilterChainProxy.java:346)
	at org.springframework.security.web.authentication.logout.LogoutFilter.doFilter(LogoutFilter.java:103)
	at org.springframework.security.web.authentication.logout.LogoutFilter.doFilter(LogoutFilter.java:89)
	at org.springframework.security.web.FilterChainProxy$VirtualFilterChain.doFilter(FilterChainProxy.java:346)
	at org.springframework.web.filter.CorsFilter.doFilterInternal(CorsFilter.java:91)
	at org.springframework.web.filter.OncePerRequestFilter.doFilter(OncePerRequestFilter.java:117)
	at org.springframework.security.web.FilterChainProxy$VirtualFilterChain.doFilter(FilterChainProxy.java:346)
	at org.springframework.security.web.header.HeaderWriterFilter.doHeadersAfter(HeaderWriterFilter.java:90)
	at org.springframework.security.web.header.HeaderWriterFilter.doFilterInternal(HeaderWriterFilter.java:75)
	at org.springframework.web.filter.OncePerRequestFilter.doFilter(OncePerRequestFilter.java:117)
	at org.springframework.security.web.FilterChainProxy$VirtualFilterChain.doFilter(FilterChainProxy.java:346)
	at org.springframework.security.web.context.SecurityContextPersistenceFilter.doFilter(SecurityContextPersistenceFilter.java:112)
	at org.springframework.security.web.context.SecurityContextPersistenceFilter.doFilter(SecurityContextPersistenceFilter.java:82)
	at org.springframework.security.web.FilterChainProxy$VirtualFilterChain.doFilter(FilterChainProxy.java:346)
	at org.springframework.security.web.context.request.async.WebAsyncManagerIntegrationFilter.doFilterInternal(WebAsyncManagerIntegrationFilter.java:55)
	at org.springframework.web.filter.OncePerRequestFilter.doFilter(OncePerRequestFilter.java:117)
	at org.springframework.security.web.FilterChainProxy$VirtualFilterChain.doFilter(FilterChainProxy.java:346)
	at org.springframework.security.web.session.DisableEncodeUrlFilter.doFilterInternal(DisableEncodeUrlFilter.java:42)
	at org.springframework.web.filter.OncePerRequestFilter.doFilter(OncePerRequestFilter.java:117)
	at org.springframework.security.web.FilterChainProxy$VirtualFilterChain.doFilter(FilterChainProxy.java:346)
	at org.springframework.security.web.FilterChainProxy.doFilterInternal(FilterChainProxy.java:221)
	at org.springframework.security.web.FilterChainProxy.doFilter(FilterChainProxy.java:186)
	at org.springframework.web.filter.DelegatingFilterProxy.invokeDelegate(DelegatingFilterProxy.java:354)
	at org.springframework.web.filter.DelegatingFilterProxy.doFilter(DelegatingFilterProxy.java:267)
	at org.apache.catalina.core.ApplicationFilterChain.internalDoFilter(ApplicationFilterChain.java:189)
	at org.apache.catalina.core.ApplicationFilterChain.doFilter(ApplicationFilterChain.java:162)
	at org.springframework.web.filter.RequestContextFilter.doFilterInternal(RequestContextFilter.java:100)
	at org.springframework.web.filter.OncePerRequestFilter.doFilter(OncePerRequestFilter.java:117)
	at org.apache.catalina.core.ApplicationFilterChain.internalDoFilter(ApplicationFilterChain.java:189)
	at org.apache.catalina.core.ApplicationFilterChain.doFilter(ApplicationFilterChain.java:162)
	at org.springframework.web.filter.FormContentFilter.doFilterInternal(FormContentFilter.java:93)
	at org.springframework.web.filter.OncePerRequestFilter.doFilter(OncePerRequestFilter.java:117)
	at org.apache.catalina.core.ApplicationFilterChain.internalDoFilter(ApplicationFilterChain.java:189)
	at org.apache.catalina.core.ApplicationFilterChain.doFilter(ApplicationFilterChain.java:162)
	at org.springframework.web.filter.CharacterEncodingFilter.doFilterInternal(CharacterEncodingFilter.java:201)
	at org.springframework.web.filter.OncePerRequestFilter.doFilter(OncePerRequestFilter.java:117)
	at org.apache.catalina.core.ApplicationFilterChain.internalDoFilter(ApplicationFilterChain.java:189)
	at org.apache.catalina.core.ApplicationFilterChain.doFilter(ApplicationFilterChain.java:162)
	at org.apache.catalina.core.StandardWrapperValve.invoke(StandardWrapperValve.java:177)
	at org.apache.catalina.core.StandardContextValve.invoke(StandardContextValve.java:97)
	at org.apache.catalina.authenticator.AuthenticatorBase.invoke(AuthenticatorBase.java:541)
	at org.apache.catalina.core.StandardHostValve.invoke(StandardHostValve.java:135)
	at org.apache.catalina.valves.ErrorReportValve.invoke(ErrorReportValve.java:92)
	at org.apache.catalina.core.StandardEngineValve.invoke(StandardEngineValve.java:78)
	at org.apache.catalina.connector.CoyoteAdapter.service(CoyoteAdapter.java:360)
	at org.apache.coyote.http11.Http11Processor.service(Http11Processor.java:399)
	at org.apache.coyote.AbstractProcessorLight.process(AbstractProcessorLight.java:65)
	at org.apache.coyote.AbstractProtocol$ConnectionHandler.process(AbstractProtocol.java:891)
	at org.apache.tomcat.util.net.NioEndpoint$SocketProcessor.doRun(NioEndpoint.java:1784)
	at org.apache.tomcat.util.net.SocketProcessorBase.run(SocketProcessorBase.java:49)
	at org.apache.tomcat.util.threads.ThreadPoolExecutor.runWorker(ThreadPoolExecutor.java:1191)
	at org.apache.tomcat.util.threads.ThreadPoolExecutor$Worker.run(ThreadPoolExecutor.java:659)
	at org.apache.tomcat.util.threads.TaskThread$WrappingRunnable.run(TaskThread.java:61)
	at java.base/java.lang.Thread.run(Thread.java:834)
Caused by: org.hibernate.exception.SQLGrammarException: could not extract ResultSet
	at org.hibernate.exception.internal.SQLStateConversionDelegate.convert(SQLStateConversionDelegate.java:103)
	at org.hibernate.exception.internal.StandardSQLExceptionConverter.convert(StandardSQLExceptionConverter.java:37)
	at org.hibernate.engine.jdbc.spi.SqlExceptionHelper.convert(SqlExceptionHelper.java:113)
	at org.hibernate.engine.jdbc.spi.SqlExceptionHelper.convert(SqlExceptionHelper.java:99)
	at org.hibernate.engine.jdbc.internal.ResultSetReturnImpl.extract(ResultSetReturnImpl.java:67)
	at org.hibernate.loader.Loader.getResultSet(Loader.java:2322)
	at org.hibernate.loader.Loader.executeQueryStatement(Loader.java:2075)
	at org.hibernate.loader.Loader.executeQueryStatement(Loader.java:2037)
	at org.hibernate.loader.Loader.doQuery(Loader.java:956)
	at org.hibernate.loader.Loader.doQueryAndInitializeNonLazyCollections(Loader.java:357)
	at org.hibernate.loader.Loader.doList(Loader.java:2868)
	at org.hibernate.loader.Loader.doList(Loader.java:2850)
	at org.hibernate.loader.Loader.listIgnoreQueryCache(Loader.java:2682)
	at org.hibernate.loader.Loader.list(Loader.java:2677)
	at org.hibernate.loader.custom.CustomLoader.list(CustomLoader.java:338)
	at org.hibernate.internal.SessionImpl.listCustomQuery(SessionImpl.java:2186)
	at org.hibernate.internal.AbstractSharedSessionContract.list(AbstractSharedSessionContract.java:1204)
	at org.hibernate.query.internal.NativeQueryImpl.doList(NativeQueryImpl.java:177)
	at org.hibernate.query.internal.AbstractProducedQuery.list(AbstractProducedQuery.java:1617)
	at org.hibernate.query.Query.getResultList(Query.java:165)
	at java.base/jdk.internal.reflect.NativeMethodAccessorImpl.invoke0(Native Method)
	at java.base/jdk.internal.reflect.NativeMethodAccessorImpl.invoke(NativeMethodAccessorImpl.java:62)
	at java.base/jdk.internal.reflect.DelegatingMethodAccessorImpl.invoke(DelegatingMethodAccessorImpl.java:43)
	at java.base/java.lang.reflect.Method.invoke(Method.java:566)
	at org.springframework.orm.jpa.SharedEntityManagerCreator$DeferredQueryInvocationHandler.invoke(SharedEntityManagerCreator.java:406)
	at com.sun.proxy.$Proxy185.getResultList(Unknown Source)
	at org.springframework.data.jpa.repository.query.JpaQueryExecution$CollectionExecution.doExecute(JpaQueryExecution.java:128)
	at org.springframework.data.jpa.repository.query.JpaQueryExecution.execute(JpaQueryExecution.java:90)
	at org.springframework.data.jpa.repository.query.AbstractJpaQuery.doExecute(AbstractJpaQuery.java:156)
	at org.springframework.data.jpa.repository.query.AbstractJpaQuery.execute(AbstractJpaQuery.java:144)
	at org.springframework.data.repository.core.support.RepositoryMethodInvoker.doInvoke(RepositoryMethodInvoker.java:137)
	at org.springframework.data.repository.core.support.RepositoryMethodInvoker.invoke(RepositoryMethodInvoker.java:121)
	at org.springframework.data.repository.core.support.QueryExecutorMethodInterceptor.doInvoke(QueryExecutorMethodInterceptor.java:160)
	at org.springframework.data.repository.core.support.QueryExecutorMethodInterceptor.invoke(QueryExecutorMethodInterceptor.java:139)
	at org.springframework.aop.framework.ReflectiveMethodInvocation.proceed(ReflectiveMethodInvocation.java:186)
	at org.springframework.data.projection.DefaultMethodInvokingMethodInterceptor.invoke(DefaultMethodInvokingMethodInterceptor.java:81)
	at org.springframework.aop.framework.ReflectiveMethodInvocation.proceed(ReflectiveMethodInvocation.java:186)
	at org.springframework.transaction.interceptor.TransactionInterceptor$1.proceedWithInvocation(TransactionInterceptor.java:123)
	at org.springframework.transaction.interceptor.TransactionAspectSupport.invokeWithinTransaction(TransactionAspectSupport.java:388)
	at org.springframework.transaction.interceptor.TransactionInterceptor.invoke(TransactionInterceptor.java:119)
	at org.springframework.aop.framework.ReflectiveMethodInvocation.proceed(ReflectiveMethodInvocation.java:186)
	at org.springframework.dao.support.PersistenceExceptionTranslationInterceptor.invoke(PersistenceExceptionTranslationInterceptor.java:137)
	... 117 common frames omitted
Caused by: com.microsoft.sqlserver.jdbc.SQLServerException: Invalid column name 'TotalRevenue'.
	at com.microsoft.sqlserver.jdbc.SQLServerException.makeFromDatabaseError(SQLServerException.java:265)
	at com.microsoft.sqlserver.jdbc.SQLServerStatement.getNextResult(SQLServerStatement.java:1676)
	at com.microsoft.sqlserver.jdbc.SQLServerPreparedStatement.doExecutePreparedStatement(SQLServerPreparedStatement.java:615)
	at com.microsoft.sqlserver.jdbc.SQLServerPreparedStatement$PrepStmtExecCmd.doExecute(SQLServerPreparedStatement.java:537)
	at com.microsoft.sqlserver.jdbc.TDSCommand.execute(IOBuffer.java:7664)
	at com.microsoft.sqlserver.jdbc.SQLServerConnection.executeCommand(SQLServerConnection.java:3791)
	at com.microsoft.sqlserver.jdbc.SQLServerStatement.executeCommand(SQLServerStatement.java:268)
	at com.microsoft.sqlserver.jdbc.SQLServerStatement.executeStatement(SQLServerStatement.java:242)
	at com.microsoft.sqlserver.jdbc.SQLServerPreparedStatement.executeQuery(SQLServerPreparedStatement.java:456)
	at com.zaxxer.hikari.pool.ProxyPreparedStatement.executeQuery(ProxyPreparedStatement.java:52)
	at com.zaxxer.hikari.pool.HikariProxyPreparedStatement.executeQuery(HikariProxyPreparedStatement.java)
	at org.hibernate.engine.jdbc.internal.ResultSetReturnImpl.extract(ResultSetReturnImpl.java:57)
	... 154 common frames omitted
[2023-04-16 09:18:15.395] INFO  [SpringApplicationShutdownHook] [o.s.o.j.LocalContainerEntityManagerFactoryBean] LocalContainerEntityManagerFactoryBean.destroy:651 - Closing JPA EntityManagerFactory for persistence unit 'default'
[2023-04-16 09:18:15.728] INFO  [SpringApplicationShutdownHook] [c.z.h.HikariDataSource] HikariDataSource.close:350 - HikariPool-1 - Shutdown initiated...
[2023-04-16 09:18:15.908] INFO  [SpringApplicationShutdownHook] [c.z.h.HikariDataSource] HikariDataSource.close:352 - HikariPool-1 - Shutdown completed.
[2023-04-16 09:18:35.217] INFO  [main] [c.h.t.ToiletMapBackEndApplication] ToiletMapBackEndApplication.logStarting:55 - Starting ToiletMapBackEndApplication using Java 11.0.16.1 on TienHuynhTN with PID 25260 (F:\FPT\Semester-9-Summer-2023\Capstone-Project\Implementation\toilet-map-back-end\target\classes started by tienhltse151104 in F:\FPT\Semester-9-Summer-2023\Capstone-Project\Implementation\toilet-map-back-end)
[2023-04-16 09:18:35.224] INFO  [main] [c.h.t.ToiletMapBackEndApplication] ToiletMapBackEndApplication.logStartupProfileInfo:637 - The following 2 profiles are active: "default", "prod"
[2023-04-16 09:18:39.950] INFO  [main] [o.s.d.r.c.RepositoryConfigurationDelegate] RepositoryConfigurationDelegate.registerRepositoriesIn:132 - Bootstrapping Spring Data JPA repositories in DEFAULT mode.
[2023-04-16 09:18:40.250] INFO  [main] [o.s.d.r.c.RepositoryConfigurationDelegate] RepositoryConfigurationDelegate.registerRepositoriesIn:201 - Finished Spring Data repository scanning in 276 ms. Found 15 JPA repository interfaces.
[2023-04-16 09:18:41.598] INFO  [main] [o.s.b.w.e.t.TomcatWebServer] TomcatWebServer.initialize:108 - Tomcat initialized with port(s): 8081 (http)
[2023-04-16 09:18:41.600] INFO  [main] [o.a.c.c.AprLifecycleListener] AprLifecycleListener.log:173 - Loaded Apache Tomcat Native library [1.2.35] using APR version [1.7.0].
[2023-04-16 09:18:41.600] INFO  [main] [o.a.c.c.AprLifecycleListener] AprLifecycleListener.log:173 - APR capabilities: IPv6 [true], sendfile [true], accept filters [false], random [true], UDS [true].
[2023-04-16 09:18:41.600] INFO  [main] [o.a.c.c.AprLifecycleListener] AprLifecycleListener.log:173 - APR/OpenSSL configuration: useAprConnector [false], useOpenSSL [true]
[2023-04-16 09:18:41.623] INFO  [main] [o.a.c.c.AprLifecycleListener] AprLifecycleListener.log:173 - OpenSSL successfully initialized [OpenSSL 1.1.1q  5 Jul 2022]
[2023-04-16 09:18:41.635] INFO  [main] [o.a.c.c.StandardService] StandardService.log:173 - Starting service [Tomcat]
[2023-04-16 09:18:41.636] INFO  [main] [o.a.c.c.StandardEngine] StandardEngine.log:173 - Starting Servlet engine: [Apache Tomcat/9.0.71]
[2023-04-16 09:18:41.905] INFO  [main] [o.a.c.c.C.[.[.[/]] [/].log:173 - Initializing Spring embedded WebApplicationContext
[2023-04-16 09:18:41.906] INFO  [main] [o.s.b.w.s.c.ServletWebServerApplicationContext] ServletWebServerApplicationContext.prepareWebApplicationContext:292 - Root WebApplicationContext: initialization completed in 6531 ms
[2023-04-16 09:18:42.708] INFO  [main] [o.h.j.i.u.LogHelper] LogHelper.logPersistenceUnitInformation:31 - HHH000204: Processing PersistenceUnitInfo [name: default]
[2023-04-16 09:18:42.841] INFO  [main] [o.h.Version] Version.logVersion:44 - HHH000412: Hibernate ORM core version 5.6.14.Final
[2023-04-16 09:18:43.160] INFO  [main] [o.h.a.c.Version] Version.<clinit>:56 - HCANN000001: Hibernate Commons Annotations {5.1.2.Final}
[2023-04-16 09:18:43.415] INFO  [main] [c.z.h.HikariDataSource] HikariDataSource.getConnection:110 - HikariPool-1 - Starting...
[2023-04-16 09:18:44.563] INFO  [main] [c.z.h.HikariDataSource] HikariDataSource.getConnection:123 - HikariPool-1 - Start completed.
[2023-04-16 09:18:44.599] INFO  [main] [o.h.d.Dialect] Dialect.<init>:175 - HHH000400: Using dialect: org.hibernate.dialect.SQLServer2012Dialect
[2023-04-16 09:18:46.536] INFO  [main] [o.h.e.t.j.p.i.JtaPlatformInitiator] JtaPlatformInitiator.initiateService:52 - HHH000490: Using JtaPlatform implementation: [org.hibernate.engine.transaction.jta.platform.internal.NoJtaPlatform]
[2023-04-16 09:18:46.554] INFO  [main] [o.s.o.j.LocalContainerEntityManagerFactoryBean] LocalContainerEntityManagerFactoryBean.buildNativeEntityManagerFactory:437 - Initialized JPA EntityManagerFactory for persistence unit 'default'
[2023-04-16 09:18:49.843] INFO  [main] [o.s.s.w.DefaultSecurityFilterChain] DefaultSecurityFilterChain.<init>:55 - Will secure any request with [org.springframework.security.web.session.DisableEncodeUrlFilter@78d49939, org.springframework.security.web.context.request.async.WebAsyncManagerIntegrationFilter@21f27bb5, org.springframework.security.web.context.SecurityContextPersistenceFilter@7d7888a5, org.springframework.security.web.header.HeaderWriterFilter@230dd372, org.springframework.web.filter.CorsFilter@2e2a2b07, org.springframework.security.web.authentication.logout.LogoutFilter@5bb45afc, com.happy3friends.toiletmapbackend.sercurity.TokenAuthenticationFilter@49c37918, org.springframework.security.web.savedrequest.RequestCacheAwareFilter@23a78d2e, org.springframework.security.web.servletapi.SecurityContextHolderAwareRequestFilter@773cc551, org.springframework.security.web.authentication.AnonymousAuthenticationFilter@52dc71b2, org.springframework.security.web.session.SessionManagementFilter@51c15508, org.springframework.security.web.access.ExceptionTranslationFilter@1254a3cd, org.springframework.security.web.access.intercept.FilterSecurityInterceptor@39e91bda]
[2023-04-16 09:18:50.431] INFO  [main] [o.s.b.w.e.t.TomcatWebServer] TomcatWebServer.start:220 - Tomcat started on port(s): 8081 (http) with context path ''
[2023-04-16 09:18:50.456] INFO  [main] [c.h.t.ToiletMapBackEndApplication] ToiletMapBackEndApplication.logStarted:61 - Started ToiletMapBackEndApplication in 16.402 seconds (JVM running for 19.325)
[2023-04-16 09:19:13.368] INFO  [http-nio-8081-exec-1] [o.a.c.c.C.[.[.[/]] [/].log:173 - Initializing Spring DispatcherServlet 'dispatcherServlet'
[2023-04-16 09:19:13.370] INFO  [http-nio-8081-exec-1] [o.s.w.s.DispatcherServlet] DispatcherServlet.initServletBean:525 - Initializing Servlet 'dispatcherServlet'
[2023-04-16 09:19:13.381] INFO  [http-nio-8081-exec-1] [o.s.w.s.DispatcherServlet] DispatcherServlet.initServletBean:547 - Completed initialization in 4 ms
[2023-04-16 09:21:52.050] INFO  [SpringApplicationShutdownHook] [o.s.o.j.LocalContainerEntityManagerFactoryBean] LocalContainerEntityManagerFactoryBean.destroy:651 - Closing JPA EntityManagerFactory for persistence unit 'default'
[2023-04-16 09:21:52.098] INFO  [SpringApplicationShutdownHook] [c.z.h.HikariDataSource] HikariDataSource.close:350 - HikariPool-1 - Shutdown initiated...
[2023-04-16 09:21:52.142] INFO  [SpringApplicationShutdownHook] [c.z.h.HikariDataSource] HikariDataSource.close:352 - HikariPool-1 - Shutdown completed.
[2023-04-16 09:22:03.904] INFO  [main] [c.h.t.ToiletMapBackEndApplication] ToiletMapBackEndApplication.logStarting:55 - Starting ToiletMapBackEndApplication using Java 11.0.16.1 on TienHuynhTN with PID 23768 (F:\FPT\Semester-9-Summer-2023\Capstone-Project\Implementation\toilet-map-back-end\target\classes started by tienhltse151104 in F:\FPT\Semester-9-Summer-2023\Capstone-Project\Implementation\toilet-map-back-end)
[2023-04-16 09:22:03.910] INFO  [main] [c.h.t.ToiletMapBackEndApplication] ToiletMapBackEndApplication.logStartupProfileInfo:637 - The following 2 profiles are active: "default", "prod"
[2023-04-16 09:22:06.505] INFO  [main] [o.s.d.r.c.RepositoryConfigurationDelegate] RepositoryConfigurationDelegate.registerRepositoriesIn:132 - Bootstrapping Spring Data JPA repositories in DEFAULT mode.
[2023-04-16 09:22:06.691] INFO  [main] [o.s.d.r.c.RepositoryConfigurationDelegate] RepositoryConfigurationDelegate.registerRepositoriesIn:201 - Finished Spring Data repository scanning in 174 ms. Found 15 JPA repository interfaces.
[2023-04-16 09:22:07.682] INFO  [main] [o.s.b.w.e.t.TomcatWebServer] TomcatWebServer.initialize:108 - Tomcat initialized with port(s): 8081 (http)
[2023-04-16 09:22:07.684] INFO  [main] [o.a.c.c.AprLifecycleListener] AprLifecycleListener.log:173 - Loaded Apache Tomcat Native library [1.2.35] using APR version [1.7.0].
[2023-04-16 09:22:07.684] INFO  [main] [o.a.c.c.AprLifecycleListener] AprLifecycleListener.log:173 - APR capabilities: IPv6 [true], sendfile [true], accept filters [false], random [true], UDS [true].
[2023-04-16 09:22:07.684] INFO  [main] [o.a.c.c.AprLifecycleListener] AprLifecycleListener.log:173 - APR/OpenSSL configuration: useAprConnector [false], useOpenSSL [true]
[2023-04-16 09:22:07.690] INFO  [main] [o.a.c.c.AprLifecycleListener] AprLifecycleListener.log:173 - OpenSSL successfully initialized [OpenSSL 1.1.1q  5 Jul 2022]
[2023-04-16 09:22:07.706] INFO  [main] [o.a.c.c.StandardService] StandardService.log:173 - Starting service [Tomcat]
[2023-04-16 09:22:07.706] INFO  [main] [o.a.c.c.StandardEngine] StandardEngine.log:173 - Starting Servlet engine: [Apache Tomcat/9.0.71]
[2023-04-16 09:22:07.926] INFO  [main] [o.a.c.c.C.[.[.[/]] [/].log:173 - Initializing Spring embedded WebApplicationContext
[2023-04-16 09:22:07.928] INFO  [main] [o.s.b.w.s.c.ServletWebServerApplicationContext] ServletWebServerApplicationContext.prepareWebApplicationContext:292 - Root WebApplicationContext: initialization completed in 3918 ms
[2023-04-16 09:22:08.620] INFO  [main] [o.h.j.i.u.LogHelper] LogHelper.logPersistenceUnitInformation:31 - HHH000204: Processing PersistenceUnitInfo [name: default]
[2023-04-16 09:22:08.714] INFO  [main] [o.h.Version] Version.logVersion:44 - HHH000412: Hibernate ORM core version 5.6.14.Final
[2023-04-16 09:22:08.951] INFO  [main] [o.h.a.c.Version] Version.<clinit>:56 - HCANN000001: Hibernate Commons Annotations {5.1.2.Final}
[2023-04-16 09:22:09.228] INFO  [main] [c.z.h.HikariDataSource] HikariDataSource.getConnection:110 - HikariPool-1 - Starting...
[2023-04-16 09:22:10.896] INFO  [main] [c.z.h.HikariDataSource] HikariDataSource.getConnection:123 - HikariPool-1 - Start completed.
[2023-04-16 09:22:10.953] INFO  [main] [o.h.d.Dialect] Dialect.<init>:175 - HHH000400: Using dialect: org.hibernate.dialect.SQLServer2012Dialect
[2023-04-16 09:22:13.035] INFO  [main] [o.h.e.t.j.p.i.JtaPlatformInitiator] JtaPlatformInitiator.initiateService:52 - HHH000490: Using JtaPlatform implementation: [org.hibernate.engine.transaction.jta.platform.internal.NoJtaPlatform]
[2023-04-16 09:22:13.050] INFO  [main] [o.s.o.j.LocalContainerEntityManagerFactoryBean] LocalContainerEntityManagerFactoryBean.buildNativeEntityManagerFactory:437 - Initialized JPA EntityManagerFactory for persistence unit 'default'
[2023-04-16 09:22:16.801] INFO  [main] [o.s.s.w.DefaultSecurityFilterChain] DefaultSecurityFilterChain.<init>:55 - Will secure any request with [org.springframework.security.web.session.DisableEncodeUrlFilter@1722ede1, org.springframework.security.web.context.request.async.WebAsyncManagerIntegrationFilter@307ba188, org.springframework.security.web.context.SecurityContextPersistenceFilter@1b897ffb, org.springframework.security.web.header.HeaderWriterFilter@5b312863, org.springframework.web.filter.CorsFilter@34f3c920, org.springframework.security.web.authentication.logout.LogoutFilter@773cc551, com.happy3friends.toiletmapbackend.sercurity.TokenAuthenticationFilter@7603cfc2, org.springframework.security.web.savedrequest.RequestCacheAwareFilter@3074575a, org.springframework.security.web.servletapi.SecurityContextHolderAwareRequestFilter@51c15508, org.springframework.security.web.authentication.AnonymousAuthenticationFilter@73f0b216, org.springframework.security.web.session.SessionManagementFilter@4b6fc231, org.springframework.security.web.access.ExceptionTranslationFilter@24be6e34, org.springframework.security.web.access.intercept.FilterSecurityInterceptor@7305a443]
[2023-04-16 09:22:17.580] INFO  [main] [o.s.b.w.e.t.TomcatWebServer] TomcatWebServer.start:220 - Tomcat started on port(s): 8081 (http) with context path ''
[2023-04-16 09:22:17.608] INFO  [main] [c.h.t.ToiletMapBackEndApplication] ToiletMapBackEndApplication.logStarted:61 - Started ToiletMapBackEndApplication in 14.678 seconds (JVM running for 17.012)
[2023-04-16 09:22:33.334] INFO  [http-nio-8081-exec-1] [o.a.c.c.C.[.[.[/]] [/].log:173 - Initializing Spring DispatcherServlet 'dispatcherServlet'
[2023-04-16 09:22:33.334] INFO  [http-nio-8081-exec-1] [o.s.w.s.DispatcherServlet] DispatcherServlet.initServletBean:525 - Initializing Servlet 'dispatcherServlet'
[2023-04-16 09:22:33.340] INFO  [http-nio-8081-exec-1] [o.s.w.s.DispatcherServlet] DispatcherServlet.initServletBean:547 - Completed initialization in 6 ms
[2023-04-16 09:22:34.187] WARN  [http-nio-8081-exec-1] [o.h.e.j.s.SqlExceptionHelper] SqlExceptionHelper.logExceptions:137 - SQL Error: 207, SQLState: S0001
[2023-04-16 09:22:34.188] ERROR [http-nio-8081-exec-1] [o.h.e.j.s.SqlExceptionHelper] SqlExceptionHelper.logExceptions:142 - Invalid column name 'TotalRevenue'.
[2023-04-16 09:22:34.204] ERROR [http-nio-8081-exec-1] [c.h.t.h.GlobalExceptionHandler] GlobalExceptionHandler.handleInternalServerException:31 - An exception occurred: 
org.springframework.dao.InvalidDataAccessResourceUsageException: could not extract ResultSet; SQL [n/a]; nested exception is org.hibernate.exception.SQLGrammarException: could not extract ResultSet
	at org.springframework.orm.jpa.vendor.HibernateJpaDialect.convertHibernateAccessException(HibernateJpaDialect.java:259)
	at org.springframework.orm.jpa.vendor.HibernateJpaDialect.translateExceptionIfPossible(HibernateJpaDialect.java:233)
	at org.springframework.orm.jpa.AbstractEntityManagerFactoryBean.translateExceptionIfPossible(AbstractEntityManagerFactoryBean.java:551)
	at org.springframework.dao.support.ChainedPersistenceExceptionTranslator.translateExceptionIfPossible(ChainedPersistenceExceptionTranslator.java:61)
	at org.springframework.dao.support.DataAccessUtils.translateIfNecessary(DataAccessUtils.java:242)
	at org.springframework.dao.support.PersistenceExceptionTranslationInterceptor.invoke(PersistenceExceptionTranslationInterceptor.java:152)
	at org.springframework.aop.framework.ReflectiveMethodInvocation.proceed(ReflectiveMethodInvocation.java:186)
	at org.springframework.data.jpa.repository.support.CrudMethodMetadataPostProcessor$CrudMethodMetadataPopulatingMethodInterceptor.invoke(CrudMethodMetadataPostProcessor.java:145)
	at org.springframework.aop.framework.ReflectiveMethodInvocation.proceed(ReflectiveMethodInvocation.java:186)
	at org.springframework.aop.interceptor.ExposeInvocationInterceptor.invoke(ExposeInvocationInterceptor.java:97)
	at org.springframework.aop.framework.ReflectiveMethodInvocation.proceed(ReflectiveMethodInvocation.java:186)
	at org.springframework.aop.framework.JdkDynamicAopProxy.invoke(JdkDynamicAopProxy.java:215)
	at com.sun.proxy.$Proxy163.getAllReportsByCompanyId(Unknown Source)
	at com.happy3friends.toiletmapbackend.service.serviceImpl.ReportServiceImpl.getAllReportsByCompanyId(ReportServiceImpl.java:59)
	at com.happy3friends.toiletmapbackend.service.serviceImpl.ReportServiceImpl.getAllReports(ReportServiceImpl.java:119)
	at com.happy3friends.toiletmapbackend.controller.ReportController.getAllReports(ReportController.java:139)
	at com.happy3friends.toiletmapbackend.controller.ReportController$$FastClassBySpringCGLIB$$bea7b752.invoke(<generated>)
	at org.springframework.cglib.proxy.MethodProxy.invoke(MethodProxy.java:218)
	at org.springframework.aop.framework.CglibAopProxy$CglibMethodInvocation.invokeJoinpoint(CglibAopProxy.java:793)
	at org.springframework.aop.framework.ReflectiveMethodInvocation.proceed(ReflectiveMethodInvocation.java:163)
	at org.springframework.aop.framework.CglibAopProxy$CglibMethodInvocation.proceed(CglibAopProxy.java:763)
	at org.springframework.security.access.intercept.aopalliance.MethodSecurityInterceptor.invoke(MethodSecurityInterceptor.java:61)
	at org.springframework.aop.framework.ReflectiveMethodInvocation.proceed(ReflectiveMethodInvocation.java:186)
	at org.springframework.aop.framework.CglibAopProxy$CglibMethodInvocation.proceed(CglibAopProxy.java:763)
	at org.springframework.aop.framework.CglibAopProxy$DynamicAdvisedInterceptor.intercept(CglibAopProxy.java:708)
	at com.happy3friends.toiletmapbackend.controller.ReportController$$EnhancerBySpringCGLIB$$8ffe9a60.getAllReports(<generated>)
	at java.base/jdk.internal.reflect.NativeMethodAccessorImpl.invoke0(Native Method)
	at java.base/jdk.internal.reflect.NativeMethodAccessorImpl.invoke(NativeMethodAccessorImpl.java:62)
	at java.base/jdk.internal.reflect.DelegatingMethodAccessorImpl.invoke(DelegatingMethodAccessorImpl.java:43)
	at java.base/java.lang.reflect.Method.invoke(Method.java:566)
	at org.springframework.web.method.support.InvocableHandlerMethod.doInvoke(InvocableHandlerMethod.java:205)
	at org.springframework.web.method.support.InvocableHandlerMethod.invokeForRequest(InvocableHandlerMethod.java:150)
	at org.springframework.web.servlet.mvc.method.annotation.ServletInvocableHandlerMethod.invokeAndHandle(ServletInvocableHandlerMethod.java:117)
	at org.springframework.web.servlet.mvc.method.annotation.RequestMappingHandlerAdapter.invokeHandlerMethod(RequestMappingHandlerAdapter.java:895)
	at org.springframework.web.servlet.mvc.method.annotation.RequestMappingHandlerAdapter.handleInternal(RequestMappingHandlerAdapter.java:808)
	at org.springframework.web.servlet.mvc.method.AbstractHandlerMethodAdapter.handle(AbstractHandlerMethodAdapter.java:87)
	at org.springframework.web.servlet.DispatcherServlet.doDispatch(DispatcherServlet.java:1071)
	at org.springframework.web.servlet.DispatcherServlet.doService(DispatcherServlet.java:964)
	at org.springframework.web.servlet.FrameworkServlet.processRequest(FrameworkServlet.java:1006)
	at org.springframework.web.servlet.FrameworkServlet.doGet(FrameworkServlet.java:898)
	at javax.servlet.http.HttpServlet.service(HttpServlet.java:670)
	at org.springframework.web.servlet.FrameworkServlet.service(FrameworkServlet.java:883)
	at javax.servlet.http.HttpServlet.service(HttpServlet.java:779)
	at org.apache.catalina.core.ApplicationFilterChain.internalDoFilter(ApplicationFilterChain.java:227)
	at org.apache.catalina.core.ApplicationFilterChain.doFilter(ApplicationFilterChain.java:162)
	at org.apache.tomcat.websocket.server.WsFilter.doFilter(WsFilter.java:53)
	at org.apache.catalina.core.ApplicationFilterChain.internalDoFilter(ApplicationFilterChain.java:189)
	at org.apache.catalina.core.ApplicationFilterChain.doFilter(ApplicationFilterChain.java:162)
	at org.springframework.web.filter.OncePerRequestFilter.doFilter(OncePerRequestFilter.java:111)
	at org.apache.catalina.core.ApplicationFilterChain.internalDoFilter(ApplicationFilterChain.java:189)
	at org.apache.catalina.core.ApplicationFilterChain.doFilter(ApplicationFilterChain.java:162)
	at org.springframework.security.web.FilterChainProxy$VirtualFilterChain.doFilter(FilterChainProxy.java:337)
	at org.springframework.security.web.access.intercept.FilterSecurityInterceptor.invoke(FilterSecurityInterceptor.java:115)
	at org.springframework.security.web.access.intercept.FilterSecurityInterceptor.doFilter(FilterSecurityInterceptor.java:81)
	at org.springframework.security.web.FilterChainProxy$VirtualFilterChain.doFilter(FilterChainProxy.java:346)
	at org.springframework.security.web.access.ExceptionTranslationFilter.doFilter(ExceptionTranslationFilter.java:122)
	at org.springframework.security.web.access.ExceptionTranslationFilter.doFilter(ExceptionTranslationFilter.java:116)
	at org.springframework.security.web.FilterChainProxy$VirtualFilterChain.doFilter(FilterChainProxy.java:346)
	at org.springframework.security.web.session.SessionManagementFilter.doFilter(SessionManagementFilter.java:126)
	at org.springframework.security.web.session.SessionManagementFilter.doFilter(SessionManagementFilter.java:81)
	at org.springframework.security.web.FilterChainProxy$VirtualFilterChain.doFilter(FilterChainProxy.java:346)
	at org.springframework.security.web.authentication.AnonymousAuthenticationFilter.doFilter(AnonymousAuthenticationFilter.java:109)
	at org.springframework.security.web.FilterChainProxy$VirtualFilterChain.doFilter(FilterChainProxy.java:346)
	at org.springframework.security.web.servletapi.SecurityContextHolderAwareRequestFilter.doFilter(SecurityContextHolderAwareRequestFilter.java:149)
	at org.springframework.security.web.FilterChainProxy$VirtualFilterChain.doFilter(FilterChainProxy.java:346)
	at org.springframework.security.web.savedrequest.RequestCacheAwareFilter.doFilter(RequestCacheAwareFilter.java:63)
	at org.springframework.security.web.FilterChainProxy$VirtualFilterChain.doFilter(FilterChainProxy.java:346)
	at com.happy3friends.toiletmapbackend.sercurity.TokenAuthenticationFilter.doFilterInternal(TokenAuthenticationFilter.java:65)
	at org.springframework.web.filter.OncePerRequestFilter.doFilter(OncePerRequestFilter.java:117)
	at org.springframework.security.web.FilterChainProxy$VirtualFilterChain.doFilter(FilterChainProxy.java:346)
	at org.springframework.security.web.authentication.logout.LogoutFilter.doFilter(LogoutFilter.java:103)
	at org.springframework.security.web.authentication.logout.LogoutFilter.doFilter(LogoutFilter.java:89)
	at org.springframework.security.web.FilterChainProxy$VirtualFilterChain.doFilter(FilterChainProxy.java:346)
	at org.springframework.web.filter.CorsFilter.doFilterInternal(CorsFilter.java:91)
	at org.springframework.web.filter.OncePerRequestFilter.doFilter(OncePerRequestFilter.java:117)
	at org.springframework.security.web.FilterChainProxy$VirtualFilterChain.doFilter(FilterChainProxy.java:346)
	at org.springframework.security.web.header.HeaderWriterFilter.doHeadersAfter(HeaderWriterFilter.java:90)
	at org.springframework.security.web.header.HeaderWriterFilter.doFilterInternal(HeaderWriterFilter.java:75)
	at org.springframework.web.filter.OncePerRequestFilter.doFilter(OncePerRequestFilter.java:117)
	at org.springframework.security.web.FilterChainProxy$VirtualFilterChain.doFilter(FilterChainProxy.java:346)
	at org.springframework.security.web.context.SecurityContextPersistenceFilter.doFilter(SecurityContextPersistenceFilter.java:112)
	at org.springframework.security.web.context.SecurityContextPersistenceFilter.doFilter(SecurityContextPersistenceFilter.java:82)
	at org.springframework.security.web.FilterChainProxy$VirtualFilterChain.doFilter(FilterChainProxy.java:346)
	at org.springframework.security.web.context.request.async.WebAsyncManagerIntegrationFilter.doFilterInternal(WebAsyncManagerIntegrationFilter.java:55)
	at org.springframework.web.filter.OncePerRequestFilter.doFilter(OncePerRequestFilter.java:117)
	at org.springframework.security.web.FilterChainProxy$VirtualFilterChain.doFilter(FilterChainProxy.java:346)
	at org.springframework.security.web.session.DisableEncodeUrlFilter.doFilterInternal(DisableEncodeUrlFilter.java:42)
	at org.springframework.web.filter.OncePerRequestFilter.doFilter(OncePerRequestFilter.java:117)
	at org.springframework.security.web.FilterChainProxy$VirtualFilterChain.doFilter(FilterChainProxy.java:346)
	at org.springframework.security.web.FilterChainProxy.doFilterInternal(FilterChainProxy.java:221)
	at org.springframework.security.web.FilterChainProxy.doFilter(FilterChainProxy.java:186)
	at org.springframework.web.filter.DelegatingFilterProxy.invokeDelegate(DelegatingFilterProxy.java:354)
	at org.springframework.web.filter.DelegatingFilterProxy.doFilter(DelegatingFilterProxy.java:267)
	at org.apache.catalina.core.ApplicationFilterChain.internalDoFilter(ApplicationFilterChain.java:189)
	at org.apache.catalina.core.ApplicationFilterChain.doFilter(ApplicationFilterChain.java:162)
	at org.springframework.web.filter.RequestContextFilter.doFilterInternal(RequestContextFilter.java:100)
	at org.springframework.web.filter.OncePerRequestFilter.doFilter(OncePerRequestFilter.java:117)
	at org.apache.catalina.core.ApplicationFilterChain.internalDoFilter(ApplicationFilterChain.java:189)
	at org.apache.catalina.core.ApplicationFilterChain.doFilter(ApplicationFilterChain.java:162)
	at org.springframework.web.filter.FormContentFilter.doFilterInternal(FormContentFilter.java:93)
	at org.springframework.web.filter.OncePerRequestFilter.doFilter(OncePerRequestFilter.java:117)
	at org.apache.catalina.core.ApplicationFilterChain.internalDoFilter(ApplicationFilterChain.java:189)
	at org.apache.catalina.core.ApplicationFilterChain.doFilter(ApplicationFilterChain.java:162)
	at org.springframework.web.filter.CharacterEncodingFilter.doFilterInternal(CharacterEncodingFilter.java:201)
	at org.springframework.web.filter.OncePerRequestFilter.doFilter(OncePerRequestFilter.java:117)
	at org.apache.catalina.core.ApplicationFilterChain.internalDoFilter(ApplicationFilterChain.java:189)
	at org.apache.catalina.core.ApplicationFilterChain.doFilter(ApplicationFilterChain.java:162)
	at org.apache.catalina.core.StandardWrapperValve.invoke(StandardWrapperValve.java:177)
	at org.apache.catalina.core.StandardContextValve.invoke(StandardContextValve.java:97)
	at org.apache.catalina.authenticator.AuthenticatorBase.invoke(AuthenticatorBase.java:541)
	at org.apache.catalina.core.StandardHostValve.invoke(StandardHostValve.java:135)
	at org.apache.catalina.valves.ErrorReportValve.invoke(ErrorReportValve.java:92)
	at org.apache.catalina.core.StandardEngineValve.invoke(StandardEngineValve.java:78)
	at org.apache.catalina.connector.CoyoteAdapter.service(CoyoteAdapter.java:360)
	at org.apache.coyote.http11.Http11Processor.service(Http11Processor.java:399)
	at org.apache.coyote.AbstractProcessorLight.process(AbstractProcessorLight.java:65)
	at org.apache.coyote.AbstractProtocol$ConnectionHandler.process(AbstractProtocol.java:891)
	at org.apache.tomcat.util.net.NioEndpoint$SocketProcessor.doRun(NioEndpoint.java:1784)
	at org.apache.tomcat.util.net.SocketProcessorBase.run(SocketProcessorBase.java:49)
	at org.apache.tomcat.util.threads.ThreadPoolExecutor.runWorker(ThreadPoolExecutor.java:1191)
	at org.apache.tomcat.util.threads.ThreadPoolExecutor$Worker.run(ThreadPoolExecutor.java:659)
	at org.apache.tomcat.util.threads.TaskThread$WrappingRunnable.run(TaskThread.java:61)
	at java.base/java.lang.Thread.run(Thread.java:834)
Caused by: org.hibernate.exception.SQLGrammarException: could not extract ResultSet
	at org.hibernate.exception.internal.SQLStateConversionDelegate.convert(SQLStateConversionDelegate.java:103)
	at org.hibernate.exception.internal.StandardSQLExceptionConverter.convert(StandardSQLExceptionConverter.java:37)
	at org.hibernate.engine.jdbc.spi.SqlExceptionHelper.convert(SqlExceptionHelper.java:113)
	at org.hibernate.engine.jdbc.spi.SqlExceptionHelper.convert(SqlExceptionHelper.java:99)
	at org.hibernate.engine.jdbc.internal.ResultSetReturnImpl.extract(ResultSetReturnImpl.java:67)
	at org.hibernate.loader.Loader.getResultSet(Loader.java:2322)
	at org.hibernate.loader.Loader.executeQueryStatement(Loader.java:2075)
	at org.hibernate.loader.Loader.executeQueryStatement(Loader.java:2037)
	at org.hibernate.loader.Loader.doQuery(Loader.java:956)
	at org.hibernate.loader.Loader.doQueryAndInitializeNonLazyCollections(Loader.java:357)
	at org.hibernate.loader.Loader.doList(Loader.java:2868)
	at org.hibernate.loader.Loader.doList(Loader.java:2850)
	at org.hibernate.loader.Loader.listIgnoreQueryCache(Loader.java:2682)
	at org.hibernate.loader.Loader.list(Loader.java:2677)
	at org.hibernate.loader.custom.CustomLoader.list(CustomLoader.java:338)
	at org.hibernate.internal.SessionImpl.listCustomQuery(SessionImpl.java:2186)
	at org.hibernate.internal.AbstractSharedSessionContract.list(AbstractSharedSessionContract.java:1204)
	at org.hibernate.query.internal.NativeQueryImpl.doList(NativeQueryImpl.java:177)
	at org.hibernate.query.internal.AbstractProducedQuery.list(AbstractProducedQuery.java:1617)
	at org.hibernate.query.Query.getResultList(Query.java:165)
	at java.base/jdk.internal.reflect.NativeMethodAccessorImpl.invoke0(Native Method)
	at java.base/jdk.internal.reflect.NativeMethodAccessorImpl.invoke(NativeMethodAccessorImpl.java:62)
	at java.base/jdk.internal.reflect.DelegatingMethodAccessorImpl.invoke(DelegatingMethodAccessorImpl.java:43)
	at java.base/java.lang.reflect.Method.invoke(Method.java:566)
	at org.springframework.orm.jpa.SharedEntityManagerCreator$DeferredQueryInvocationHandler.invoke(SharedEntityManagerCreator.java:406)
	at com.sun.proxy.$Proxy185.getResultList(Unknown Source)
	at org.springframework.data.jpa.repository.query.JpaQueryExecution$CollectionExecution.doExecute(JpaQueryExecution.java:128)
	at org.springframework.data.jpa.repository.query.JpaQueryExecution.execute(JpaQueryExecution.java:90)
	at org.springframework.data.jpa.repository.query.AbstractJpaQuery.doExecute(AbstractJpaQuery.java:156)
	at org.springframework.data.jpa.repository.query.AbstractJpaQuery.execute(AbstractJpaQuery.java:144)
	at org.springframework.data.repository.core.support.RepositoryMethodInvoker.doInvoke(RepositoryMethodInvoker.java:137)
	at org.springframework.data.repository.core.support.RepositoryMethodInvoker.invoke(RepositoryMethodInvoker.java:121)
	at org.springframework.data.repository.core.support.QueryExecutorMethodInterceptor.doInvoke(QueryExecutorMethodInterceptor.java:160)
	at org.springframework.data.repository.core.support.QueryExecutorMethodInterceptor.invoke(QueryExecutorMethodInterceptor.java:139)
	at org.springframework.aop.framework.ReflectiveMethodInvocation.proceed(ReflectiveMethodInvocation.java:186)
	at org.springframework.data.projection.DefaultMethodInvokingMethodInterceptor.invoke(DefaultMethodInvokingMethodInterceptor.java:81)
	at org.springframework.aop.framework.ReflectiveMethodInvocation.proceed(ReflectiveMethodInvocation.java:186)
	at org.springframework.transaction.interceptor.TransactionInterceptor$1.proceedWithInvocation(TransactionInterceptor.java:123)
	at org.springframework.transaction.interceptor.TransactionAspectSupport.invokeWithinTransaction(TransactionAspectSupport.java:388)
	at org.springframework.transaction.interceptor.TransactionInterceptor.invoke(TransactionInterceptor.java:119)
	at org.springframework.aop.framework.ReflectiveMethodInvocation.proceed(ReflectiveMethodInvocation.java:186)
	at org.springframework.dao.support.PersistenceExceptionTranslationInterceptor.invoke(PersistenceExceptionTranslationInterceptor.java:137)
	... 117 common frames omitted
Caused by: com.microsoft.sqlserver.jdbc.SQLServerException: Invalid column name 'TotalRevenue'.
	at com.microsoft.sqlserver.jdbc.SQLServerException.makeFromDatabaseError(SQLServerException.java:265)
	at com.microsoft.sqlserver.jdbc.SQLServerStatement.getNextResult(SQLServerStatement.java:1676)
	at com.microsoft.sqlserver.jdbc.SQLServerPreparedStatement.doExecutePreparedStatement(SQLServerPreparedStatement.java:615)
	at com.microsoft.sqlserver.jdbc.SQLServerPreparedStatement$PrepStmtExecCmd.doExecute(SQLServerPreparedStatement.java:537)
	at com.microsoft.sqlserver.jdbc.TDSCommand.execute(IOBuffer.java:7664)
	at com.microsoft.sqlserver.jdbc.SQLServerConnection.executeCommand(SQLServerConnection.java:3791)
	at com.microsoft.sqlserver.jdbc.SQLServerStatement.executeCommand(SQLServerStatement.java:268)
	at com.microsoft.sqlserver.jdbc.SQLServerStatement.executeStatement(SQLServerStatement.java:242)
	at com.microsoft.sqlserver.jdbc.SQLServerPreparedStatement.executeQuery(SQLServerPreparedStatement.java:456)
	at com.zaxxer.hikari.pool.ProxyPreparedStatement.executeQuery(ProxyPreparedStatement.java:52)
	at com.zaxxer.hikari.pool.HikariProxyPreparedStatement.executeQuery(HikariProxyPreparedStatement.java)
	at org.hibernate.engine.jdbc.internal.ResultSetReturnImpl.extract(ResultSetReturnImpl.java:57)
	... 154 common frames omitted
[2023-04-16 09:23:57.575] INFO  [SpringApplicationShutdownHook] [o.s.o.j.LocalContainerEntityManagerFactoryBean] LocalContainerEntityManagerFactoryBean.destroy:651 - Closing JPA EntityManagerFactory for persistence unit 'default'
[2023-04-16 09:23:57.580] INFO  [SpringApplicationShutdownHook] [c.z.h.HikariDataSource] HikariDataSource.close:350 - HikariPool-1 - Shutdown initiated...
[2023-04-16 09:23:57.596] INFO  [SpringApplicationShutdownHook] [c.z.h.HikariDataSource] HikariDataSource.close:352 - HikariPool-1 - Shutdown completed.
[2023-04-16 09:24:09.058] INFO  [main] [c.h.t.ToiletMapBackEndApplication] ToiletMapBackEndApplication.logStarting:55 - Starting ToiletMapBackEndApplication using Java 11.0.16.1 on TienHuynhTN with PID 17140 (F:\FPT\Semester-9-Summer-2023\Capstone-Project\Implementation\toilet-map-back-end\target\classes started by tienhltse151104 in F:\FPT\Semester-9-Summer-2023\Capstone-Project\Implementation\toilet-map-back-end)
[2023-04-16 09:24:09.065] INFO  [main] [c.h.t.ToiletMapBackEndApplication] ToiletMapBackEndApplication.logStartupProfileInfo:637 - The following 2 profiles are active: "default", "prod"
[2023-04-16 09:24:10.770] INFO  [main] [o.s.d.r.c.RepositoryConfigurationDelegate] RepositoryConfigurationDelegate.registerRepositoriesIn:132 - Bootstrapping Spring Data JPA repositories in DEFAULT mode.
[2023-04-16 09:24:10.926] INFO  [main] [o.s.d.r.c.RepositoryConfigurationDelegate] RepositoryConfigurationDelegate.registerRepositoriesIn:201 - Finished Spring Data repository scanning in 146 ms. Found 15 JPA repository interfaces.
[2023-04-16 09:24:11.681] INFO  [main] [o.s.b.w.e.t.TomcatWebServer] TomcatWebServer.initialize:108 - Tomcat initialized with port(s): 8081 (http)
[2023-04-16 09:24:11.683] INFO  [main] [o.a.c.c.AprLifecycleListener] AprLifecycleListener.log:173 - Loaded Apache Tomcat Native library [1.2.35] using APR version [1.7.0].
[2023-04-16 09:24:11.684] INFO  [main] [o.a.c.c.AprLifecycleListener] AprLifecycleListener.log:173 - APR capabilities: IPv6 [true], sendfile [true], accept filters [false], random [true], UDS [true].
[2023-04-16 09:24:11.684] INFO  [main] [o.a.c.c.AprLifecycleListener] AprLifecycleListener.log:173 - APR/OpenSSL configuration: useAprConnector [false], useOpenSSL [true]
[2023-04-16 09:24:11.689] INFO  [main] [o.a.c.c.AprLifecycleListener] AprLifecycleListener.log:173 - OpenSSL successfully initialized [OpenSSL 1.1.1q  5 Jul 2022]
[2023-04-16 09:24:11.703] INFO  [main] [o.a.c.c.StandardService] StandardService.log:173 - Starting service [Tomcat]
[2023-04-16 09:24:11.704] INFO  [main] [o.a.c.c.StandardEngine] StandardEngine.log:173 - Starting Servlet engine: [Apache Tomcat/9.0.71]
[2023-04-16 09:24:11.883] INFO  [main] [o.a.c.c.C.[.[.[/]] [/].log:173 - Initializing Spring embedded WebApplicationContext
[2023-04-16 09:24:11.883] INFO  [main] [o.s.b.w.s.c.ServletWebServerApplicationContext] ServletWebServerApplicationContext.prepareWebApplicationContext:292 - Root WebApplicationContext: initialization completed in 2735 ms
[2023-04-16 09:24:12.490] INFO  [main] [o.h.j.i.u.LogHelper] LogHelper.logPersistenceUnitInformation:31 - HHH000204: Processing PersistenceUnitInfo [name: default]
[2023-04-16 09:24:12.570] INFO  [main] [o.h.Version] Version.logVersion:44 - HHH000412: Hibernate ORM core version 5.6.14.Final
[2023-04-16 09:24:12.774] INFO  [main] [o.h.a.c.Version] Version.<clinit>:56 - HCANN000001: Hibernate Commons Annotations {5.1.2.Final}
[2023-04-16 09:24:12.931] INFO  [main] [c.z.h.HikariDataSource] HikariDataSource.getConnection:110 - HikariPool-1 - Starting...
[2023-04-16 09:24:13.854] INFO  [main] [c.z.h.HikariDataSource] HikariDataSource.getConnection:123 - HikariPool-1 - Start completed.
[2023-04-16 09:24:13.879] INFO  [main] [o.h.d.Dialect] Dialect.<init>:175 - HHH000400: Using dialect: org.hibernate.dialect.SQLServer2012Dialect
[2023-04-16 09:24:15.156] INFO  [main] [o.h.e.t.j.p.i.JtaPlatformInitiator] JtaPlatformInitiator.initiateService:52 - HHH000490: Using JtaPlatform implementation: [org.hibernate.engine.transaction.jta.platform.internal.NoJtaPlatform]
[2023-04-16 09:24:15.170] INFO  [main] [o.s.o.j.LocalContainerEntityManagerFactoryBean] LocalContainerEntityManagerFactoryBean.buildNativeEntityManagerFactory:437 - Initialized JPA EntityManagerFactory for persistence unit 'default'
[2023-04-16 09:24:18.691] INFO  [main] [o.s.s.w.DefaultSecurityFilterChain] DefaultSecurityFilterChain.<init>:55 - Will secure any request with [org.springframework.security.web.session.DisableEncodeUrlFilter@67e37d25, org.springframework.security.web.context.request.async.WebAsyncManagerIntegrationFilter@78d49939, org.springframework.security.web.context.SecurityContextPersistenceFilter@280f061e, org.springframework.security.web.header.HeaderWriterFilter@738ae785, org.springframework.web.filter.CorsFilter@21f27bb5, org.springframework.security.web.authentication.logout.LogoutFilter@47f677a4, com.happy3friends.toiletmapbackend.sercurity.TokenAuthenticationFilter@49c37918, org.springframework.security.web.savedrequest.RequestCacheAwareFilter@6dcdc378, org.springframework.security.web.servletapi.SecurityContextHolderAwareRequestFilter@11e75942, org.springframework.security.web.authentication.AnonymousAuthenticationFilter@2e2a2b07, org.springframework.security.web.session.SessionManagementFilter@24ae2183, org.springframework.security.web.access.ExceptionTranslationFilter@5bed8b91, org.springframework.security.web.access.intercept.FilterSecurityInterceptor@1ea78c72]
[2023-04-16 09:24:19.594] INFO  [main] [o.s.b.w.e.t.TomcatWebServer] TomcatWebServer.start:220 - Tomcat started on port(s): 8081 (http) with context path ''
[2023-04-16 09:24:19.616] INFO  [main] [c.h.t.ToiletMapBackEndApplication] ToiletMapBackEndApplication.logStarted:61 - Started ToiletMapBackEndApplication in 11.485 seconds (JVM running for 13.564)
[2023-04-16 09:24:35.326] INFO  [http-nio-8081-exec-1] [o.a.c.c.C.[.[.[/]] [/].log:173 - Initializing Spring DispatcherServlet 'dispatcherServlet'
[2023-04-16 09:24:35.329] INFO  [http-nio-8081-exec-1] [o.s.w.s.DispatcherServlet] DispatcherServlet.initServletBean:525 - Initializing Servlet 'dispatcherServlet'
[2023-04-16 09:24:35.333] INFO  [http-nio-8081-exec-1] [o.s.w.s.DispatcherServlet] DispatcherServlet.initServletBean:547 - Completed initialization in 3 ms
[2023-04-16 09:28:01.796] INFO  [SpringApplicationShutdownHook] [o.s.o.j.LocalContainerEntityManagerFactoryBean] LocalContainerEntityManagerFactoryBean.destroy:651 - Closing JPA EntityManagerFactory for persistence unit 'default'
[2023-04-16 09:28:01.803] INFO  [SpringApplicationShutdownHook] [c.z.h.HikariDataSource] HikariDataSource.close:350 - HikariPool-1 - Shutdown initiated...
[2023-04-16 09:28:01.862] INFO  [SpringApplicationShutdownHook] [c.z.h.HikariDataSource] HikariDataSource.close:352 - HikariPool-1 - Shutdown completed.
[2023-04-16 09:28:24.778] INFO  [main] [c.h.t.ToiletMapBackEndApplication] ToiletMapBackEndApplication.logStarting:55 - Starting ToiletMapBackEndApplication using Java 11.0.16.1 on TienHuynhTN with PID 19616 (F:\FPT\Semester-9-Summer-2023\Capstone-Project\Implementation\toilet-map-back-end\target\classes started by tienhltse151104 in F:\FPT\Semester-9-Summer-2023\Capstone-Project\Implementation\toilet-map-back-end)
[2023-04-16 09:28:24.792] INFO  [main] [c.h.t.ToiletMapBackEndApplication] ToiletMapBackEndApplication.logStartupProfileInfo:637 - The following 2 profiles are active: "default", "prod"
[2023-04-16 09:28:28.634] INFO  [main] [o.s.d.r.c.RepositoryConfigurationDelegate] RepositoryConfigurationDelegate.registerRepositoriesIn:132 - Bootstrapping Spring Data JPA repositories in DEFAULT mode.
[2023-04-16 09:28:28.927] INFO  [main] [o.s.d.r.c.RepositoryConfigurationDelegate] RepositoryConfigurationDelegate.registerRepositoriesIn:201 - Finished Spring Data repository scanning in 272 ms. Found 15 JPA repository interfaces.
[2023-04-16 09:28:30.308] INFO  [main] [o.s.b.w.e.t.TomcatWebServer] TomcatWebServer.initialize:108 - Tomcat initialized with port(s): 8081 (http)
[2023-04-16 09:28:30.310] INFO  [main] [o.a.c.c.AprLifecycleListener] AprLifecycleListener.log:173 - Loaded Apache Tomcat Native library [1.2.35] using APR version [1.7.0].
[2023-04-16 09:28:30.311] INFO  [main] [o.a.c.c.AprLifecycleListener] AprLifecycleListener.log:173 - APR capabilities: IPv6 [true], sendfile [true], accept filters [false], random [true], UDS [true].
[2023-04-16 09:28:30.312] INFO  [main] [o.a.c.c.AprLifecycleListener] AprLifecycleListener.log:173 - APR/OpenSSL configuration: useAprConnector [false], useOpenSSL [true]
[2023-04-16 09:28:30.318] INFO  [main] [o.a.c.c.AprLifecycleListener] AprLifecycleListener.log:173 - OpenSSL successfully initialized [OpenSSL 1.1.1q  5 Jul 2022]
[2023-04-16 09:28:30.333] INFO  [main] [o.a.c.c.StandardService] StandardService.log:173 - Starting service [Tomcat]
[2023-04-16 09:28:30.334] INFO  [main] [o.a.c.c.StandardEngine] StandardEngine.log:173 - Starting Servlet engine: [Apache Tomcat/9.0.71]
[2023-04-16 09:28:30.651] INFO  [main] [o.a.c.c.C.[.[.[/]] [/].log:173 - Initializing Spring embedded WebApplicationContext
[2023-04-16 09:28:30.652] INFO  [main] [o.s.b.w.s.c.ServletWebServerApplicationContext] ServletWebServerApplicationContext.prepareWebApplicationContext:292 - Root WebApplicationContext: initialization completed in 5721 ms
[2023-04-16 09:28:31.377] INFO  [main] [o.h.j.i.u.LogHelper] LogHelper.logPersistenceUnitInformation:31 - HHH000204: Processing PersistenceUnitInfo [name: default]
[2023-04-16 09:28:31.477] INFO  [main] [o.h.Version] Version.logVersion:44 - HHH000412: Hibernate ORM core version 5.6.14.Final
[2023-04-16 09:28:31.733] INFO  [main] [o.h.a.c.Version] Version.<clinit>:56 - HCANN000001: Hibernate Commons Annotations {5.1.2.Final}
[2023-04-16 09:28:31.912] INFO  [main] [c.z.h.HikariDataSource] HikariDataSource.getConnection:110 - HikariPool-1 - Starting...
[2023-04-16 09:28:32.850] INFO  [main] [c.z.h.HikariDataSource] HikariDataSource.getConnection:123 - HikariPool-1 - Start completed.
[2023-04-16 09:28:32.873] INFO  [main] [o.h.d.Dialect] Dialect.<init>:175 - HHH000400: Using dialect: org.hibernate.dialect.SQLServer2012Dialect
[2023-04-16 09:28:34.906] INFO  [main] [o.h.e.t.j.p.i.JtaPlatformInitiator] JtaPlatformInitiator.initiateService:52 - HHH000490: Using JtaPlatform implementation: [org.hibernate.engine.transaction.jta.platform.internal.NoJtaPlatform]
[2023-04-16 09:28:34.937] INFO  [main] [o.s.o.j.LocalContainerEntityManagerFactoryBean] LocalContainerEntityManagerFactoryBean.buildNativeEntityManagerFactory:437 - Initialized JPA EntityManagerFactory for persistence unit 'default'
[2023-04-16 09:28:40.050] INFO  [main] [o.s.s.w.DefaultSecurityFilterChain] DefaultSecurityFilterChain.<init>:55 - Will secure any request with [org.springframework.security.web.session.DisableEncodeUrlFilter@186fc6e, org.springframework.security.web.context.request.async.WebAsyncManagerIntegrationFilter@1bd5b1c8, org.springframework.security.web.context.SecurityContextPersistenceFilter@c0cb9c2, org.springframework.security.web.header.HeaderWriterFilter@6dcdc378, org.springframework.web.filter.CorsFilter@569026df, org.springframework.security.web.authentication.logout.LogoutFilter@f047670, com.happy3friends.toiletmapbackend.sercurity.TokenAuthenticationFilter@24b4f4a, org.springframework.security.web.savedrequest.RequestCacheAwareFilter@11e75942, org.springframework.security.web.servletapi.SecurityContextHolderAwareRequestFilter@7f5c4ff8, org.springframework.security.web.authentication.AnonymousAuthenticationFilter@7896e96a, org.springframework.security.web.session.SessionManagementFilter@1a23136f, org.springframework.security.web.access.ExceptionTranslationFilter@280f061e, org.springframework.security.web.access.intercept.FilterSecurityInterceptor@52dc71b2]
[2023-04-16 09:28:40.596] INFO  [main] [o.s.b.w.e.t.TomcatWebServer] TomcatWebServer.start:220 - Tomcat started on port(s): 8081 (http) with context path ''
[2023-04-16 09:28:40.615] INFO  [main] [c.h.t.ToiletMapBackEndApplication] ToiletMapBackEndApplication.logStarted:61 - Started ToiletMapBackEndApplication in 17.962 seconds (JVM running for 21.094)
[2023-04-16 09:29:17.684] INFO  [http-nio-8081-exec-1] [o.a.c.c.C.[.[.[/]] [/].log:173 - Initializing Spring DispatcherServlet 'dispatcherServlet'
[2023-04-16 09:29:17.685] INFO  [http-nio-8081-exec-1] [o.s.w.s.DispatcherServlet] DispatcherServlet.initServletBean:525 - Initializing Servlet 'dispatcherServlet'
[2023-04-16 09:29:17.687] INFO  [http-nio-8081-exec-1] [o.s.w.s.DispatcherServlet] DispatcherServlet.initServletBean:547 - Completed initialization in 2 ms
[2023-04-16 09:30:45.467] INFO  [SpringApplicationShutdownHook] [o.s.o.j.LocalContainerEntityManagerFactoryBean] LocalContainerEntityManagerFactoryBean.destroy:651 - Closing JPA EntityManagerFactory for persistence unit 'default'
[2023-04-16 09:30:45.472] INFO  [SpringApplicationShutdownHook] [c.z.h.HikariDataSource] HikariDataSource.close:350 - HikariPool-1 - Shutdown initiated...
[2023-04-16 09:30:45.487] INFO  [SpringApplicationShutdownHook] [c.z.h.HikariDataSource] HikariDataSource.close:352 - HikariPool-1 - Shutdown completed.
[2023-04-16 09:31:03.768] INFO  [main] [c.h.t.ToiletMapBackEndApplication] ToiletMapBackEndApplication.logStarting:55 - Starting ToiletMapBackEndApplication using Java 11.0.16.1 on TienHuynhTN with PID 28436 (F:\FPT\Semester-9-Summer-2023\Capstone-Project\Implementation\toilet-map-back-end\target\classes started by tienhltse151104 in F:\FPT\Semester-9-Summer-2023\Capstone-Project\Implementation\toilet-map-back-end)
[2023-04-16 09:31:03.778] INFO  [main] [c.h.t.ToiletMapBackEndApplication] ToiletMapBackEndApplication.logStartupProfileInfo:637 - The following 2 profiles are active: "default", "prod"
[2023-04-16 09:31:06.700] INFO  [main] [o.s.d.r.c.RepositoryConfigurationDelegate] RepositoryConfigurationDelegate.registerRepositoriesIn:132 - Bootstrapping Spring Data JPA repositories in DEFAULT mode.
[2023-04-16 09:31:06.936] INFO  [main] [o.s.d.r.c.RepositoryConfigurationDelegate] RepositoryConfigurationDelegate.registerRepositoriesIn:201 - Finished Spring Data repository scanning in 220 ms. Found 15 JPA repository interfaces.
[2023-04-16 09:31:08.299] INFO  [main] [o.s.b.w.e.t.TomcatWebServer] TomcatWebServer.initialize:108 - Tomcat initialized with port(s): 8081 (http)
[2023-04-16 09:31:08.320] INFO  [main] [o.a.c.c.AprLifecycleListener] AprLifecycleListener.log:173 - Loaded Apache Tomcat Native library [1.2.35] using APR version [1.7.0].
[2023-04-16 09:31:08.323] INFO  [main] [o.a.c.c.AprLifecycleListener] AprLifecycleListener.log:173 - APR capabilities: IPv6 [true], sendfile [true], accept filters [false], random [true], UDS [true].
[2023-04-16 09:31:08.324] INFO  [main] [o.a.c.c.AprLifecycleListener] AprLifecycleListener.log:173 - APR/OpenSSL configuration: useAprConnector [false], useOpenSSL [true]
[2023-04-16 09:31:08.333] INFO  [main] [o.a.c.c.AprLifecycleListener] AprLifecycleListener.log:173 - OpenSSL successfully initialized [OpenSSL 1.1.1q  5 Jul 2022]
[2023-04-16 09:31:08.353] INFO  [main] [o.a.c.c.StandardService] StandardService.log:173 - Starting service [Tomcat]
[2023-04-16 09:31:08.353] INFO  [main] [o.a.c.c.StandardEngine] StandardEngine.log:173 - Starting Servlet engine: [Apache Tomcat/9.0.71]
[2023-04-16 09:31:08.577] INFO  [main] [o.a.c.c.C.[.[.[/]] [/].log:173 - Initializing Spring embedded WebApplicationContext
[2023-04-16 09:31:08.578] INFO  [main] [o.s.b.w.s.c.ServletWebServerApplicationContext] ServletWebServerApplicationContext.prepareWebApplicationContext:292 - Root WebApplicationContext: initialization completed in 4663 ms
[2023-04-16 09:31:09.424] INFO  [main] [o.h.j.i.u.LogHelper] LogHelper.logPersistenceUnitInformation:31 - HHH000204: Processing PersistenceUnitInfo [name: default]
[2023-04-16 09:31:09.565] INFO  [main] [o.h.Version] Version.logVersion:44 - HHH000412: Hibernate ORM core version 5.6.14.Final
[2023-04-16 09:31:10.073] INFO  [main] [o.h.a.c.Version] Version.<clinit>:56 - HCANN000001: Hibernate Commons Annotations {5.1.2.Final}
[2023-04-16 09:31:10.402] INFO  [main] [c.z.h.HikariDataSource] HikariDataSource.getConnection:110 - HikariPool-1 - Starting...
[2023-04-16 09:31:12.013] INFO  [main] [c.z.h.HikariDataSource] HikariDataSource.getConnection:123 - HikariPool-1 - Start completed.
[2023-04-16 09:31:12.054] INFO  [main] [o.h.d.Dialect] Dialect.<init>:175 - HHH000400: Using dialect: org.hibernate.dialect.SQLServer2012Dialect
[2023-04-16 09:31:14.488] INFO  [main] [o.h.e.t.j.p.i.JtaPlatformInitiator] JtaPlatformInitiator.initiateService:52 - HHH000490: Using JtaPlatform implementation: [org.hibernate.engine.transaction.jta.platform.internal.NoJtaPlatform]
[2023-04-16 09:31:14.502] INFO  [main] [o.s.o.j.LocalContainerEntityManagerFactoryBean] LocalContainerEntityManagerFactoryBean.buildNativeEntityManagerFactory:437 - Initialized JPA EntityManagerFactory for persistence unit 'default'
[2023-04-16 09:31:17.375] INFO  [main] [o.s.s.w.DefaultSecurityFilterChain] DefaultSecurityFilterChain.<init>:55 - Will secure any request with [org.springframework.security.web.session.DisableEncodeUrlFilter@3bbb3c84, org.springframework.security.web.context.request.async.WebAsyncManagerIntegrationFilter@769c80d1, org.springframework.security.web.context.SecurityContextPersistenceFilter@5bb45afc, org.springframework.security.web.header.HeaderWriterFilter@3791160a, org.springframework.web.filter.CorsFilter@3f0c2eff, org.springframework.security.web.authentication.logout.LogoutFilter@4b8ac512, com.happy3friends.toiletmapbackend.sercurity.TokenAuthenticationFilter@24b4f4a, org.springframework.security.web.savedrequest.RequestCacheAwareFilter@1e186006, org.springframework.security.web.servletapi.SecurityContextHolderAwareRequestFilter@7aad7df5, org.springframework.security.web.authentication.AnonymousAuthenticationFilter@7cddc50f, org.springframework.security.web.session.SessionManagementFilter@47f677a4, org.springframework.security.web.access.ExceptionTranslationFilter@6805415d, org.springframework.security.web.access.intercept.FilterSecurityInterceptor@60cbba57]
[2023-04-16 09:31:17.828] INFO  [main] [o.s.b.w.e.t.TomcatWebServer] TomcatWebServer.start:220 - Tomcat started on port(s): 8081 (http) with context path ''
[2023-04-16 09:31:17.862] INFO  [main] [c.h.t.ToiletMapBackEndApplication] ToiletMapBackEndApplication.logStarted:61 - Started ToiletMapBackEndApplication in 15.839 seconds (JVM running for 19.113)
[2023-04-16 09:33:59.133] INFO  [http-nio-8081-exec-2] [o.a.c.c.C.[.[.[/]] [/].log:173 - Initializing Spring DispatcherServlet 'dispatcherServlet'
[2023-04-16 09:33:59.135] INFO  [http-nio-8081-exec-2] [o.s.w.s.DispatcherServlet] DispatcherServlet.initServletBean:525 - Initializing Servlet 'dispatcherServlet'
[2023-04-16 09:33:59.137] INFO  [http-nio-8081-exec-2] [o.s.w.s.DispatcherServlet] DispatcherServlet.initServletBean:547 - Completed initialization in 1 ms
[2023-04-16 09:34:06.485] INFO  [SpringApplicationShutdownHook] [o.s.o.j.LocalContainerEntityManagerFactoryBean] LocalContainerEntityManagerFactoryBean.destroy:651 - Closing JPA EntityManagerFactory for persistence unit 'default'
[2023-04-16 09:34:06.488] INFO  [SpringApplicationShutdownHook] [c.z.h.HikariDataSource] HikariDataSource.close:350 - HikariPool-1 - Shutdown initiated...
[2023-04-16 09:34:06.506] INFO  [SpringApplicationShutdownHook] [c.z.h.HikariDataSource] HikariDataSource.close:352 - HikariPool-1 - Shutdown completed.
[2023-04-16 09:34:12.902] INFO  [main] [c.h.t.ToiletMapBackEndApplication] ToiletMapBackEndApplication.logStarting:55 - Starting ToiletMapBackEndApplication using Java 11.0.16.1 on TienHuynhTN with PID 11512 (F:\FPT\Semester-9-Summer-2023\Capstone-Project\Implementation\toilet-map-back-end\target\classes started by tienhltse151104 in F:\FPT\Semester-9-Summer-2023\Capstone-Project\Implementation\toilet-map-back-end)
[2023-04-16 09:34:12.908] INFO  [main] [c.h.t.ToiletMapBackEndApplication] ToiletMapBackEndApplication.logStartupProfileInfo:637 - The following 2 profiles are active: "default", "prod"
[2023-04-16 09:34:14.758] INFO  [main] [o.s.d.r.c.RepositoryConfigurationDelegate] RepositoryConfigurationDelegate.registerRepositoriesIn:132 - Bootstrapping Spring Data JPA repositories in DEFAULT mode.
[2023-04-16 09:34:14.933] INFO  [main] [o.s.d.r.c.RepositoryConfigurationDelegate] RepositoryConfigurationDelegate.registerRepositoriesIn:201 - Finished Spring Data repository scanning in 163 ms. Found 15 JPA repository interfaces.
[2023-04-16 09:34:15.770] INFO  [main] [o.s.b.w.e.t.TomcatWebServer] TomcatWebServer.initialize:108 - Tomcat initialized with port(s): 8081 (http)
[2023-04-16 09:34:15.773] INFO  [main] [o.a.c.c.AprLifecycleListener] AprLifecycleListener.log:173 - Loaded Apache Tomcat Native library [1.2.35] using APR version [1.7.0].
[2023-04-16 09:34:15.774] INFO  [main] [o.a.c.c.AprLifecycleListener] AprLifecycleListener.log:173 - APR capabilities: IPv6 [true], sendfile [true], accept filters [false], random [true], UDS [true].
[2023-04-16 09:34:15.774] INFO  [main] [o.a.c.c.AprLifecycleListener] AprLifecycleListener.log:173 - APR/OpenSSL configuration: useAprConnector [false], useOpenSSL [true]
[2023-04-16 09:34:15.781] INFO  [main] [o.a.c.c.AprLifecycleListener] AprLifecycleListener.log:173 - OpenSSL successfully initialized [OpenSSL 1.1.1q  5 Jul 2022]
[2023-04-16 09:34:15.798] INFO  [main] [o.a.c.c.StandardService] StandardService.log:173 - Starting service [Tomcat]
[2023-04-16 09:34:15.798] INFO  [main] [o.a.c.c.StandardEngine] StandardEngine.log:173 - Starting Servlet engine: [Apache Tomcat/9.0.71]
[2023-04-16 09:34:15.987] INFO  [main] [o.a.c.c.C.[.[.[/]] [/].log:173 - Initializing Spring embedded WebApplicationContext
[2023-04-16 09:34:15.987] INFO  [main] [o.s.b.w.s.c.ServletWebServerApplicationContext] ServletWebServerApplicationContext.prepareWebApplicationContext:292 - Root WebApplicationContext: initialization completed in 2946 ms
[2023-04-16 09:34:16.746] INFO  [main] [o.h.j.i.u.LogHelper] LogHelper.logPersistenceUnitInformation:31 - HHH000204: Processing PersistenceUnitInfo [name: default]
[2023-04-16 09:34:16.840] INFO  [main] [o.h.Version] Version.logVersion:44 - HHH000412: Hibernate ORM core version 5.6.14.Final
[2023-04-16 09:34:17.057] INFO  [main] [o.h.a.c.Version] Version.<clinit>:56 - HCANN000001: Hibernate Commons Annotations {5.1.2.Final}
[2023-04-16 09:34:17.251] INFO  [main] [c.z.h.HikariDataSource] HikariDataSource.getConnection:110 - HikariPool-1 - Starting...
[2023-04-16 09:34:18.407] INFO  [main] [c.z.h.HikariDataSource] HikariDataSource.getConnection:123 - HikariPool-1 - Start completed.
[2023-04-16 09:34:18.432] INFO  [main] [o.h.d.Dialect] Dialect.<init>:175 - HHH000400: Using dialect: org.hibernate.dialect.SQLServer2012Dialect
[2023-04-16 09:34:20.087] INFO  [main] [o.h.e.t.j.p.i.JtaPlatformInitiator] JtaPlatformInitiator.initiateService:52 - HHH000490: Using JtaPlatform implementation: [org.hibernate.engine.transaction.jta.platform.internal.NoJtaPlatform]
[2023-04-16 09:34:20.102] INFO  [main] [o.s.o.j.LocalContainerEntityManagerFactoryBean] LocalContainerEntityManagerFactoryBean.buildNativeEntityManagerFactory:437 - Initialized JPA EntityManagerFactory for persistence unit 'default'
[2023-04-16 09:34:24.079] INFO  [main] [o.s.s.w.DefaultSecurityFilterChain] DefaultSecurityFilterChain.<init>:55 - Will secure any request with [org.springframework.security.web.session.DisableEncodeUrlFilter@3b446d7, org.springframework.security.web.context.request.async.WebAsyncManagerIntegrationFilter@6bb46040, org.springframework.security.web.context.SecurityContextPersistenceFilter@7a91027c, org.springframework.security.web.header.HeaderWriterFilter@5bb45afc, org.springframework.web.filter.CorsFilter@2b71a12e, org.springframework.security.web.authentication.logout.LogoutFilter@3b3dc752, com.happy3friends.toiletmapbackend.sercurity.TokenAuthenticationFilter@2e3b4394, org.springframework.security.web.savedrequest.RequestCacheAwareFilter@2446597e, org.springframework.security.web.servletapi.SecurityContextHolderAwareRequestFilter@5f93ec02, org.springframework.security.web.authentication.AnonymousAuthenticationFilter@41c56930, org.springframework.security.web.session.SessionManagementFilter@1e186006, org.springframework.security.web.access.ExceptionTranslationFilter@2472ba04, org.springframework.security.web.access.intercept.FilterSecurityInterceptor@2ac7c683]
[2023-04-16 09:34:24.746] INFO  [main] [o.s.b.w.e.t.TomcatWebServer] TomcatWebServer.start:220 - Tomcat started on port(s): 8081 (http) with context path ''
[2023-04-16 09:34:24.774] INFO  [main] [c.h.t.ToiletMapBackEndApplication] ToiletMapBackEndApplication.logStarted:61 - Started ToiletMapBackEndApplication in 12.949 seconds (JVM running for 15.01)
[2023-04-16 09:35:46.298] INFO  [http-nio-8081-exec-1] [o.a.c.c.C.[.[.[/]] [/].log:173 - Initializing Spring DispatcherServlet 'dispatcherServlet'
[2023-04-16 09:35:46.300] INFO  [http-nio-8081-exec-1] [o.s.w.s.DispatcherServlet] DispatcherServlet.initServletBean:525 - Initializing Servlet 'dispatcherServlet'
[2023-04-16 09:35:46.302] INFO  [http-nio-8081-exec-1] [o.s.w.s.DispatcherServlet] DispatcherServlet.initServletBean:547 - Completed initialization in 2 ms
[2023-04-16 09:37:15.650] WARN  [HikariPool-1 housekeeper] [c.z.h.p.HikariPool] HikariPool.run:788 - HikariPool-1 - Thread starvation or clock leap detected (housekeeper delta=57s114ms33µs500ns).
[2023-04-16 09:38:05.293] INFO  [SpringApplicationShutdownHook] [o.s.o.j.LocalContainerEntityManagerFactoryBean] LocalContainerEntityManagerFactoryBean.destroy:651 - Closing JPA EntityManagerFactory for persistence unit 'default'
[2023-04-16 09:38:05.296] INFO  [SpringApplicationShutdownHook] [c.z.h.HikariDataSource] HikariDataSource.close:350 - HikariPool-1 - Shutdown initiated...
[2023-04-16 09:38:05.313] INFO  [SpringApplicationShutdownHook] [c.z.h.HikariDataSource] HikariDataSource.close:352 - HikariPool-1 - Shutdown completed.
[2023-04-16 09:38:18.648] INFO  [main] [c.h.t.ToiletMapBackEndApplication] ToiletMapBackEndApplication.logStarting:55 - Starting ToiletMapBackEndApplication using Java 11.0.16.1 on TienHuynhTN with PID 21812 (F:\FPT\Semester-9-Summer-2023\Capstone-Project\Implementation\toilet-map-back-end\target\classes started by tienhltse151104 in F:\FPT\Semester-9-Summer-2023\Capstone-Project\Implementation\toilet-map-back-end)
[2023-04-16 09:38:18.657] INFO  [main] [c.h.t.ToiletMapBackEndApplication] ToiletMapBackEndApplication.logStartupProfileInfo:637 - The following 2 profiles are active: "default", "prod"
[2023-04-16 09:38:20.255] INFO  [main] [o.s.d.r.c.RepositoryConfigurationDelegate] RepositoryConfigurationDelegate.registerRepositoriesIn:132 - Bootstrapping Spring Data JPA repositories in DEFAULT mode.
[2023-04-16 09:38:20.419] INFO  [main] [o.s.d.r.c.RepositoryConfigurationDelegate] RepositoryConfigurationDelegate.registerRepositoriesIn:201 - Finished Spring Data repository scanning in 152 ms. Found 15 JPA repository interfaces.
[2023-04-16 09:38:21.193] INFO  [main] [o.s.b.w.e.t.TomcatWebServer] TomcatWebServer.initialize:108 - Tomcat initialized with port(s): 8081 (http)
[2023-04-16 09:38:21.195] INFO  [main] [o.a.c.c.AprLifecycleListener] AprLifecycleListener.log:173 - Loaded Apache Tomcat Native library [1.2.35] using APR version [1.7.0].
[2023-04-16 09:38:21.195] INFO  [main] [o.a.c.c.AprLifecycleListener] AprLifecycleListener.log:173 - APR capabilities: IPv6 [true], sendfile [true], accept filters [false], random [true], UDS [true].
[2023-04-16 09:38:21.195] INFO  [main] [o.a.c.c.AprLifecycleListener] AprLifecycleListener.log:173 - APR/OpenSSL configuration: useAprConnector [false], useOpenSSL [true]
[2023-04-16 09:38:21.200] INFO  [main] [o.a.c.c.AprLifecycleListener] AprLifecycleListener.log:173 - OpenSSL successfully initialized [OpenSSL 1.1.1q  5 Jul 2022]
[2023-04-16 09:38:21.209] INFO  [main] [o.a.c.c.StandardService] StandardService.log:173 - Starting service [Tomcat]
[2023-04-16 09:38:21.209] INFO  [main] [o.a.c.c.StandardEngine] StandardEngine.log:173 - Starting Servlet engine: [Apache Tomcat/9.0.71]
[2023-04-16 09:38:21.356] INFO  [main] [o.a.c.c.C.[.[.[/]] [/].log:173 - Initializing Spring embedded WebApplicationContext
[2023-04-16 09:38:21.357] INFO  [main] [o.s.b.w.s.c.ServletWebServerApplicationContext] ServletWebServerApplicationContext.prepareWebApplicationContext:292 - Root WebApplicationContext: initialization completed in 2605 ms
[2023-04-16 09:38:22.222] INFO  [main] [o.h.j.i.u.LogHelper] LogHelper.logPersistenceUnitInformation:31 - HHH000204: Processing PersistenceUnitInfo [name: default]
[2023-04-16 09:38:22.327] INFO  [main] [o.h.Version] Version.logVersion:44 - HHH000412: Hibernate ORM core version 5.6.14.Final
[2023-04-16 09:38:22.956] INFO  [main] [o.h.a.c.Version] Version.<clinit>:56 - HCANN000001: Hibernate Commons Annotations {5.1.2.Final}
[2023-04-16 09:38:23.260] INFO  [main] [c.z.h.HikariDataSource] HikariDataSource.getConnection:110 - HikariPool-1 - Starting...
[2023-04-16 09:38:24.523] INFO  [main] [c.z.h.HikariDataSource] HikariDataSource.getConnection:123 - HikariPool-1 - Start completed.
[2023-04-16 09:38:24.565] INFO  [main] [o.h.d.Dialect] Dialect.<init>:175 - HHH000400: Using dialect: org.hibernate.dialect.SQLServer2012Dialect
[2023-04-16 09:38:26.757] INFO  [main] [o.h.e.t.j.p.i.JtaPlatformInitiator] JtaPlatformInitiator.initiateService:52 - HHH000490: Using JtaPlatform implementation: [org.hibernate.engine.transaction.jta.platform.internal.NoJtaPlatform]
[2023-04-16 09:38:26.776] INFO  [main] [o.s.o.j.LocalContainerEntityManagerFactoryBean] LocalContainerEntityManagerFactoryBean.buildNativeEntityManagerFactory:437 - Initialized JPA EntityManagerFactory for persistence unit 'default'
[2023-04-16 09:38:29.365] INFO  [main] [o.s.s.w.DefaultSecurityFilterChain] DefaultSecurityFilterChain.<init>:55 - Will secure any request with [org.springframework.security.web.session.DisableEncodeUrlFilter@3ed2a30c, org.springframework.security.web.context.request.async.WebAsyncManagerIntegrationFilter@adbc3bc, org.springframework.security.web.context.SecurityContextPersistenceFilter@1cf7c055, org.springframework.security.web.header.HeaderWriterFilter@2a5c115b, org.springframework.web.filter.CorsFilter@3c6d3ba, org.springframework.security.web.authentication.logout.LogoutFilter@eb66b47, com.happy3friends.toiletmapbackend.sercurity.TokenAuthenticationFilter@72998021, org.springframework.security.web.savedrequest.RequestCacheAwareFilter@6b7ebac1, org.springframework.security.web.servletapi.SecurityContextHolderAwareRequestFilter@1254a3cd, org.springframework.security.web.authentication.AnonymousAuthenticationFilter@5d3f583d, org.springframework.security.web.session.SessionManagementFilter@24be6e34, org.springframework.security.web.access.ExceptionTranslationFilter@67b1c3af, org.springframework.security.web.access.intercept.FilterSecurityInterceptor@760ac834]
[2023-04-16 09:38:29.922] INFO  [main] [o.s.b.w.e.t.TomcatWebServer] TomcatWebServer.start:220 - Tomcat started on port(s): 8081 (http) with context path ''
[2023-04-16 09:38:29.938] INFO  [main] [c.h.t.ToiletMapBackEndApplication] ToiletMapBackEndApplication.logStarted:61 - Started ToiletMapBackEndApplication in 12.278 seconds (JVM running for 15.205)
[2023-04-16 09:38:50.778] INFO  [http-nio-8081-exec-2] [o.a.c.c.C.[.[.[/]] [/].log:173 - Initializing Spring DispatcherServlet 'dispatcherServlet'
[2023-04-16 09:38:50.779] INFO  [http-nio-8081-exec-2] [o.s.w.s.DispatcherServlet] DispatcherServlet.initServletBean:525 - Initializing Servlet 'dispatcherServlet'
[2023-04-16 09:38:50.781] INFO  [http-nio-8081-exec-2] [o.s.w.s.DispatcherServlet] DispatcherServlet.initServletBean:547 - Completed initialization in 1 ms
[2023-04-16 09:39:00.946] WARN  [http-nio-8081-exec-2] [o.h.e.j.s.SqlExceptionHelper] SqlExceptionHelper.logExceptions:137 - SQL Error: 207, SQLState: S0001
[2023-04-16 09:39:00.948] ERROR [http-nio-8081-exec-2] [o.h.e.j.s.SqlExceptionHelper] SqlExceptionHelper.logExceptions:142 - Invalid column name 'TotalRevenue'.
[2023-04-16 09:39:05.385] ERROR [http-nio-8081-exec-2] [c.h.t.h.GlobalExceptionHandler] GlobalExceptionHandler.handleInternalServerException:31 - An exception occurred: 
org.springframework.dao.InvalidDataAccessResourceUsageException: could not extract ResultSet; SQL [n/a]; nested exception is org.hibernate.exception.SQLGrammarException: could not extract ResultSet
	at org.springframework.orm.jpa.vendor.HibernateJpaDialect.convertHibernateAccessException(HibernateJpaDialect.java:259)
	at org.springframework.orm.jpa.vendor.HibernateJpaDialect.translateExceptionIfPossible(HibernateJpaDialect.java:233)
	at org.springframework.orm.jpa.AbstractEntityManagerFactoryBean.translateExceptionIfPossible(AbstractEntityManagerFactoryBean.java:551)
	at org.springframework.dao.support.ChainedPersistenceExceptionTranslator.translateExceptionIfPossible(ChainedPersistenceExceptionTranslator.java:61)
	at org.springframework.dao.support.DataAccessUtils.translateIfNecessary(DataAccessUtils.java:242)
	at org.springframework.dao.support.PersistenceExceptionTranslationInterceptor.invoke(PersistenceExceptionTranslationInterceptor.java:152)
	at org.springframework.aop.framework.ReflectiveMethodInvocation.proceed(ReflectiveMethodInvocation.java:186)
	at org.springframework.data.jpa.repository.support.CrudMethodMetadataPostProcessor$CrudMethodMetadataPopulatingMethodInterceptor.invoke(CrudMethodMetadataPostProcessor.java:145)
	at org.springframework.aop.framework.ReflectiveMethodInvocation.proceed(ReflectiveMethodInvocation.java:186)
	at org.springframework.aop.interceptor.ExposeInvocationInterceptor.invoke(ExposeInvocationInterceptor.java:97)
	at org.springframework.aop.framework.ReflectiveMethodInvocation.proceed(ReflectiveMethodInvocation.java:186)
	at org.springframework.aop.framework.JdkDynamicAopProxy.invoke(JdkDynamicAopProxy.java:215)
	at com.sun.proxy.$Proxy163.getAllReportsByCompanyId(Unknown Source)
	at com.happy3friends.toiletmapbackend.service.serviceImpl.ReportServiceImpl.getAllReportsByCompanyId(ReportServiceImpl.java:59)
	at com.happy3friends.toiletmapbackend.service.serviceImpl.ReportServiceImpl.getAllReports(ReportServiceImpl.java:119)
	at com.happy3friends.toiletmapbackend.controller.ReportController.getAllReports(ReportController.java:139)
	at com.happy3friends.toiletmapbackend.controller.ReportController$$FastClassBySpringCGLIB$$bea7b752.invoke(<generated>)
	at org.springframework.cglib.proxy.MethodProxy.invoke(MethodProxy.java:218)
	at org.springframework.aop.framework.CglibAopProxy$CglibMethodInvocation.invokeJoinpoint(CglibAopProxy.java:793)
	at org.springframework.aop.framework.ReflectiveMethodInvocation.proceed(ReflectiveMethodInvocation.java:163)
	at org.springframework.aop.framework.CglibAopProxy$CglibMethodInvocation.proceed(CglibAopProxy.java:763)
	at org.springframework.security.access.intercept.aopalliance.MethodSecurityInterceptor.invoke(MethodSecurityInterceptor.java:61)
	at org.springframework.aop.framework.ReflectiveMethodInvocation.proceed(ReflectiveMethodInvocation.java:186)
	at org.springframework.aop.framework.CglibAopProxy$CglibMethodInvocation.proceed(CglibAopProxy.java:763)
	at org.springframework.aop.framework.CglibAopProxy$DynamicAdvisedInterceptor.intercept(CglibAopProxy.java:708)
	at com.happy3friends.toiletmapbackend.controller.ReportController$$EnhancerBySpringCGLIB$$eec20cc7.getAllReports(<generated>)
	at java.base/jdk.internal.reflect.NativeMethodAccessorImpl.invoke0(Native Method)
	at java.base/jdk.internal.reflect.NativeMethodAccessorImpl.invoke(NativeMethodAccessorImpl.java:62)
	at java.base/jdk.internal.reflect.DelegatingMethodAccessorImpl.invoke(DelegatingMethodAccessorImpl.java:43)
	at java.base/java.lang.reflect.Method.invoke(Method.java:566)
	at org.springframework.web.method.support.InvocableHandlerMethod.doInvoke(InvocableHandlerMethod.java:205)
	at org.springframework.web.method.support.InvocableHandlerMethod.invokeForRequest(InvocableHandlerMethod.java:150)
	at org.springframework.web.servlet.mvc.method.annotation.ServletInvocableHandlerMethod.invokeAndHandle(ServletInvocableHandlerMethod.java:117)
	at org.springframework.web.servlet.mvc.method.annotation.RequestMappingHandlerAdapter.invokeHandlerMethod(RequestMappingHandlerAdapter.java:895)
	at org.springframework.web.servlet.mvc.method.annotation.RequestMappingHandlerAdapter.handleInternal(RequestMappingHandlerAdapter.java:808)
	at org.springframework.web.servlet.mvc.method.AbstractHandlerMethodAdapter.handle(AbstractHandlerMethodAdapter.java:87)
	at org.springframework.web.servlet.DispatcherServlet.doDispatch(DispatcherServlet.java:1071)
	at org.springframework.web.servlet.DispatcherServlet.doService(DispatcherServlet.java:964)
	at org.springframework.web.servlet.FrameworkServlet.processRequest(FrameworkServlet.java:1006)
	at org.springframework.web.servlet.FrameworkServlet.doGet(FrameworkServlet.java:898)
	at javax.servlet.http.HttpServlet.service(HttpServlet.java:670)
	at org.springframework.web.servlet.FrameworkServlet.service(FrameworkServlet.java:883)
	at javax.servlet.http.HttpServlet.service(HttpServlet.java:779)
	at org.apache.catalina.core.ApplicationFilterChain.internalDoFilter(ApplicationFilterChain.java:227)
	at org.apache.catalina.core.ApplicationFilterChain.doFilter(ApplicationFilterChain.java:162)
	at org.apache.tomcat.websocket.server.WsFilter.doFilter(WsFilter.java:53)
	at org.apache.catalina.core.ApplicationFilterChain.internalDoFilter(ApplicationFilterChain.java:189)
	at org.apache.catalina.core.ApplicationFilterChain.doFilter(ApplicationFilterChain.java:162)
	at org.springframework.web.filter.OncePerRequestFilter.doFilter(OncePerRequestFilter.java:111)
	at org.apache.catalina.core.ApplicationFilterChain.internalDoFilter(ApplicationFilterChain.java:189)
	at org.apache.catalina.core.ApplicationFilterChain.doFilter(ApplicationFilterChain.java:162)
	at org.springframework.security.web.FilterChainProxy$VirtualFilterChain.doFilter(FilterChainProxy.java:337)
	at org.springframework.security.web.access.intercept.FilterSecurityInterceptor.invoke(FilterSecurityInterceptor.java:115)
	at org.springframework.security.web.access.intercept.FilterSecurityInterceptor.doFilter(FilterSecurityInterceptor.java:81)
	at org.springframework.security.web.FilterChainProxy$VirtualFilterChain.doFilter(FilterChainProxy.java:346)
	at org.springframework.security.web.access.ExceptionTranslationFilter.doFilter(ExceptionTranslationFilter.java:122)
	at org.springframework.security.web.access.ExceptionTranslationFilter.doFilter(ExceptionTranslationFilter.java:116)
	at org.springframework.security.web.FilterChainProxy$VirtualFilterChain.doFilter(FilterChainProxy.java:346)
	at org.springframework.security.web.session.SessionManagementFilter.doFilter(SessionManagementFilter.java:126)
	at org.springframework.security.web.session.SessionManagementFilter.doFilter(SessionManagementFilter.java:81)
	at org.springframework.security.web.FilterChainProxy$VirtualFilterChain.doFilter(FilterChainProxy.java:346)
	at org.springframework.security.web.authentication.AnonymousAuthenticationFilter.doFilter(AnonymousAuthenticationFilter.java:109)
	at org.springframework.security.web.FilterChainProxy$VirtualFilterChain.doFilter(FilterChainProxy.java:346)
	at org.springframework.security.web.servletapi.SecurityContextHolderAwareRequestFilter.doFilter(SecurityContextHolderAwareRequestFilter.java:149)
	at org.springframework.security.web.FilterChainProxy$VirtualFilterChain.doFilter(FilterChainProxy.java:346)
	at org.springframework.security.web.savedrequest.RequestCacheAwareFilter.doFilter(RequestCacheAwareFilter.java:63)
	at org.springframework.security.web.FilterChainProxy$VirtualFilterChain.doFilter(FilterChainProxy.java:346)
	at com.happy3friends.toiletmapbackend.sercurity.TokenAuthenticationFilter.doFilterInternal(TokenAuthenticationFilter.java:65)
	at org.springframework.web.filter.OncePerRequestFilter.doFilter(OncePerRequestFilter.java:117)
	at org.springframework.security.web.FilterChainProxy$VirtualFilterChain.doFilter(FilterChainProxy.java:346)
	at org.springframework.security.web.authentication.logout.LogoutFilter.doFilter(LogoutFilter.java:103)
	at org.springframework.security.web.authentication.logout.LogoutFilter.doFilter(LogoutFilter.java:89)
	at org.springframework.security.web.FilterChainProxy$VirtualFilterChain.doFilter(FilterChainProxy.java:346)
	at org.springframework.web.filter.CorsFilter.doFilterInternal(CorsFilter.java:91)
	at org.springframework.web.filter.OncePerRequestFilter.doFilter(OncePerRequestFilter.java:117)
	at org.springframework.security.web.FilterChainProxy$VirtualFilterChain.doFilter(FilterChainProxy.java:346)
	at org.springframework.security.web.header.HeaderWriterFilter.doHeadersAfter(HeaderWriterFilter.java:90)
	at org.springframework.security.web.header.HeaderWriterFilter.doFilterInternal(HeaderWriterFilter.java:75)
	at org.springframework.web.filter.OncePerRequestFilter.doFilter(OncePerRequestFilter.java:117)
	at org.springframework.security.web.FilterChainProxy$VirtualFilterChain.doFilter(FilterChainProxy.java:346)
	at org.springframework.security.web.context.SecurityContextPersistenceFilter.doFilter(SecurityContextPersistenceFilter.java:112)
	at org.springframework.security.web.context.SecurityContextPersistenceFilter.doFilter(SecurityContextPersistenceFilter.java:82)
	at org.springframework.security.web.FilterChainProxy$VirtualFilterChain.doFilter(FilterChainProxy.java:346)
	at org.springframework.security.web.context.request.async.WebAsyncManagerIntegrationFilter.doFilterInternal(WebAsyncManagerIntegrationFilter.java:55)
	at org.springframework.web.filter.OncePerRequestFilter.doFilter(OncePerRequestFilter.java:117)
	at org.springframework.security.web.FilterChainProxy$VirtualFilterChain.doFilter(FilterChainProxy.java:346)
	at org.springframework.security.web.session.DisableEncodeUrlFilter.doFilterInternal(DisableEncodeUrlFilter.java:42)
	at org.springframework.web.filter.OncePerRequestFilter.doFilter(OncePerRequestFilter.java:117)
	at org.springframework.security.web.FilterChainProxy$VirtualFilterChain.doFilter(FilterChainProxy.java:346)
	at org.springframework.security.web.FilterChainProxy.doFilterInternal(FilterChainProxy.java:221)
	at org.springframework.security.web.FilterChainProxy.doFilter(FilterChainProxy.java:186)
	at org.springframework.web.filter.DelegatingFilterProxy.invokeDelegate(DelegatingFilterProxy.java:354)
	at org.springframework.web.filter.DelegatingFilterProxy.doFilter(DelegatingFilterProxy.java:267)
	at org.apache.catalina.core.ApplicationFilterChain.internalDoFilter(ApplicationFilterChain.java:189)
	at org.apache.catalina.core.ApplicationFilterChain.doFilter(ApplicationFilterChain.java:162)
	at org.springframework.web.filter.RequestContextFilter.doFilterInternal(RequestContextFilter.java:100)
	at org.springframework.web.filter.OncePerRequestFilter.doFilter(OncePerRequestFilter.java:117)
	at org.apache.catalina.core.ApplicationFilterChain.internalDoFilter(ApplicationFilterChain.java:189)
	at org.apache.catalina.core.ApplicationFilterChain.doFilter(ApplicationFilterChain.java:162)
	at org.springframework.web.filter.FormContentFilter.doFilterInternal(FormContentFilter.java:93)
	at org.springframework.web.filter.OncePerRequestFilter.doFilter(OncePerRequestFilter.java:117)
	at org.apache.catalina.core.ApplicationFilterChain.internalDoFilter(ApplicationFilterChain.java:189)
	at org.apache.catalina.core.ApplicationFilterChain.doFilter(ApplicationFilterChain.java:162)
	at org.springframework.web.filter.CharacterEncodingFilter.doFilterInternal(CharacterEncodingFilter.java:201)
	at org.springframework.web.filter.OncePerRequestFilter.doFilter(OncePerRequestFilter.java:117)
	at org.apache.catalina.core.ApplicationFilterChain.internalDoFilter(ApplicationFilterChain.java:189)
	at org.apache.catalina.core.ApplicationFilterChain.doFilter(ApplicationFilterChain.java:162)
	at org.apache.catalina.core.StandardWrapperValve.invoke(StandardWrapperValve.java:177)
	at org.apache.catalina.core.StandardContextValve.invoke(StandardContextValve.java:97)
	at org.apache.catalina.authenticator.AuthenticatorBase.invoke(AuthenticatorBase.java:541)
	at org.apache.catalina.core.StandardHostValve.invoke(StandardHostValve.java:135)
	at org.apache.catalina.valves.ErrorReportValve.invoke(ErrorReportValve.java:92)
	at org.apache.catalina.core.StandardEngineValve.invoke(StandardEngineValve.java:78)
	at org.apache.catalina.connector.CoyoteAdapter.service(CoyoteAdapter.java:360)
	at org.apache.coyote.http11.Http11Processor.service(Http11Processor.java:399)
	at org.apache.coyote.AbstractProcessorLight.process(AbstractProcessorLight.java:65)
	at org.apache.coyote.AbstractProtocol$ConnectionHandler.process(AbstractProtocol.java:891)
	at org.apache.tomcat.util.net.NioEndpoint$SocketProcessor.doRun(NioEndpoint.java:1784)
	at org.apache.tomcat.util.net.SocketProcessorBase.run(SocketProcessorBase.java:49)
	at org.apache.tomcat.util.threads.ThreadPoolExecutor.runWorker(ThreadPoolExecutor.java:1191)
	at org.apache.tomcat.util.threads.ThreadPoolExecutor$Worker.run(ThreadPoolExecutor.java:659)
	at org.apache.tomcat.util.threads.TaskThread$WrappingRunnable.run(TaskThread.java:61)
	at java.base/java.lang.Thread.run(Thread.java:834)
Caused by: org.hibernate.exception.SQLGrammarException: could not extract ResultSet
	at org.hibernate.exception.internal.SQLStateConversionDelegate.convert(SQLStateConversionDelegate.java:103)
	at org.hibernate.exception.internal.StandardSQLExceptionConverter.convert(StandardSQLExceptionConverter.java:37)
	at org.hibernate.engine.jdbc.spi.SqlExceptionHelper.convert(SqlExceptionHelper.java:113)
	at org.hibernate.engine.jdbc.spi.SqlExceptionHelper.convert(SqlExceptionHelper.java:99)
	at org.hibernate.engine.jdbc.internal.ResultSetReturnImpl.extract(ResultSetReturnImpl.java:67)
	at org.hibernate.loader.Loader.getResultSet(Loader.java:2322)
	at org.hibernate.loader.Loader.executeQueryStatement(Loader.java:2075)
	at org.hibernate.loader.Loader.executeQueryStatement(Loader.java:2037)
	at org.hibernate.loader.Loader.doQuery(Loader.java:956)
	at org.hibernate.loader.Loader.doQueryAndInitializeNonLazyCollections(Loader.java:357)
	at org.hibernate.loader.Loader.doList(Loader.java:2868)
	at org.hibernate.loader.Loader.doList(Loader.java:2850)
	at org.hibernate.loader.Loader.listIgnoreQueryCache(Loader.java:2682)
	at org.hibernate.loader.Loader.list(Loader.java:2677)
	at org.hibernate.loader.custom.CustomLoader.list(CustomLoader.java:338)
	at org.hibernate.internal.SessionImpl.listCustomQuery(SessionImpl.java:2186)
	at org.hibernate.internal.AbstractSharedSessionContract.list(AbstractSharedSessionContract.java:1204)
	at org.hibernate.query.internal.NativeQueryImpl.doList(NativeQueryImpl.java:177)
	at org.hibernate.query.internal.AbstractProducedQuery.list(AbstractProducedQuery.java:1617)
	at org.hibernate.query.Query.getResultList(Query.java:165)
	at java.base/jdk.internal.reflect.NativeMethodAccessorImpl.invoke0(Native Method)
	at java.base/jdk.internal.reflect.NativeMethodAccessorImpl.invoke(NativeMethodAccessorImpl.java:62)
	at java.base/jdk.internal.reflect.DelegatingMethodAccessorImpl.invoke(DelegatingMethodAccessorImpl.java:43)
	at java.base/java.lang.reflect.Method.invoke(Method.java:566)
	at org.springframework.orm.jpa.SharedEntityManagerCreator$DeferredQueryInvocationHandler.invoke(SharedEntityManagerCreator.java:406)
	at com.sun.proxy.$Proxy185.getResultList(Unknown Source)
	at org.springframework.data.jpa.repository.query.JpaQueryExecution$CollectionExecution.doExecute(JpaQueryExecution.java:128)
	at org.springframework.data.jpa.repository.query.JpaQueryExecution.execute(JpaQueryExecution.java:90)
	at org.springframework.data.jpa.repository.query.AbstractJpaQuery.doExecute(AbstractJpaQuery.java:156)
	at org.springframework.data.jpa.repository.query.AbstractJpaQuery.execute(AbstractJpaQuery.java:144)
	at org.springframework.data.repository.core.support.RepositoryMethodInvoker.doInvoke(RepositoryMethodInvoker.java:137)
	at org.springframework.data.repository.core.support.RepositoryMethodInvoker.invoke(RepositoryMethodInvoker.java:121)
	at org.springframework.data.repository.core.support.QueryExecutorMethodInterceptor.doInvoke(QueryExecutorMethodInterceptor.java:160)
	at org.springframework.data.repository.core.support.QueryExecutorMethodInterceptor.invoke(QueryExecutorMethodInterceptor.java:139)
	at org.springframework.aop.framework.ReflectiveMethodInvocation.proceed(ReflectiveMethodInvocation.java:186)
	at org.springframework.data.projection.DefaultMethodInvokingMethodInterceptor.invoke(DefaultMethodInvokingMethodInterceptor.java:81)
	at org.springframework.aop.framework.ReflectiveMethodInvocation.proceed(ReflectiveMethodInvocation.java:186)
	at org.springframework.transaction.interceptor.TransactionInterceptor$1.proceedWithInvocation(TransactionInterceptor.java:123)
	at org.springframework.transaction.interceptor.TransactionAspectSupport.invokeWithinTransaction(TransactionAspectSupport.java:388)
	at org.springframework.transaction.interceptor.TransactionInterceptor.invoke(TransactionInterceptor.java:119)
	at org.springframework.aop.framework.ReflectiveMethodInvocation.proceed(ReflectiveMethodInvocation.java:186)
	at org.springframework.dao.support.PersistenceExceptionTranslationInterceptor.invoke(PersistenceExceptionTranslationInterceptor.java:137)
	... 117 common frames omitted
Caused by: com.microsoft.sqlserver.jdbc.SQLServerException: Invalid column name 'TotalRevenue'.
	at com.microsoft.sqlserver.jdbc.SQLServerException.makeFromDatabaseError(SQLServerException.java:265)
	at com.microsoft.sqlserver.jdbc.SQLServerStatement.getNextResult(SQLServerStatement.java:1676)
	at com.microsoft.sqlserver.jdbc.SQLServerPreparedStatement.doExecutePreparedStatement(SQLServerPreparedStatement.java:615)
	at com.microsoft.sqlserver.jdbc.SQLServerPreparedStatement$PrepStmtExecCmd.doExecute(SQLServerPreparedStatement.java:537)
	at com.microsoft.sqlserver.jdbc.TDSCommand.execute(IOBuffer.java:7664)
	at com.microsoft.sqlserver.jdbc.SQLServerConnection.executeCommand(SQLServerConnection.java:3791)
	at com.microsoft.sqlserver.jdbc.SQLServerStatement.executeCommand(SQLServerStatement.java:268)
	at com.microsoft.sqlserver.jdbc.SQLServerStatement.executeStatement(SQLServerStatement.java:242)
	at com.microsoft.sqlserver.jdbc.SQLServerPreparedStatement.executeQuery(SQLServerPreparedStatement.java:456)
	at com.zaxxer.hikari.pool.ProxyPreparedStatement.executeQuery(ProxyPreparedStatement.java:52)
	at com.zaxxer.hikari.pool.HikariProxyPreparedStatement.executeQuery(HikariProxyPreparedStatement.java)
	at org.hibernate.engine.jdbc.internal.ResultSetReturnImpl.extract(ResultSetReturnImpl.java:57)
	... 154 common frames omitted
[2023-04-16 09:40:03.244] INFO  [SpringApplicationShutdownHook] [o.s.o.j.LocalContainerEntityManagerFactoryBean] LocalContainerEntityManagerFactoryBean.destroy:651 - Closing JPA EntityManagerFactory for persistence unit 'default'
[2023-04-16 09:40:03.249] INFO  [SpringApplicationShutdownHook] [c.z.h.HikariDataSource] HikariDataSource.close:350 - HikariPool-1 - Shutdown initiated...
[2023-04-16 09:40:03.265] INFO  [SpringApplicationShutdownHook] [c.z.h.HikariDataSource] HikariDataSource.close:352 - HikariPool-1 - Shutdown completed.
[2023-04-16 09:40:09.268] INFO  [main] [c.h.t.ToiletMapBackEndApplication] ToiletMapBackEndApplication.logStarting:55 - Starting ToiletMapBackEndApplication using Java 11.0.16.1 on TienHuynhTN with PID 4040 (F:\FPT\Semester-9-Summer-2023\Capstone-Project\Implementation\toilet-map-back-end\target\classes started by tienhltse151104 in F:\FPT\Semester-9-Summer-2023\Capstone-Project\Implementation\toilet-map-back-end)
[2023-04-16 09:40:09.274] INFO  [main] [c.h.t.ToiletMapBackEndApplication] ToiletMapBackEndApplication.logStartupProfileInfo:637 - The following 2 profiles are active: "default", "prod"
[2023-04-16 09:40:10.545] INFO  [main] [o.s.d.r.c.RepositoryConfigurationDelegate] RepositoryConfigurationDelegate.registerRepositoriesIn:132 - Bootstrapping Spring Data JPA repositories in DEFAULT mode.
[2023-04-16 09:40:10.695] INFO  [main] [o.s.d.r.c.RepositoryConfigurationDelegate] RepositoryConfigurationDelegate.registerRepositoriesIn:201 - Finished Spring Data repository scanning in 141 ms. Found 15 JPA repository interfaces.
[2023-04-16 09:40:11.463] INFO  [main] [o.s.b.w.e.t.TomcatWebServer] TomcatWebServer.initialize:108 - Tomcat initialized with port(s): 8081 (http)
[2023-04-16 09:40:11.464] INFO  [main] [o.a.c.c.AprLifecycleListener] AprLifecycleListener.log:173 - Loaded Apache Tomcat Native library [1.2.35] using APR version [1.7.0].
[2023-04-16 09:40:11.465] INFO  [main] [o.a.c.c.AprLifecycleListener] AprLifecycleListener.log:173 - APR capabilities: IPv6 [true], sendfile [true], accept filters [false], random [true], UDS [true].
[2023-04-16 09:40:11.465] INFO  [main] [o.a.c.c.AprLifecycleListener] AprLifecycleListener.log:173 - APR/OpenSSL configuration: useAprConnector [false], useOpenSSL [true]
[2023-04-16 09:40:11.469] INFO  [main] [o.a.c.c.AprLifecycleListener] AprLifecycleListener.log:173 - OpenSSL successfully initialized [OpenSSL 1.1.1q  5 Jul 2022]
[2023-04-16 09:40:11.481] INFO  [main] [o.a.c.c.StandardService] StandardService.log:173 - Starting service [Tomcat]
[2023-04-16 09:40:11.481] INFO  [main] [o.a.c.c.StandardEngine] StandardEngine.log:173 - Starting Servlet engine: [Apache Tomcat/9.0.71]
[2023-04-16 09:40:11.610] INFO  [main] [o.a.c.c.C.[.[.[/]] [/].log:173 - Initializing Spring embedded WebApplicationContext
[2023-04-16 09:40:11.611] INFO  [main] [o.s.b.w.s.c.ServletWebServerApplicationContext] ServletWebServerApplicationContext.prepareWebApplicationContext:292 - Root WebApplicationContext: initialization completed in 2261 ms
[2023-04-16 09:40:12.101] INFO  [main] [o.h.j.i.u.LogHelper] LogHelper.logPersistenceUnitInformation:31 - HHH000204: Processing PersistenceUnitInfo [name: default]
[2023-04-16 09:40:12.156] INFO  [main] [o.h.Version] Version.logVersion:44 - HHH000412: Hibernate ORM core version 5.6.14.Final
[2023-04-16 09:40:12.325] INFO  [main] [o.h.a.c.Version] Version.<clinit>:56 - HCANN000001: Hibernate Commons Annotations {5.1.2.Final}
[2023-04-16 09:40:12.445] INFO  [main] [c.z.h.HikariDataSource] HikariDataSource.getConnection:110 - HikariPool-1 - Starting...
[2023-04-16 09:40:13.242] INFO  [main] [c.z.h.HikariDataSource] HikariDataSource.getConnection:123 - HikariPool-1 - Start completed.
[2023-04-16 09:40:13.263] INFO  [main] [o.h.d.Dialect] Dialect.<init>:175 - HHH000400: Using dialect: org.hibernate.dialect.SQLServer2012Dialect
[2023-04-16 09:40:14.484] INFO  [main] [o.h.e.t.j.p.i.JtaPlatformInitiator] JtaPlatformInitiator.initiateService:52 - HHH000490: Using JtaPlatform implementation: [org.hibernate.engine.transaction.jta.platform.internal.NoJtaPlatform]
[2023-04-16 09:40:14.498] INFO  [main] [o.s.o.j.LocalContainerEntityManagerFactoryBean] LocalContainerEntityManagerFactoryBean.buildNativeEntityManagerFactory:437 - Initialized JPA EntityManagerFactory for persistence unit 'default'
[2023-04-16 09:40:16.908] INFO  [main] [o.s.s.w.DefaultSecurityFilterChain] DefaultSecurityFilterChain.<init>:55 - Will secure any request with [org.springframework.security.web.session.DisableEncodeUrlFilter@22cca101, org.springframework.security.web.context.request.async.WebAsyncManagerIntegrationFilter@1722ede1, org.springframework.security.web.context.SecurityContextPersistenceFilter@230dd372, org.springframework.security.web.header.HeaderWriterFilter@3074575a, org.springframework.web.filter.CorsFilter@307ba188, org.springframework.security.web.authentication.logout.LogoutFilter@75bbe39d, com.happy3friends.toiletmapbackend.sercurity.TokenAuthenticationFilter@7603cfc2, org.springframework.security.web.savedrequest.RequestCacheAwareFilter@51c15508, org.springframework.security.web.servletapi.SecurityContextHolderAwareRequestFilter@24ae2183, org.springframework.security.web.authentication.AnonymousAuthenticationFilter@34f3c920, org.springframework.security.web.session.SessionManagementFilter@2eed6331, org.springframework.security.web.access.ExceptionTranslationFilter@1b897ffb, org.springframework.security.web.access.intercept.FilterSecurityInterceptor@7bbe5548]
[2023-04-16 09:40:17.328] INFO  [main] [o.s.b.w.e.t.TomcatWebServer] TomcatWebServer.start:220 - Tomcat started on port(s): 8081 (http) with context path ''
[2023-04-16 09:40:17.345] INFO  [main] [c.h.t.ToiletMapBackEndApplication] ToiletMapBackEndApplication.logStarted:61 - Started ToiletMapBackEndApplication in 8.938 seconds (JVM running for 10.634)
[2023-04-16 09:40:27.542] INFO  [http-nio-8081-exec-1] [o.a.c.c.C.[.[.[/]] [/].log:173 - Initializing Spring DispatcherServlet 'dispatcherServlet'
[2023-04-16 09:40:27.543] INFO  [http-nio-8081-exec-1] [o.s.w.s.DispatcherServlet] DispatcherServlet.initServletBean:525 - Initializing Servlet 'dispatcherServlet'
[2023-04-16 09:40:27.546] INFO  [http-nio-8081-exec-1] [o.s.w.s.DispatcherServlet] DispatcherServlet.initServletBean:547 - Completed initialization in 2 ms
[2023-04-16 09:40:48.917] WARN  [http-nio-8081-exec-1] [o.h.e.j.s.SqlExceptionHelper] SqlExceptionHelper.logExceptions:137 - SQL Error: 207, SQLState: S0001
[2023-04-16 09:40:48.918] ERROR [http-nio-8081-exec-1] [o.h.e.j.s.SqlExceptionHelper] SqlExceptionHelper.logExceptions:142 - Invalid column name 'TotalRevenue'.
[2023-04-16 09:41:19.972] ERROR [http-nio-8081-exec-1] [c.h.t.h.GlobalExceptionHandler] GlobalExceptionHandler.handleInternalServerException:31 - An exception occurred: 
org.springframework.dao.InvalidDataAccessResourceUsageException: could not extract ResultSet; SQL [n/a]; nested exception is org.hibernate.exception.SQLGrammarException: could not extract ResultSet
	at org.springframework.orm.jpa.vendor.HibernateJpaDialect.convertHibernateAccessException(HibernateJpaDialect.java:259)
	at org.springframework.orm.jpa.vendor.HibernateJpaDialect.translateExceptionIfPossible(HibernateJpaDialect.java:233)
	at org.springframework.orm.jpa.AbstractEntityManagerFactoryBean.translateExceptionIfPossible(AbstractEntityManagerFactoryBean.java:551)
	at org.springframework.dao.support.ChainedPersistenceExceptionTranslator.translateExceptionIfPossible(ChainedPersistenceExceptionTranslator.java:61)
	at org.springframework.dao.support.DataAccessUtils.translateIfNecessary(DataAccessUtils.java:242)
	at org.springframework.dao.support.PersistenceExceptionTranslationInterceptor.invoke(PersistenceExceptionTranslationInterceptor.java:152)
	at org.springframework.aop.framework.ReflectiveMethodInvocation.proceed(ReflectiveMethodInvocation.java:186)
	at org.springframework.data.jpa.repository.support.CrudMethodMetadataPostProcessor$CrudMethodMetadataPopulatingMethodInterceptor.invoke(CrudMethodMetadataPostProcessor.java:145)
	at org.springframework.aop.framework.ReflectiveMethodInvocation.proceed(ReflectiveMethodInvocation.java:186)
	at org.springframework.aop.interceptor.ExposeInvocationInterceptor.invoke(ExposeInvocationInterceptor.java:97)
	at org.springframework.aop.framework.ReflectiveMethodInvocation.proceed(ReflectiveMethodInvocation.java:186)
	at org.springframework.aop.framework.JdkDynamicAopProxy.invoke(JdkDynamicAopProxy.java:215)
	at com.sun.proxy.$Proxy163.getAllReportsByCompanyId(Unknown Source)
	at com.happy3friends.toiletmapbackend.service.serviceImpl.ReportServiceImpl.getAllReportsByCompanyId(ReportServiceImpl.java:59)
	at com.happy3friends.toiletmapbackend.service.serviceImpl.ReportServiceImpl.getAllReports(ReportServiceImpl.java:119)
	at com.happy3friends.toiletmapbackend.controller.ReportController.getAllReports(ReportController.java:139)
	at com.happy3friends.toiletmapbackend.controller.ReportController$$FastClassBySpringCGLIB$$bea7b752.invoke(<generated>)
	at org.springframework.cglib.proxy.MethodProxy.invoke(MethodProxy.java:218)
	at org.springframework.aop.framework.CglibAopProxy$CglibMethodInvocation.invokeJoinpoint(CglibAopProxy.java:793)
	at org.springframework.aop.framework.ReflectiveMethodInvocation.proceed(ReflectiveMethodInvocation.java:163)
	at org.springframework.aop.framework.CglibAopProxy$CglibMethodInvocation.proceed(CglibAopProxy.java:763)
	at org.springframework.security.access.intercept.aopalliance.MethodSecurityInterceptor.invoke(MethodSecurityInterceptor.java:61)
	at org.springframework.aop.framework.ReflectiveMethodInvocation.proceed(ReflectiveMethodInvocation.java:186)
	at org.springframework.aop.framework.CglibAopProxy$CglibMethodInvocation.proceed(CglibAopProxy.java:763)
	at org.springframework.aop.framework.CglibAopProxy$DynamicAdvisedInterceptor.intercept(CglibAopProxy.java:708)
	at com.happy3friends.toiletmapbackend.controller.ReportController$$EnhancerBySpringCGLIB$$e1996509.getAllReports(<generated>)
	at java.base/jdk.internal.reflect.NativeMethodAccessorImpl.invoke0(Native Method)
	at java.base/jdk.internal.reflect.NativeMethodAccessorImpl.invoke(NativeMethodAccessorImpl.java:62)
	at java.base/jdk.internal.reflect.DelegatingMethodAccessorImpl.invoke(DelegatingMethodAccessorImpl.java:43)
	at java.base/java.lang.reflect.Method.invoke(Method.java:566)
	at org.springframework.web.method.support.InvocableHandlerMethod.doInvoke(InvocableHandlerMethod.java:205)
	at org.springframework.web.method.support.InvocableHandlerMethod.invokeForRequest(InvocableHandlerMethod.java:150)
	at org.springframework.web.servlet.mvc.method.annotation.ServletInvocableHandlerMethod.invokeAndHandle(ServletInvocableHandlerMethod.java:117)
	at org.springframework.web.servlet.mvc.method.annotation.RequestMappingHandlerAdapter.invokeHandlerMethod(RequestMappingHandlerAdapter.java:895)
	at org.springframework.web.servlet.mvc.method.annotation.RequestMappingHandlerAdapter.handleInternal(RequestMappingHandlerAdapter.java:808)
	at org.springframework.web.servlet.mvc.method.AbstractHandlerMethodAdapter.handle(AbstractHandlerMethodAdapter.java:87)
	at org.springframework.web.servlet.DispatcherServlet.doDispatch(DispatcherServlet.java:1071)
	at org.springframework.web.servlet.DispatcherServlet.doService(DispatcherServlet.java:964)
	at org.springframework.web.servlet.FrameworkServlet.processRequest(FrameworkServlet.java:1006)
	at org.springframework.web.servlet.FrameworkServlet.doGet(FrameworkServlet.java:898)
	at javax.servlet.http.HttpServlet.service(HttpServlet.java:670)
	at org.springframework.web.servlet.FrameworkServlet.service(FrameworkServlet.java:883)
	at javax.servlet.http.HttpServlet.service(HttpServlet.java:779)
	at org.apache.catalina.core.ApplicationFilterChain.internalDoFilter(ApplicationFilterChain.java:227)
	at org.apache.catalina.core.ApplicationFilterChain.doFilter(ApplicationFilterChain.java:162)
	at org.apache.tomcat.websocket.server.WsFilter.doFilter(WsFilter.java:53)
	at org.apache.catalina.core.ApplicationFilterChain.internalDoFilter(ApplicationFilterChain.java:189)
	at org.apache.catalina.core.ApplicationFilterChain.doFilter(ApplicationFilterChain.java:162)
	at org.springframework.web.filter.OncePerRequestFilter.doFilter(OncePerRequestFilter.java:111)
	at org.apache.catalina.core.ApplicationFilterChain.internalDoFilter(ApplicationFilterChain.java:189)
	at org.apache.catalina.core.ApplicationFilterChain.doFilter(ApplicationFilterChain.java:162)
	at org.springframework.security.web.FilterChainProxy$VirtualFilterChain.doFilter(FilterChainProxy.java:337)
	at org.springframework.security.web.access.intercept.FilterSecurityInterceptor.invoke(FilterSecurityInterceptor.java:115)
	at org.springframework.security.web.access.intercept.FilterSecurityInterceptor.doFilter(FilterSecurityInterceptor.java:81)
	at org.springframework.security.web.FilterChainProxy$VirtualFilterChain.doFilter(FilterChainProxy.java:346)
	at org.springframework.security.web.access.ExceptionTranslationFilter.doFilter(ExceptionTranslationFilter.java:122)
	at org.springframework.security.web.access.ExceptionTranslationFilter.doFilter(ExceptionTranslationFilter.java:116)
	at org.springframework.security.web.FilterChainProxy$VirtualFilterChain.doFilter(FilterChainProxy.java:346)
	at org.springframework.security.web.session.SessionManagementFilter.doFilter(SessionManagementFilter.java:126)
	at org.springframework.security.web.session.SessionManagementFilter.doFilter(SessionManagementFilter.java:81)
	at org.springframework.security.web.FilterChainProxy$VirtualFilterChain.doFilter(FilterChainProxy.java:346)
	at org.springframework.security.web.authentication.AnonymousAuthenticationFilter.doFilter(AnonymousAuthenticationFilter.java:109)
	at org.springframework.security.web.FilterChainProxy$VirtualFilterChain.doFilter(FilterChainProxy.java:346)
	at org.springframework.security.web.servletapi.SecurityContextHolderAwareRequestFilter.doFilter(SecurityContextHolderAwareRequestFilter.java:149)
	at org.springframework.security.web.FilterChainProxy$VirtualFilterChain.doFilter(FilterChainProxy.java:346)
	at org.springframework.security.web.savedrequest.RequestCacheAwareFilter.doFilter(RequestCacheAwareFilter.java:63)
	at org.springframework.security.web.FilterChainProxy$VirtualFilterChain.doFilter(FilterChainProxy.java:346)
	at com.happy3friends.toiletmapbackend.sercurity.TokenAuthenticationFilter.doFilterInternal(TokenAuthenticationFilter.java:65)
	at org.springframework.web.filter.OncePerRequestFilter.doFilter(OncePerRequestFilter.java:117)
	at org.springframework.security.web.FilterChainProxy$VirtualFilterChain.doFilter(FilterChainProxy.java:346)
	at org.springframework.security.web.authentication.logout.LogoutFilter.doFilter(LogoutFilter.java:103)
	at org.springframework.security.web.authentication.logout.LogoutFilter.doFilter(LogoutFilter.java:89)
	at org.springframework.security.web.FilterChainProxy$VirtualFilterChain.doFilter(FilterChainProxy.java:346)
	at org.springframework.web.filter.CorsFilter.doFilterInternal(CorsFilter.java:91)
	at org.springframework.web.filter.OncePerRequestFilter.doFilter(OncePerRequestFilter.java:117)
	at org.springframework.security.web.FilterChainProxy$VirtualFilterChain.doFilter(FilterChainProxy.java:346)
	at org.springframework.security.web.header.HeaderWriterFilter.doHeadersAfter(HeaderWriterFilter.java:90)
	at org.springframework.security.web.header.HeaderWriterFilter.doFilterInternal(HeaderWriterFilter.java:75)
	at org.springframework.web.filter.OncePerRequestFilter.doFilter(OncePerRequestFilter.java:117)
	at org.springframework.security.web.FilterChainProxy$VirtualFilterChain.doFilter(FilterChainProxy.java:346)
	at org.springframework.security.web.context.SecurityContextPersistenceFilter.doFilter(SecurityContextPersistenceFilter.java:112)
	at org.springframework.security.web.context.SecurityContextPersistenceFilter.doFilter(SecurityContextPersistenceFilter.java:82)
	at org.springframework.security.web.FilterChainProxy$VirtualFilterChain.doFilter(FilterChainProxy.java:346)
	at org.springframework.security.web.context.request.async.WebAsyncManagerIntegrationFilter.doFilterInternal(WebAsyncManagerIntegrationFilter.java:55)
	at org.springframework.web.filter.OncePerRequestFilter.doFilter(OncePerRequestFilter.java:117)
	at org.springframework.security.web.FilterChainProxy$VirtualFilterChain.doFilter(FilterChainProxy.java:346)
	at org.springframework.security.web.session.DisableEncodeUrlFilter.doFilterInternal(DisableEncodeUrlFilter.java:42)
	at org.springframework.web.filter.OncePerRequestFilter.doFilter(OncePerRequestFilter.java:117)
	at org.springframework.security.web.FilterChainProxy$VirtualFilterChain.doFilter(FilterChainProxy.java:346)
	at org.springframework.security.web.FilterChainProxy.doFilterInternal(FilterChainProxy.java:221)
	at org.springframework.security.web.FilterChainProxy.doFilter(FilterChainProxy.java:186)
	at org.springframework.web.filter.DelegatingFilterProxy.invokeDelegate(DelegatingFilterProxy.java:354)
	at org.springframework.web.filter.DelegatingFilterProxy.doFilter(DelegatingFilterProxy.java:267)
	at org.apache.catalina.core.ApplicationFilterChain.internalDoFilter(ApplicationFilterChain.java:189)
	at org.apache.catalina.core.ApplicationFilterChain.doFilter(ApplicationFilterChain.java:162)
	at org.springframework.web.filter.RequestContextFilter.doFilterInternal(RequestContextFilter.java:100)
	at org.springframework.web.filter.OncePerRequestFilter.doFilter(OncePerRequestFilter.java:117)
	at org.apache.catalina.core.ApplicationFilterChain.internalDoFilter(ApplicationFilterChain.java:189)
	at org.apache.catalina.core.ApplicationFilterChain.doFilter(ApplicationFilterChain.java:162)
	at org.springframework.web.filter.FormContentFilter.doFilterInternal(FormContentFilter.java:93)
	at org.springframework.web.filter.OncePerRequestFilter.doFilter(OncePerRequestFilter.java:117)
	at org.apache.catalina.core.ApplicationFilterChain.internalDoFilter(ApplicationFilterChain.java:189)
	at org.apache.catalina.core.ApplicationFilterChain.doFilter(ApplicationFilterChain.java:162)
	at org.springframework.web.filter.CharacterEncodingFilter.doFilterInternal(CharacterEncodingFilter.java:201)
	at org.springframework.web.filter.OncePerRequestFilter.doFilter(OncePerRequestFilter.java:117)
	at org.apache.catalina.core.ApplicationFilterChain.internalDoFilter(ApplicationFilterChain.java:189)
	at org.apache.catalina.core.ApplicationFilterChain.doFilter(ApplicationFilterChain.java:162)
	at org.apache.catalina.core.StandardWrapperValve.invoke(StandardWrapperValve.java:177)
	at org.apache.catalina.core.StandardContextValve.invoke(StandardContextValve.java:97)
	at org.apache.catalina.authenticator.AuthenticatorBase.invoke(AuthenticatorBase.java:541)
	at org.apache.catalina.core.StandardHostValve.invoke(StandardHostValve.java:135)
	at org.apache.catalina.valves.ErrorReportValve.invoke(ErrorReportValve.java:92)
	at org.apache.catalina.core.StandardEngineValve.invoke(StandardEngineValve.java:78)
	at org.apache.catalina.connector.CoyoteAdapter.service(CoyoteAdapter.java:360)
	at org.apache.coyote.http11.Http11Processor.service(Http11Processor.java:399)
	at org.apache.coyote.AbstractProcessorLight.process(AbstractProcessorLight.java:65)
	at org.apache.coyote.AbstractProtocol$ConnectionHandler.process(AbstractProtocol.java:891)
	at org.apache.tomcat.util.net.NioEndpoint$SocketProcessor.doRun(NioEndpoint.java:1784)
	at org.apache.tomcat.util.net.SocketProcessorBase.run(SocketProcessorBase.java:49)
	at org.apache.tomcat.util.threads.ThreadPoolExecutor.runWorker(ThreadPoolExecutor.java:1191)
	at org.apache.tomcat.util.threads.ThreadPoolExecutor$Worker.run(ThreadPoolExecutor.java:659)
	at org.apache.tomcat.util.threads.TaskThread$WrappingRunnable.run(TaskThread.java:61)
	at java.base/java.lang.Thread.run(Thread.java:834)
Caused by: org.hibernate.exception.SQLGrammarException: could not extract ResultSet
	at org.hibernate.exception.internal.SQLStateConversionDelegate.convert(SQLStateConversionDelegate.java:103)
	at org.hibernate.exception.internal.StandardSQLExceptionConverter.convert(StandardSQLExceptionConverter.java:37)
	at org.hibernate.engine.jdbc.spi.SqlExceptionHelper.convert(SqlExceptionHelper.java:113)
	at org.hibernate.engine.jdbc.spi.SqlExceptionHelper.convert(SqlExceptionHelper.java:99)
	at org.hibernate.engine.jdbc.internal.ResultSetReturnImpl.extract(ResultSetReturnImpl.java:67)
	at org.hibernate.loader.Loader.getResultSet(Loader.java:2322)
	at org.hibernate.loader.Loader.executeQueryStatement(Loader.java:2075)
	at org.hibernate.loader.Loader.executeQueryStatement(Loader.java:2037)
	at org.hibernate.loader.Loader.doQuery(Loader.java:956)
	at org.hibernate.loader.Loader.doQueryAndInitializeNonLazyCollections(Loader.java:357)
	at org.hibernate.loader.Loader.doList(Loader.java:2868)
	at org.hibernate.loader.Loader.doList(Loader.java:2850)
	at org.hibernate.loader.Loader.listIgnoreQueryCache(Loader.java:2682)
	at org.hibernate.loader.Loader.list(Loader.java:2677)
	at org.hibernate.loader.custom.CustomLoader.list(CustomLoader.java:338)
	at org.hibernate.internal.SessionImpl.listCustomQuery(SessionImpl.java:2186)
	at org.hibernate.internal.AbstractSharedSessionContract.list(AbstractSharedSessionContract.java:1204)
	at org.hibernate.query.internal.NativeQueryImpl.doList(NativeQueryImpl.java:177)
	at org.hibernate.query.internal.AbstractProducedQuery.list(AbstractProducedQuery.java:1617)
	at org.hibernate.query.Query.getResultList(Query.java:165)
	at java.base/jdk.internal.reflect.NativeMethodAccessorImpl.invoke0(Native Method)
	at java.base/jdk.internal.reflect.NativeMethodAccessorImpl.invoke(NativeMethodAccessorImpl.java:62)
	at java.base/jdk.internal.reflect.DelegatingMethodAccessorImpl.invoke(DelegatingMethodAccessorImpl.java:43)
	at java.base/java.lang.reflect.Method.invoke(Method.java:566)
	at org.springframework.orm.jpa.SharedEntityManagerCreator$DeferredQueryInvocationHandler.invoke(SharedEntityManagerCreator.java:406)
	at com.sun.proxy.$Proxy185.getResultList(Unknown Source)
	at org.springframework.data.jpa.repository.query.JpaQueryExecution$CollectionExecution.doExecute(JpaQueryExecution.java:128)
	at org.springframework.data.jpa.repository.query.JpaQueryExecution.execute(JpaQueryExecution.java:90)
	at org.springframework.data.jpa.repository.query.AbstractJpaQuery.doExecute(AbstractJpaQuery.java:156)
	at org.springframework.data.jpa.repository.query.AbstractJpaQuery.execute(AbstractJpaQuery.java:144)
	at org.springframework.data.repository.core.support.RepositoryMethodInvoker.doInvoke(RepositoryMethodInvoker.java:137)
	at org.springframework.data.repository.core.support.RepositoryMethodInvoker.invoke(RepositoryMethodInvoker.java:121)
	at org.springframework.data.repository.core.support.QueryExecutorMethodInterceptor.doInvoke(QueryExecutorMethodInterceptor.java:160)
	at org.springframework.data.repository.core.support.QueryExecutorMethodInterceptor.invoke(QueryExecutorMethodInterceptor.java:139)
	at org.springframework.aop.framework.ReflectiveMethodInvocation.proceed(ReflectiveMethodInvocation.java:186)
	at org.springframework.data.projection.DefaultMethodInvokingMethodInterceptor.invoke(DefaultMethodInvokingMethodInterceptor.java:81)
	at org.springframework.aop.framework.ReflectiveMethodInvocation.proceed(ReflectiveMethodInvocation.java:186)
	at org.springframework.transaction.interceptor.TransactionInterceptor$1.proceedWithInvocation(TransactionInterceptor.java:123)
	at org.springframework.transaction.interceptor.TransactionAspectSupport.invokeWithinTransaction(TransactionAspectSupport.java:388)
	at org.springframework.transaction.interceptor.TransactionInterceptor.invoke(TransactionInterceptor.java:119)
	at org.springframework.aop.framework.ReflectiveMethodInvocation.proceed(ReflectiveMethodInvocation.java:186)
	at org.springframework.dao.support.PersistenceExceptionTranslationInterceptor.invoke(PersistenceExceptionTranslationInterceptor.java:137)
	... 117 common frames omitted
Caused by: com.microsoft.sqlserver.jdbc.SQLServerException: Invalid column name 'TotalRevenue'.
	at com.microsoft.sqlserver.jdbc.SQLServerException.makeFromDatabaseError(SQLServerException.java:265)
	at com.microsoft.sqlserver.jdbc.SQLServerStatement.getNextResult(SQLServerStatement.java:1676)
	at com.microsoft.sqlserver.jdbc.SQLServerPreparedStatement.doExecutePreparedStatement(SQLServerPreparedStatement.java:615)
	at com.microsoft.sqlserver.jdbc.SQLServerPreparedStatement$PrepStmtExecCmd.doExecute(SQLServerPreparedStatement.java:537)
	at com.microsoft.sqlserver.jdbc.TDSCommand.execute(IOBuffer.java:7664)
	at com.microsoft.sqlserver.jdbc.SQLServerConnection.executeCommand(SQLServerConnection.java:3791)
	at com.microsoft.sqlserver.jdbc.SQLServerStatement.executeCommand(SQLServerStatement.java:268)
	at com.microsoft.sqlserver.jdbc.SQLServerStatement.executeStatement(SQLServerStatement.java:242)
	at com.microsoft.sqlserver.jdbc.SQLServerPreparedStatement.executeQuery(SQLServerPreparedStatement.java:456)
	at com.zaxxer.hikari.pool.ProxyPreparedStatement.executeQuery(ProxyPreparedStatement.java:52)
	at com.zaxxer.hikari.pool.HikariProxyPreparedStatement.executeQuery(HikariProxyPreparedStatement.java)
	at org.hibernate.engine.jdbc.internal.ResultSetReturnImpl.extract(ResultSetReturnImpl.java:57)
	... 154 common frames omitted
[2023-04-16 09:44:08.446] INFO  [SpringApplicationShutdownHook] [o.s.o.j.LocalContainerEntityManagerFactoryBean] LocalContainerEntityManagerFactoryBean.destroy:651 - Closing JPA EntityManagerFactory for persistence unit 'default'
[2023-04-16 09:44:08.450] INFO  [SpringApplicationShutdownHook] [c.z.h.HikariDataSource] HikariDataSource.close:350 - HikariPool-1 - Shutdown initiated...
[2023-04-16 09:44:08.463] INFO  [SpringApplicationShutdownHook] [c.z.h.HikariDataSource] HikariDataSource.close:352 - HikariPool-1 - Shutdown completed.
[2023-04-16 09:44:17.740] INFO  [main] [c.h.t.ToiletMapBackEndApplication] ToiletMapBackEndApplication.logStarting:55 - Starting ToiletMapBackEndApplication using Java 11.0.16.1 on TienHuynhTN with PID 24340 (F:\FPT\Semester-9-Summer-2023\Capstone-Project\Implementation\toilet-map-back-end\target\classes started by tienhltse151104 in F:\FPT\Semester-9-Summer-2023\Capstone-Project\Implementation\toilet-map-back-end)
[2023-04-16 09:44:17.746] INFO  [main] [c.h.t.ToiletMapBackEndApplication] ToiletMapBackEndApplication.logStartupProfileInfo:637 - The following 2 profiles are active: "default", "prod"
[2023-04-16 09:44:19.012] INFO  [main] [o.s.d.r.c.RepositoryConfigurationDelegate] RepositoryConfigurationDelegate.registerRepositoriesIn:132 - Bootstrapping Spring Data JPA repositories in DEFAULT mode.
[2023-04-16 09:44:19.156] INFO  [main] [o.s.d.r.c.RepositoryConfigurationDelegate] RepositoryConfigurationDelegate.registerRepositoriesIn:201 - Finished Spring Data repository scanning in 131 ms. Found 15 JPA repository interfaces.
[2023-04-16 09:44:19.891] INFO  [main] [o.s.b.w.e.t.TomcatWebServer] TomcatWebServer.initialize:108 - Tomcat initialized with port(s): 8081 (http)
[2023-04-16 09:44:19.893] INFO  [main] [o.a.c.c.AprLifecycleListener] AprLifecycleListener.log:173 - Loaded Apache Tomcat Native library [1.2.35] using APR version [1.7.0].
[2023-04-16 09:44:19.893] INFO  [main] [o.a.c.c.AprLifecycleListener] AprLifecycleListener.log:173 - APR capabilities: IPv6 [true], sendfile [true], accept filters [false], random [true], UDS [true].
[2023-04-16 09:44:19.893] INFO  [main] [o.a.c.c.AprLifecycleListener] AprLifecycleListener.log:173 - APR/OpenSSL configuration: useAprConnector [false], useOpenSSL [true]
[2023-04-16 09:44:19.897] INFO  [main] [o.a.c.c.AprLifecycleListener] AprLifecycleListener.log:173 - OpenSSL successfully initialized [OpenSSL 1.1.1q  5 Jul 2022]
[2023-04-16 09:44:19.906] INFO  [main] [o.a.c.c.StandardService] StandardService.log:173 - Starting service [Tomcat]
[2023-04-16 09:44:19.907] INFO  [main] [o.a.c.c.StandardEngine] StandardEngine.log:173 - Starting Servlet engine: [Apache Tomcat/9.0.71]
[2023-04-16 09:44:20.027] INFO  [main] [o.a.c.c.C.[.[.[/]] [/].log:173 - Initializing Spring embedded WebApplicationContext
[2023-04-16 09:44:20.029] INFO  [main] [o.s.b.w.s.c.ServletWebServerApplicationContext] ServletWebServerApplicationContext.prepareWebApplicationContext:292 - Root WebApplicationContext: initialization completed in 2209 ms
[2023-04-16 09:44:20.489] INFO  [main] [o.h.j.i.u.LogHelper] LogHelper.logPersistenceUnitInformation:31 - HHH000204: Processing PersistenceUnitInfo [name: default]
[2023-04-16 09:44:20.546] INFO  [main] [o.h.Version] Version.logVersion:44 - HHH000412: Hibernate ORM core version 5.6.14.Final
[2023-04-16 09:44:20.764] INFO  [main] [o.h.a.c.Version] Version.<clinit>:56 - HCANN000001: Hibernate Commons Annotations {5.1.2.Final}
[2023-04-16 09:44:20.907] INFO  [main] [c.z.h.HikariDataSource] HikariDataSource.getConnection:110 - HikariPool-1 - Starting...
[2023-04-16 09:44:21.751] INFO  [main] [c.z.h.HikariDataSource] HikariDataSource.getConnection:123 - HikariPool-1 - Start completed.
[2023-04-16 09:44:21.772] INFO  [main] [o.h.d.Dialect] Dialect.<init>:175 - HHH000400: Using dialect: org.hibernate.dialect.SQLServer2012Dialect
[2023-04-16 09:44:22.939] INFO  [main] [o.h.e.t.j.p.i.JtaPlatformInitiator] JtaPlatformInitiator.initiateService:52 - HHH000490: Using JtaPlatform implementation: [org.hibernate.engine.transaction.jta.platform.internal.NoJtaPlatform]
[2023-04-16 09:44:22.952] INFO  [main] [o.s.o.j.LocalContainerEntityManagerFactoryBean] LocalContainerEntityManagerFactoryBean.buildNativeEntityManagerFactory:437 - Initialized JPA EntityManagerFactory for persistence unit 'default'
[2023-04-16 09:44:25.338] INFO  [main] [o.s.s.w.DefaultSecurityFilterChain] DefaultSecurityFilterChain.<init>:55 - Will secure any request with [org.springframework.security.web.session.DisableEncodeUrlFilter@569026df, org.springframework.security.web.context.request.async.WebAsyncManagerIntegrationFilter@7896e96a, org.springframework.security.web.context.SecurityContextPersistenceFilter@7ffb0bb4, org.springframework.security.web.header.HeaderWriterFilter@dffcf1, org.springframework.web.filter.CorsFilter@4e451f9a, org.springframework.security.web.authentication.logout.LogoutFilter@f047670, com.happy3friends.toiletmapbackend.sercurity.TokenAuthenticationFilter@2b55ea4d, org.springframework.security.web.savedrequest.RequestCacheAwareFilter@11e75942, org.springframework.security.web.servletapi.SecurityContextHolderAwareRequestFilter@7f5c4ff8, org.springframework.security.web.authentication.AnonymousAuthenticationFilter@7828bc6b, org.springframework.security.web.session.SessionManagementFilter@13288174, org.springframework.security.web.access.ExceptionTranslationFilter@5b977aaa, org.springframework.security.web.access.intercept.FilterSecurityInterceptor@3c00da24]
[2023-04-16 09:44:25.760] INFO  [main] [o.s.b.w.e.t.TomcatWebServer] TomcatWebServer.start:220 - Tomcat started on port(s): 8081 (http) with context path ''
[2023-04-16 09:44:25.794] INFO  [main] [c.h.t.ToiletMapBackEndApplication] ToiletMapBackEndApplication.logStarted:61 - Started ToiletMapBackEndApplication in 8.95 seconds (JVM running for 10.607)
[2023-04-16 09:44:35.404] INFO  [http-nio-8081-exec-2] [o.a.c.c.C.[.[.[/]] [/].log:173 - Initializing Spring DispatcherServlet 'dispatcherServlet'
[2023-04-16 09:44:35.406] INFO  [http-nio-8081-exec-2] [o.s.w.s.DispatcherServlet] DispatcherServlet.initServletBean:525 - Initializing Servlet 'dispatcherServlet'
[2023-04-16 09:44:35.410] INFO  [http-nio-8081-exec-2] [o.s.w.s.DispatcherServlet] DispatcherServlet.initServletBean:547 - Completed initialization in 3 ms
[2023-04-16 09:47:14.203] INFO  [SpringApplicationShutdownHook] [o.s.o.j.LocalContainerEntityManagerFactoryBean] LocalContainerEntityManagerFactoryBean.destroy:651 - Closing JPA EntityManagerFactory for persistence unit 'default'
[2023-04-16 09:47:14.206] INFO  [SpringApplicationShutdownHook] [c.z.h.HikariDataSource] HikariDataSource.close:350 - HikariPool-1 - Shutdown initiated...
[2023-04-16 09:47:14.220] INFO  [SpringApplicationShutdownHook] [c.z.h.HikariDataSource] HikariDataSource.close:352 - HikariPool-1 - Shutdown completed.
[2023-04-16 09:47:25.665] INFO  [main] [c.h.t.ToiletMapBackEndApplication] ToiletMapBackEndApplication.logStarting:55 - Starting ToiletMapBackEndApplication using Java 11.0.16.1 on TienHuynhTN with PID 5280 (F:\FPT\Semester-9-Summer-2023\Capstone-Project\Implementation\toilet-map-back-end\target\classes started by tienhltse151104 in F:\FPT\Semester-9-Summer-2023\Capstone-Project\Implementation\toilet-map-back-end)
[2023-04-16 09:47:25.675] INFO  [main] [c.h.t.ToiletMapBackEndApplication] ToiletMapBackEndApplication.logStartupProfileInfo:637 - The following 2 profiles are active: "default", "prod"
[2023-04-16 09:47:27.420] INFO  [main] [o.s.d.r.c.RepositoryConfigurationDelegate] RepositoryConfigurationDelegate.registerRepositoriesIn:132 - Bootstrapping Spring Data JPA repositories in DEFAULT mode.
[2023-04-16 09:47:27.619] INFO  [main] [o.s.d.r.c.RepositoryConfigurationDelegate] RepositoryConfigurationDelegate.registerRepositoriesIn:201 - Finished Spring Data repository scanning in 187 ms. Found 15 JPA repository interfaces.
[2023-04-16 09:47:28.544] INFO  [main] [o.s.b.w.e.t.TomcatWebServer] TomcatWebServer.initialize:108 - Tomcat initialized with port(s): 8081 (http)
[2023-04-16 09:47:28.546] INFO  [main] [o.a.c.c.AprLifecycleListener] AprLifecycleListener.log:173 - Loaded Apache Tomcat Native library [1.2.35] using APR version [1.7.0].
[2023-04-16 09:47:28.547] INFO  [main] [o.a.c.c.AprLifecycleListener] AprLifecycleListener.log:173 - APR capabilities: IPv6 [true], sendfile [true], accept filters [false], random [true], UDS [true].
[2023-04-16 09:47:28.547] INFO  [main] [o.a.c.c.AprLifecycleListener] AprLifecycleListener.log:173 - APR/OpenSSL configuration: useAprConnector [false], useOpenSSL [true]
[2023-04-16 09:47:28.552] INFO  [main] [o.a.c.c.AprLifecycleListener] AprLifecycleListener.log:173 - OpenSSL successfully initialized [OpenSSL 1.1.1q  5 Jul 2022]
[2023-04-16 09:47:28.565] INFO  [main] [o.a.c.c.StandardService] StandardService.log:173 - Starting service [Tomcat]
[2023-04-16 09:47:28.566] INFO  [main] [o.a.c.c.StandardEngine] StandardEngine.log:173 - Starting Servlet engine: [Apache Tomcat/9.0.71]
[2023-04-16 09:47:28.725] INFO  [main] [o.a.c.c.C.[.[.[/]] [/].log:173 - Initializing Spring embedded WebApplicationContext
[2023-04-16 09:47:28.726] INFO  [main] [o.s.b.w.s.c.ServletWebServerApplicationContext] ServletWebServerApplicationContext.prepareWebApplicationContext:292 - Root WebApplicationContext: initialization completed in 2951 ms
[2023-04-16 09:47:29.272] INFO  [main] [o.h.j.i.u.LogHelper] LogHelper.logPersistenceUnitInformation:31 - HHH000204: Processing PersistenceUnitInfo [name: default]
[2023-04-16 09:47:29.331] INFO  [main] [o.h.Version] Version.logVersion:44 - HHH000412: Hibernate ORM core version 5.6.14.Final
[2023-04-16 09:47:29.538] INFO  [main] [o.h.a.c.Version] Version.<clinit>:56 - HCANN000001: Hibernate Commons Annotations {5.1.2.Final}
[2023-04-16 09:47:29.670] INFO  [main] [c.z.h.HikariDataSource] HikariDataSource.getConnection:110 - HikariPool-1 - Starting...
[2023-04-16 09:47:30.463] INFO  [main] [c.z.h.HikariDataSource] HikariDataSource.getConnection:123 - HikariPool-1 - Start completed.
[2023-04-16 09:47:30.487] INFO  [main] [o.h.d.Dialect] Dialect.<init>:175 - HHH000400: Using dialect: org.hibernate.dialect.SQLServer2012Dialect
[2023-04-16 09:47:31.729] INFO  [main] [o.h.e.t.j.p.i.JtaPlatformInitiator] JtaPlatformInitiator.initiateService:52 - HHH000490: Using JtaPlatform implementation: [org.hibernate.engine.transaction.jta.platform.internal.NoJtaPlatform]
[2023-04-16 09:47:31.741] INFO  [main] [o.s.o.j.LocalContainerEntityManagerFactoryBean] LocalContainerEntityManagerFactoryBean.buildNativeEntityManagerFactory:437 - Initialized JPA EntityManagerFactory for persistence unit 'default'
[2023-04-16 09:47:34.134] INFO  [main] [o.s.s.w.DefaultSecurityFilterChain] DefaultSecurityFilterChain.<init>:55 - Will secure any request with [org.springframework.security.web.session.DisableEncodeUrlFilter@76685ab0, org.springframework.security.web.context.request.async.WebAsyncManagerIntegrationFilter@7bbe5548, org.springframework.security.web.context.SecurityContextPersistenceFilter@1b897ffb, org.springframework.security.web.header.HeaderWriterFilter@5b312863, org.springframework.web.filter.CorsFilter@7305a443, org.springframework.security.web.authentication.logout.LogoutFilter@773cc551, com.happy3friends.toiletmapbackend.sercurity.TokenAuthenticationFilter@26f07261, org.springframework.security.web.savedrequest.RequestCacheAwareFilter@3074575a, org.springframework.security.web.servletapi.SecurityContextHolderAwareRequestFilter@51c15508, org.springframework.security.web.authentication.AnonymousAuthenticationFilter@3ed2a30c, org.springframework.security.web.session.SessionManagementFilter@4b6fc231, org.springframework.security.web.access.ExceptionTranslationFilter@24be6e34, org.springframework.security.web.access.intercept.FilterSecurityInterceptor@5799b8a2]
[2023-04-16 09:47:34.563] INFO  [main] [o.s.b.w.e.t.TomcatWebServer] TomcatWebServer.start:220 - Tomcat started on port(s): 8081 (http) with context path ''
[2023-04-16 09:47:34.597] INFO  [main] [c.h.t.ToiletMapBackEndApplication] ToiletMapBackEndApplication.logStarted:61 - Started ToiletMapBackEndApplication in 9.976 seconds (JVM running for 11.85)
[2023-04-16 09:47:44.385] INFO  [http-nio-8081-exec-1] [o.a.c.c.C.[.[.[/]] [/].log:173 - Initializing Spring DispatcherServlet 'dispatcherServlet'
[2023-04-16 09:47:44.386] INFO  [http-nio-8081-exec-1] [o.s.w.s.DispatcherServlet] DispatcherServlet.initServletBean:525 - Initializing Servlet 'dispatcherServlet'
[2023-04-16 09:47:44.388] INFO  [http-nio-8081-exec-1] [o.s.w.s.DispatcherServlet] DispatcherServlet.initServletBean:547 - Completed initialization in 2 ms
[2023-04-16 09:48:34.077] INFO  [SpringApplicationShutdownHook] [o.s.o.j.LocalContainerEntityManagerFactoryBean] LocalContainerEntityManagerFactoryBean.destroy:651 - Closing JPA EntityManagerFactory for persistence unit 'default'
[2023-04-16 09:48:34.082] INFO  [SpringApplicationShutdownHook] [c.z.h.HikariDataSource] HikariDataSource.close:350 - HikariPool-1 - Shutdown initiated...
[2023-04-16 09:48:34.095] INFO  [SpringApplicationShutdownHook] [c.z.h.HikariDataSource] HikariDataSource.close:352 - HikariPool-1 - Shutdown completed.
[2023-04-16 09:48:42.376] INFO  [main] [c.h.t.ToiletMapBackEndApplication] ToiletMapBackEndApplication.logStarting:55 - Starting ToiletMapBackEndApplication using Java 11.0.16.1 on TienHuynhTN with PID 16136 (F:\FPT\Semester-9-Summer-2023\Capstone-Project\Implementation\toilet-map-back-end\target\classes started by tienhltse151104 in F:\FPT\Semester-9-Summer-2023\Capstone-Project\Implementation\toilet-map-back-end)
[2023-04-16 09:48:42.382] INFO  [main] [c.h.t.ToiletMapBackEndApplication] ToiletMapBackEndApplication.logStartupProfileInfo:637 - The following 2 profiles are active: "default", "prod"
[2023-04-16 09:48:43.658] INFO  [main] [o.s.d.r.c.RepositoryConfigurationDelegate] RepositoryConfigurationDelegate.registerRepositoriesIn:132 - Bootstrapping Spring Data JPA repositories in DEFAULT mode.
[2023-04-16 09:48:43.796] INFO  [main] [o.s.d.r.c.RepositoryConfigurationDelegate] RepositoryConfigurationDelegate.registerRepositoriesIn:201 - Finished Spring Data repository scanning in 127 ms. Found 15 JPA repository interfaces.
[2023-04-16 09:48:44.452] INFO  [main] [o.s.b.w.e.t.TomcatWebServer] TomcatWebServer.initialize:108 - Tomcat initialized with port(s): 8081 (http)
[2023-04-16 09:48:44.453] INFO  [main] [o.a.c.c.AprLifecycleListener] AprLifecycleListener.log:173 - Loaded Apache Tomcat Native library [1.2.35] using APR version [1.7.0].
[2023-04-16 09:48:44.453] INFO  [main] [o.a.c.c.AprLifecycleListener] AprLifecycleListener.log:173 - APR capabilities: IPv6 [true], sendfile [true], accept filters [false], random [true], UDS [true].
[2023-04-16 09:48:44.453] INFO  [main] [o.a.c.c.AprLifecycleListener] AprLifecycleListener.log:173 - APR/OpenSSL configuration: useAprConnector [false], useOpenSSL [true]
[2023-04-16 09:48:44.456] INFO  [main] [o.a.c.c.AprLifecycleListener] AprLifecycleListener.log:173 - OpenSSL successfully initialized [OpenSSL 1.1.1q  5 Jul 2022]
[2023-04-16 09:48:44.465] INFO  [main] [o.a.c.c.StandardService] StandardService.log:173 - Starting service [Tomcat]
[2023-04-16 09:48:44.465] INFO  [main] [o.a.c.c.StandardEngine] StandardEngine.log:173 - Starting Servlet engine: [Apache Tomcat/9.0.71]
[2023-04-16 09:48:44.598] INFO  [main] [o.a.c.c.C.[.[.[/]] [/].log:173 - Initializing Spring embedded WebApplicationContext
[2023-04-16 09:48:44.598] INFO  [main] [o.s.b.w.s.c.ServletWebServerApplicationContext] ServletWebServerApplicationContext.prepareWebApplicationContext:292 - Root WebApplicationContext: initialization completed in 2146 ms
[2023-04-16 09:48:45.052] INFO  [main] [o.h.j.i.u.LogHelper] LogHelper.logPersistenceUnitInformation:31 - HHH000204: Processing PersistenceUnitInfo [name: default]
[2023-04-16 09:48:45.107] INFO  [main] [o.h.Version] Version.logVersion:44 - HHH000412: Hibernate ORM core version 5.6.14.Final
[2023-04-16 09:48:45.259] INFO  [main] [o.h.a.c.Version] Version.<clinit>:56 - HCANN000001: Hibernate Commons Annotations {5.1.2.Final}
[2023-04-16 09:48:45.408] INFO  [main] [c.z.h.HikariDataSource] HikariDataSource.getConnection:110 - HikariPool-1 - Starting...
[2023-04-16 09:48:46.064] INFO  [main] [c.z.h.HikariDataSource] HikariDataSource.getConnection:123 - HikariPool-1 - Start completed.
[2023-04-16 09:48:46.085] INFO  [main] [o.h.d.Dialect] Dialect.<init>:175 - HHH000400: Using dialect: org.hibernate.dialect.SQLServer2012Dialect
[2023-04-16 09:48:47.168] INFO  [main] [o.h.e.t.j.p.i.JtaPlatformInitiator] JtaPlatformInitiator.initiateService:52 - HHH000490: Using JtaPlatform implementation: [org.hibernate.engine.transaction.jta.platform.internal.NoJtaPlatform]
[2023-04-16 09:48:47.178] INFO  [main] [o.s.o.j.LocalContainerEntityManagerFactoryBean] LocalContainerEntityManagerFactoryBean.buildNativeEntityManagerFactory:437 - Initialized JPA EntityManagerFactory for persistence unit 'default'
[2023-04-16 09:48:49.396] INFO  [main] [o.s.s.w.DefaultSecurityFilterChain] DefaultSecurityFilterChain.<init>:55 - Will secure any request with [org.springframework.security.web.session.DisableEncodeUrlFilter@2c3f81ef, org.springframework.security.web.context.request.async.WebAsyncManagerIntegrationFilter@374013e8, org.springframework.security.web.context.SecurityContextPersistenceFilter@51c15508, org.springframework.security.web.header.HeaderWriterFilter@2eed6331, org.springframework.web.filter.CorsFilter@712dd0b0, org.springframework.security.web.authentication.logout.LogoutFilter@870413c, com.happy3friends.toiletmapbackend.sercurity.TokenAuthenticationFilter@8942ece, org.springframework.security.web.savedrequest.RequestCacheAwareFilter@5b977aaa, org.springframework.security.web.servletapi.SecurityContextHolderAwareRequestFilter@7ffb0bb4, org.springframework.security.web.authentication.AnonymousAuthenticationFilter@6b3284, org.springframework.security.web.session.SessionManagementFilter@88e85a, org.springframework.security.web.access.ExceptionTranslationFilter@3074575a, org.springframework.security.web.access.intercept.FilterSecurityInterceptor@5924ea91]
[2023-04-16 09:48:49.826] INFO  [main] [o.s.b.w.e.t.TomcatWebServer] TomcatWebServer.start:220 - Tomcat started on port(s): 8081 (http) with context path ''
[2023-04-16 09:48:49.840] INFO  [main] [c.h.t.ToiletMapBackEndApplication] ToiletMapBackEndApplication.logStarted:61 - Started ToiletMapBackEndApplication in 8.258 seconds (JVM running for 9.808)
[2023-04-16 09:49:00.747] INFO  [http-nio-8081-exec-1] [o.a.c.c.C.[.[.[/]] [/].log:173 - Initializing Spring DispatcherServlet 'dispatcherServlet'
[2023-04-16 09:49:00.750] INFO  [http-nio-8081-exec-1] [o.s.w.s.DispatcherServlet] DispatcherServlet.initServletBean:525 - Initializing Servlet 'dispatcherServlet'
[2023-04-16 09:49:00.751] INFO  [http-nio-8081-exec-1] [o.s.w.s.DispatcherServlet] DispatcherServlet.initServletBean:547 - Completed initialization in 1 ms
[2023-04-16 09:49:02.452] INFO  [http-nio-8081-exec-8] [o.s.a.AbstractOpenApiResource] AbstractOpenApiResource.getOpenApi:398 - Init duration for springdoc-openapi is: 638 ms
[2023-04-16 09:55:14.280] INFO  [SpringApplicationShutdownHook] [o.s.o.j.LocalContainerEntityManagerFactoryBean] LocalContainerEntityManagerFactoryBean.destroy:651 - Closing JPA EntityManagerFactory for persistence unit 'default'
[2023-04-16 09:55:14.280] INFO  [SpringApplicationShutdownHook] [c.z.h.HikariDataSource] HikariDataSource.close:350 - HikariPool-1 - Shutdown initiated...
[2023-04-16 09:55:14.300] INFO  [SpringApplicationShutdownHook] [c.z.h.HikariDataSource] HikariDataSource.close:352 - HikariPool-1 - Shutdown completed.
[2023-04-16 09:55:23.689] INFO  [main] [c.h.t.ToiletMapBackEndApplication] ToiletMapBackEndApplication.logStarting:55 - Starting ToiletMapBackEndApplication using Java 11.0.16.1 on TienHuynhTN with PID 22456 (F:\FPT\Semester-9-Summer-2023\Capstone-Project\Implementation\toilet-map-back-end\target\classes started by tienhltse151104 in F:\FPT\Semester-9-Summer-2023\Capstone-Project\Implementation\toilet-map-back-end)
[2023-04-16 09:55:23.690] INFO  [main] [c.h.t.ToiletMapBackEndApplication] ToiletMapBackEndApplication.logStartupProfileInfo:637 - The following 2 profiles are active: "default", "prod"
[2023-04-16 09:55:25.717] INFO  [main] [o.s.d.r.c.RepositoryConfigurationDelegate] RepositoryConfigurationDelegate.registerRepositoriesIn:132 - Bootstrapping Spring Data JPA repositories in DEFAULT mode.
[2023-04-16 09:55:25.893] INFO  [main] [o.s.d.r.c.RepositoryConfigurationDelegate] RepositoryConfigurationDelegate.registerRepositoriesIn:201 - Finished Spring Data repository scanning in 162 ms. Found 15 JPA repository interfaces.
[2023-04-16 09:55:26.858] INFO  [main] [o.s.b.w.e.t.TomcatWebServer] TomcatWebServer.initialize:108 - Tomcat initialized with port(s): 8081 (http)
[2023-04-16 09:55:26.862] INFO  [main] [o.a.c.c.AprLifecycleListener] AprLifecycleListener.log:173 - Loaded Apache Tomcat Native library [1.2.35] using APR version [1.7.0].
[2023-04-16 09:55:26.863] INFO  [main] [o.a.c.c.AprLifecycleListener] AprLifecycleListener.log:173 - APR capabilities: IPv6 [true], sendfile [true], accept filters [false], random [true], UDS [true].
[2023-04-16 09:55:26.863] INFO  [main] [o.a.c.c.AprLifecycleListener] AprLifecycleListener.log:173 - APR/OpenSSL configuration: useAprConnector [false], useOpenSSL [true]
[2023-04-16 09:55:26.868] INFO  [main] [o.a.c.c.AprLifecycleListener] AprLifecycleListener.log:173 - OpenSSL successfully initialized [OpenSSL 1.1.1q  5 Jul 2022]
[2023-04-16 09:55:26.878] INFO  [main] [o.a.c.c.StandardService] StandardService.log:173 - Starting service [Tomcat]
[2023-04-16 09:55:26.878] INFO  [main] [o.a.c.c.StandardEngine] StandardEngine.log:173 - Starting Servlet engine: [Apache Tomcat/9.0.71]
[2023-04-16 09:55:27.159] INFO  [main] [o.a.c.c.C.[.[.[/]] [/].log:173 - Initializing Spring embedded WebApplicationContext
[2023-04-16 09:55:27.160] INFO  [main] [o.s.b.w.s.c.ServletWebServerApplicationContext] ServletWebServerApplicationContext.prepareWebApplicationContext:292 - Root WebApplicationContext: initialization completed in 3364 ms
[2023-04-16 09:55:28.086] INFO  [main] [o.h.j.i.u.LogHelper] LogHelper.logPersistenceUnitInformation:31 - HHH000204: Processing PersistenceUnitInfo [name: default]
[2023-04-16 09:55:28.181] INFO  [main] [o.h.Version] Version.logVersion:44 - HHH000412: Hibernate ORM core version 5.6.14.Final
[2023-04-16 09:55:28.524] INFO  [main] [o.h.a.c.Version] Version.<clinit>:56 - HCANN000001: Hibernate Commons Annotations {5.1.2.Final}
[2023-04-16 09:55:28.783] INFO  [main] [c.z.h.HikariDataSource] HikariDataSource.getConnection:110 - HikariPool-1 - Starting...
[2023-04-16 09:55:29.812] INFO  [main] [c.z.h.HikariDataSource] HikariDataSource.getConnection:123 - HikariPool-1 - Start completed.
[2023-04-16 09:55:29.836] INFO  [main] [o.h.d.Dialect] Dialect.<init>:175 - HHH000400: Using dialect: org.hibernate.dialect.SQLServer2012Dialect
[2023-04-16 09:55:31.320] INFO  [main] [o.h.e.t.j.p.i.JtaPlatformInitiator] JtaPlatformInitiator.initiateService:52 - HHH000490: Using JtaPlatform implementation: [org.hibernate.engine.transaction.jta.platform.internal.NoJtaPlatform]
[2023-04-16 09:55:31.338] INFO  [main] [o.s.o.j.LocalContainerEntityManagerFactoryBean] LocalContainerEntityManagerFactoryBean.buildNativeEntityManagerFactory:437 - Initialized JPA EntityManagerFactory for persistence unit 'default'
[2023-04-16 09:55:34.134] INFO  [main] [o.s.s.w.DefaultSecurityFilterChain] DefaultSecurityFilterChain.<init>:55 - Will secure any request with [org.springframework.security.web.session.DisableEncodeUrlFilter@7896e96a, org.springframework.security.web.context.request.async.WebAsyncManagerIntegrationFilter@4e451f9a, org.springframework.security.web.context.SecurityContextPersistenceFilter@11e75942, org.springframework.security.web.header.HeaderWriterFilter@1a23136f, org.springframework.web.filter.CorsFilter@7828bc6b, org.springframework.security.web.authentication.logout.LogoutFilter@5f93ec02, com.happy3friends.toiletmapbackend.sercurity.TokenAuthenticationFilter@347c5721, org.springframework.security.web.savedrequest.RequestCacheAwareFilter@75bbe39d, org.springframework.security.web.servletapi.SecurityContextHolderAwareRequestFilter@6abca7a6, org.springframework.security.web.authentication.AnonymousAuthenticationFilter@2f59cb6f, org.springframework.security.web.session.SessionManagementFilter@20724c21, org.springframework.security.web.access.ExceptionTranslationFilter@6dcdc378, org.springframework.security.web.access.intercept.FilterSecurityInterceptor@430dbcb0]
[2023-04-16 09:55:34.582] INFO  [main] [o.s.b.w.e.t.TomcatWebServer] TomcatWebServer.start:220 - Tomcat started on port(s): 8081 (http) with context path ''
[2023-04-16 09:55:34.600] INFO  [main] [c.h.t.ToiletMapBackEndApplication] ToiletMapBackEndApplication.logStarted:61 - Started ToiletMapBackEndApplication in 12.143 seconds (JVM running for 14.558)
[2023-04-16 09:56:53.699] INFO  [http-nio-8081-exec-1] [o.a.c.c.C.[.[.[/]] [/].log:173 - Initializing Spring DispatcherServlet 'dispatcherServlet'
[2023-04-16 09:56:53.700] INFO  [http-nio-8081-exec-1] [o.s.w.s.DispatcherServlet] DispatcherServlet.initServletBean:525 - Initializing Servlet 'dispatcherServlet'
[2023-04-16 09:56:53.703] INFO  [http-nio-8081-exec-1] [o.s.w.s.DispatcherServlet] DispatcherServlet.initServletBean:547 - Completed initialization in 2 ms
[2023-04-16 09:56:55.513] INFO  [http-nio-8081-exec-8] [o.s.a.AbstractOpenApiResource] AbstractOpenApiResource.getOpenApi:398 - Init duration for springdoc-openapi is: 704 ms
[2023-04-16 09:58:02.568] ERROR [http-nio-8081-exec-5] [c.h.t.h.GlobalExceptionHandler] GlobalExceptionHandler.handleInternalServerException:31 - An exception occurred: 
org.springframework.orm.jpa.JpaSystemException: No Dialect mapping for JDBC type: -16; nested exception is org.hibernate.MappingException: No Dialect mapping for JDBC type: -16
	at org.springframework.orm.jpa.vendor.HibernateJpaDialect.convertHibernateAccessException(HibernateJpaDialect.java:331)
	at org.springframework.orm.jpa.vendor.HibernateJpaDialect.translateExceptionIfPossible(HibernateJpaDialect.java:233)
	at org.springframework.orm.jpa.AbstractEntityManagerFactoryBean.translateExceptionIfPossible(AbstractEntityManagerFactoryBean.java:551)
	at org.springframework.dao.support.ChainedPersistenceExceptionTranslator.translateExceptionIfPossible(ChainedPersistenceExceptionTranslator.java:61)
	at org.springframework.dao.support.DataAccessUtils.translateIfNecessary(DataAccessUtils.java:242)
	at org.springframework.dao.support.PersistenceExceptionTranslationInterceptor.invoke(PersistenceExceptionTranslationInterceptor.java:152)
	at org.springframework.aop.framework.ReflectiveMethodInvocation.proceed(ReflectiveMethodInvocation.java:186)
	at org.springframework.data.jpa.repository.support.CrudMethodMetadataPostProcessor$CrudMethodMetadataPopulatingMethodInterceptor.invoke(CrudMethodMetadataPostProcessor.java:145)
	at org.springframework.aop.framework.ReflectiveMethodInvocation.proceed(ReflectiveMethodInvocation.java:186)
	at org.springframework.aop.interceptor.ExposeInvocationInterceptor.invoke(ExposeInvocationInterceptor.java:97)
	at org.springframework.aop.framework.ReflectiveMethodInvocation.proceed(ReflectiveMethodInvocation.java:186)
	at org.springframework.aop.framework.JdkDynamicAopProxy.invoke(JdkDynamicAopProxy.java:215)
	at com.sun.proxy.$Proxy161.getAllRatings(Unknown Source)
	at com.happy3friends.toiletmapbackend.service.serviceImpl.RatingServiceImpl.getAllRatings(RatingServiceImpl.java:72)
	at com.happy3friends.toiletmapbackend.controller.RatingController.getAllRatings(RatingController.java:52)
	at com.happy3friends.toiletmapbackend.controller.RatingController$$FastClassBySpringCGLIB$$993b647b.invoke(<generated>)
	at org.springframework.cglib.proxy.MethodProxy.invoke(MethodProxy.java:218)
	at org.springframework.aop.framework.CglibAopProxy$CglibMethodInvocation.invokeJoinpoint(CglibAopProxy.java:793)
	at org.springframework.aop.framework.ReflectiveMethodInvocation.proceed(ReflectiveMethodInvocation.java:163)
	at org.springframework.aop.framework.CglibAopProxy$CglibMethodInvocation.proceed(CglibAopProxy.java:763)
	at org.springframework.security.access.intercept.aopalliance.MethodSecurityInterceptor.invoke(MethodSecurityInterceptor.java:61)
	at org.springframework.aop.framework.ReflectiveMethodInvocation.proceed(ReflectiveMethodInvocation.java:186)
	at org.springframework.aop.framework.CglibAopProxy$CglibMethodInvocation.proceed(CglibAopProxy.java:763)
	at org.springframework.aop.framework.CglibAopProxy$DynamicAdvisedInterceptor.intercept(CglibAopProxy.java:708)
	at com.happy3friends.toiletmapbackend.controller.RatingController$$EnhancerBySpringCGLIB$$fad9d9a.getAllRatings(<generated>)
	at java.base/jdk.internal.reflect.NativeMethodAccessorImpl.invoke0(Native Method)
	at java.base/jdk.internal.reflect.NativeMethodAccessorImpl.invoke(NativeMethodAccessorImpl.java:62)
	at java.base/jdk.internal.reflect.DelegatingMethodAccessorImpl.invoke(DelegatingMethodAccessorImpl.java:43)
	at java.base/java.lang.reflect.Method.invoke(Method.java:566)
	at org.springframework.web.method.support.InvocableHandlerMethod.doInvoke(InvocableHandlerMethod.java:205)
	at org.springframework.web.method.support.InvocableHandlerMethod.invokeForRequest(InvocableHandlerMethod.java:150)
	at org.springframework.web.servlet.mvc.method.annotation.ServletInvocableHandlerMethod.invokeAndHandle(ServletInvocableHandlerMethod.java:117)
	at org.springframework.web.servlet.mvc.method.annotation.RequestMappingHandlerAdapter.invokeHandlerMethod(RequestMappingHandlerAdapter.java:895)
	at org.springframework.web.servlet.mvc.method.annotation.RequestMappingHandlerAdapter.handleInternal(RequestMappingHandlerAdapter.java:808)
	at org.springframework.web.servlet.mvc.method.AbstractHandlerMethodAdapter.handle(AbstractHandlerMethodAdapter.java:87)
	at org.springframework.web.servlet.DispatcherServlet.doDispatch(DispatcherServlet.java:1071)
	at org.springframework.web.servlet.DispatcherServlet.doService(DispatcherServlet.java:964)
	at org.springframework.web.servlet.FrameworkServlet.processRequest(FrameworkServlet.java:1006)
	at org.springframework.web.servlet.FrameworkServlet.doGet(FrameworkServlet.java:898)
	at javax.servlet.http.HttpServlet.service(HttpServlet.java:670)
	at org.springframework.web.servlet.FrameworkServlet.service(FrameworkServlet.java:883)
	at javax.servlet.http.HttpServlet.service(HttpServlet.java:779)
	at org.apache.catalina.core.ApplicationFilterChain.internalDoFilter(ApplicationFilterChain.java:227)
	at org.apache.catalina.core.ApplicationFilterChain.doFilter(ApplicationFilterChain.java:162)
	at org.apache.tomcat.websocket.server.WsFilter.doFilter(WsFilter.java:53)
	at org.apache.catalina.core.ApplicationFilterChain.internalDoFilter(ApplicationFilterChain.java:189)
	at org.apache.catalina.core.ApplicationFilterChain.doFilter(ApplicationFilterChain.java:162)
	at org.springframework.web.filter.OncePerRequestFilter.doFilter(OncePerRequestFilter.java:111)
	at org.apache.catalina.core.ApplicationFilterChain.internalDoFilter(ApplicationFilterChain.java:189)
	at org.apache.catalina.core.ApplicationFilterChain.doFilter(ApplicationFilterChain.java:162)
	at org.springframework.security.web.FilterChainProxy$VirtualFilterChain.doFilter(FilterChainProxy.java:337)
	at org.springframework.security.web.access.intercept.FilterSecurityInterceptor.invoke(FilterSecurityInterceptor.java:115)
	at org.springframework.security.web.access.intercept.FilterSecurityInterceptor.doFilter(FilterSecurityInterceptor.java:81)
	at org.springframework.security.web.FilterChainProxy$VirtualFilterChain.doFilter(FilterChainProxy.java:346)
	at org.springframework.security.web.access.ExceptionTranslationFilter.doFilter(ExceptionTranslationFilter.java:122)
	at org.springframework.security.web.access.ExceptionTranslationFilter.doFilter(ExceptionTranslationFilter.java:116)
	at org.springframework.security.web.FilterChainProxy$VirtualFilterChain.doFilter(FilterChainProxy.java:346)
	at org.springframework.security.web.session.SessionManagementFilter.doFilter(SessionManagementFilter.java:126)
	at org.springframework.security.web.session.SessionManagementFilter.doFilter(SessionManagementFilter.java:81)
	at org.springframework.security.web.FilterChainProxy$VirtualFilterChain.doFilter(FilterChainProxy.java:346)
	at org.springframework.security.web.authentication.AnonymousAuthenticationFilter.doFilter(AnonymousAuthenticationFilter.java:109)
	at org.springframework.security.web.FilterChainProxy$VirtualFilterChain.doFilter(FilterChainProxy.java:346)
	at org.springframework.security.web.servletapi.SecurityContextHolderAwareRequestFilter.doFilter(SecurityContextHolderAwareRequestFilter.java:149)
	at org.springframework.security.web.FilterChainProxy$VirtualFilterChain.doFilter(FilterChainProxy.java:346)
	at org.springframework.security.web.savedrequest.RequestCacheAwareFilter.doFilter(RequestCacheAwareFilter.java:63)
	at org.springframework.security.web.FilterChainProxy$VirtualFilterChain.doFilter(FilterChainProxy.java:346)
	at com.happy3friends.toiletmapbackend.sercurity.TokenAuthenticationFilter.doFilterInternal(TokenAuthenticationFilter.java:65)
	at org.springframework.web.filter.OncePerRequestFilter.doFilter(OncePerRequestFilter.java:117)
	at org.springframework.security.web.FilterChainProxy$VirtualFilterChain.doFilter(FilterChainProxy.java:346)
	at org.springframework.security.web.authentication.logout.LogoutFilter.doFilter(LogoutFilter.java:103)
	at org.springframework.security.web.authentication.logout.LogoutFilter.doFilter(LogoutFilter.java:89)
	at org.springframework.security.web.FilterChainProxy$VirtualFilterChain.doFilter(FilterChainProxy.java:346)
	at org.springframework.web.filter.CorsFilter.doFilterInternal(CorsFilter.java:91)
	at org.springframework.web.filter.OncePerRequestFilter.doFilter(OncePerRequestFilter.java:117)
	at org.springframework.security.web.FilterChainProxy$VirtualFilterChain.doFilter(FilterChainProxy.java:346)
	at org.springframework.security.web.header.HeaderWriterFilter.doHeadersAfter(HeaderWriterFilter.java:90)
	at org.springframework.security.web.header.HeaderWriterFilter.doFilterInternal(HeaderWriterFilter.java:75)
	at org.springframework.web.filter.OncePerRequestFilter.doFilter(OncePerRequestFilter.java:117)
	at org.springframework.security.web.FilterChainProxy$VirtualFilterChain.doFilter(FilterChainProxy.java:346)
	at org.springframework.security.web.context.SecurityContextPersistenceFilter.doFilter(SecurityContextPersistenceFilter.java:112)
	at org.springframework.security.web.context.SecurityContextPersistenceFilter.doFilter(SecurityContextPersistenceFilter.java:82)
	at org.springframework.security.web.FilterChainProxy$VirtualFilterChain.doFilter(FilterChainProxy.java:346)
	at org.springframework.security.web.context.request.async.WebAsyncManagerIntegrationFilter.doFilterInternal(WebAsyncManagerIntegrationFilter.java:55)
	at org.springframework.web.filter.OncePerRequestFilter.doFilter(OncePerRequestFilter.java:117)
	at org.springframework.security.web.FilterChainProxy$VirtualFilterChain.doFilter(FilterChainProxy.java:346)
	at org.springframework.security.web.session.DisableEncodeUrlFilter.doFilterInternal(DisableEncodeUrlFilter.java:42)
	at org.springframework.web.filter.OncePerRequestFilter.doFilter(OncePerRequestFilter.java:117)
	at org.springframework.security.web.FilterChainProxy$VirtualFilterChain.doFilter(FilterChainProxy.java:346)
	at org.springframework.security.web.FilterChainProxy.doFilterInternal(FilterChainProxy.java:221)
	at org.springframework.security.web.FilterChainProxy.doFilter(FilterChainProxy.java:186)
	at org.springframework.web.filter.DelegatingFilterProxy.invokeDelegate(DelegatingFilterProxy.java:354)
	at org.springframework.web.filter.DelegatingFilterProxy.doFilter(DelegatingFilterProxy.java:267)
	at org.apache.catalina.core.ApplicationFilterChain.internalDoFilter(ApplicationFilterChain.java:189)
	at org.apache.catalina.core.ApplicationFilterChain.doFilter(ApplicationFilterChain.java:162)
	at org.springframework.web.filter.RequestContextFilter.doFilterInternal(RequestContextFilter.java:100)
	at org.springframework.web.filter.OncePerRequestFilter.doFilter(OncePerRequestFilter.java:117)
	at org.apache.catalina.core.ApplicationFilterChain.internalDoFilter(ApplicationFilterChain.java:189)
	at org.apache.catalina.core.ApplicationFilterChain.doFilter(ApplicationFilterChain.java:162)
	at org.springframework.web.filter.FormContentFilter.doFilterInternal(FormContentFilter.java:93)
	at org.springframework.web.filter.OncePerRequestFilter.doFilter(OncePerRequestFilter.java:117)
	at org.apache.catalina.core.ApplicationFilterChain.internalDoFilter(ApplicationFilterChain.java:189)
	at org.apache.catalina.core.ApplicationFilterChain.doFilter(ApplicationFilterChain.java:162)
	at org.springframework.web.filter.CharacterEncodingFilter.doFilterInternal(CharacterEncodingFilter.java:201)
	at org.springframework.web.filter.OncePerRequestFilter.doFilter(OncePerRequestFilter.java:117)
	at org.apache.catalina.core.ApplicationFilterChain.internalDoFilter(ApplicationFilterChain.java:189)
	at org.apache.catalina.core.ApplicationFilterChain.doFilter(ApplicationFilterChain.java:162)
	at org.apache.catalina.core.StandardWrapperValve.invoke(StandardWrapperValve.java:177)
	at org.apache.catalina.core.StandardContextValve.invoke(StandardContextValve.java:97)
	at org.apache.catalina.authenticator.AuthenticatorBase.invoke(AuthenticatorBase.java:541)
	at org.apache.catalina.core.StandardHostValve.invoke(StandardHostValve.java:135)
	at org.apache.catalina.valves.ErrorReportValve.invoke(ErrorReportValve.java:92)
	at org.apache.catalina.core.StandardEngineValve.invoke(StandardEngineValve.java:78)
	at org.apache.catalina.connector.CoyoteAdapter.service(CoyoteAdapter.java:360)
	at org.apache.coyote.http11.Http11Processor.service(Http11Processor.java:399)
	at org.apache.coyote.AbstractProcessorLight.process(AbstractProcessorLight.java:65)
	at org.apache.coyote.AbstractProtocol$ConnectionHandler.process(AbstractProtocol.java:891)
	at org.apache.tomcat.util.net.NioEndpoint$SocketProcessor.doRun(NioEndpoint.java:1784)
	at org.apache.tomcat.util.net.SocketProcessorBase.run(SocketProcessorBase.java:49)
	at org.apache.tomcat.util.threads.ThreadPoolExecutor.runWorker(ThreadPoolExecutor.java:1191)
	at org.apache.tomcat.util.threads.ThreadPoolExecutor$Worker.run(ThreadPoolExecutor.java:659)
	at org.apache.tomcat.util.threads.TaskThread$WrappingRunnable.run(TaskThread.java:61)
	at java.base/java.lang.Thread.run(Thread.java:834)
Caused by: org.hibernate.MappingException: No Dialect mapping for JDBC type: -16
	at org.hibernate.dialect.TypeNames.get(TypeNames.java:71)
	at org.hibernate.dialect.TypeNames.get(TypeNames.java:103)
	at org.hibernate.dialect.Dialect.getHibernateTypeName(Dialect.java:741)
	at org.hibernate.loader.custom.JdbcResultMetadata.getHibernateType(JdbcResultMetadata.java:100)
	at org.hibernate.loader.custom.ScalarResultColumnProcessor.performDiscovery(ScalarResultColumnProcessor.java:45)
	at org.hibernate.loader.custom.CustomLoader.autoDiscoverTypes(CustomLoader.java:494)
	at org.hibernate.loader.Loader.preprocessResultSet(Loader.java:2368)
	at org.hibernate.loader.Loader.getResultSet(Loader.java:2324)
	at org.hibernate.loader.Loader.executeQueryStatement(Loader.java:2075)
	at org.hibernate.loader.Loader.executeQueryStatement(Loader.java:2037)
	at org.hibernate.loader.Loader.doQuery(Loader.java:956)
	at org.hibernate.loader.Loader.doQueryAndInitializeNonLazyCollections(Loader.java:357)
	at org.hibernate.loader.Loader.doList(Loader.java:2868)
	at org.hibernate.loader.Loader.doList(Loader.java:2850)
	at org.hibernate.loader.Loader.listIgnoreQueryCache(Loader.java:2682)
	at org.hibernate.loader.Loader.list(Loader.java:2677)
	at org.hibernate.loader.custom.CustomLoader.list(CustomLoader.java:338)
	at org.hibernate.internal.SessionImpl.listCustomQuery(SessionImpl.java:2186)
	at org.hibernate.internal.AbstractSharedSessionContract.list(AbstractSharedSessionContract.java:1204)
	at org.hibernate.query.internal.NativeQueryImpl.doList(NativeQueryImpl.java:177)
	at org.hibernate.query.internal.AbstractProducedQuery.list(AbstractProducedQuery.java:1617)
	at org.hibernate.query.Query.getResultList(Query.java:165)
	at java.base/jdk.internal.reflect.NativeMethodAccessorImpl.invoke0(Native Method)
	at java.base/jdk.internal.reflect.NativeMethodAccessorImpl.invoke(NativeMethodAccessorImpl.java:62)
	at java.base/jdk.internal.reflect.DelegatingMethodAccessorImpl.invoke(DelegatingMethodAccessorImpl.java:43)
	at java.base/java.lang.reflect.Method.invoke(Method.java:566)
	at org.springframework.orm.jpa.SharedEntityManagerCreator$DeferredQueryInvocationHandler.invoke(SharedEntityManagerCreator.java:406)
	at com.sun.proxy.$Proxy199.getResultList(Unknown Source)
	at org.springframework.data.jpa.repository.query.JpaQueryExecution$CollectionExecution.doExecute(JpaQueryExecution.java:128)
	at org.springframework.data.jpa.repository.query.JpaQueryExecution.execute(JpaQueryExecution.java:90)
	at org.springframework.data.jpa.repository.query.AbstractJpaQuery.doExecute(AbstractJpaQuery.java:156)
	at org.springframework.data.jpa.repository.query.AbstractJpaQuery.execute(AbstractJpaQuery.java:144)
	at org.springframework.data.repository.core.support.RepositoryMethodInvoker.doInvoke(RepositoryMethodInvoker.java:137)
	at org.springframework.data.repository.core.support.RepositoryMethodInvoker.invoke(RepositoryMethodInvoker.java:121)
	at org.springframework.data.repository.core.support.QueryExecutorMethodInterceptor.doInvoke(QueryExecutorMethodInterceptor.java:160)
	at org.springframework.data.repository.core.support.QueryExecutorMethodInterceptor.invoke(QueryExecutorMethodInterceptor.java:139)
	at org.springframework.aop.framework.ReflectiveMethodInvocation.proceed(ReflectiveMethodInvocation.java:186)
	at org.springframework.data.projection.DefaultMethodInvokingMethodInterceptor.invoke(DefaultMethodInvokingMethodInterceptor.java:81)
	at org.springframework.aop.framework.ReflectiveMethodInvocation.proceed(ReflectiveMethodInvocation.java:186)
	at org.springframework.transaction.interceptor.TransactionInterceptor$1.proceedWithInvocation(TransactionInterceptor.java:123)
	at org.springframework.transaction.interceptor.TransactionAspectSupport.invokeWithinTransaction(TransactionAspectSupport.java:388)
	at org.springframework.transaction.interceptor.TransactionInterceptor.invoke(TransactionInterceptor.java:119)
	at org.springframework.aop.framework.ReflectiveMethodInvocation.proceed(ReflectiveMethodInvocation.java:186)
	at org.springframework.dao.support.PersistenceExceptionTranslationInterceptor.invoke(PersistenceExceptionTranslationInterceptor.java:137)
	... 116 common frames omitted
[2023-04-16 09:59:11.850] INFO  [SpringApplicationShutdownHook] [o.s.o.j.LocalContainerEntityManagerFactoryBean] LocalContainerEntityManagerFactoryBean.destroy:651 - Closing JPA EntityManagerFactory for persistence unit 'default'
[2023-04-16 09:59:11.860] INFO  [SpringApplicationShutdownHook] [c.z.h.HikariDataSource] HikariDataSource.close:350 - HikariPool-1 - Shutdown initiated...
[2023-04-16 09:59:11.871] INFO  [SpringApplicationShutdownHook] [c.z.h.HikariDataSource] HikariDataSource.close:352 - HikariPool-1 - Shutdown completed.
[2023-04-16 09:59:20.970] INFO  [main] [c.h.t.ToiletMapBackEndApplication] ToiletMapBackEndApplication.logStarting:55 - Starting ToiletMapBackEndApplication using Java 11.0.16.1 on TienHuynhTN with PID 26660 (F:\FPT\Semester-9-Summer-2023\Capstone-Project\Implementation\toilet-map-back-end\target\classes started by tienhltse151104 in F:\FPT\Semester-9-Summer-2023\Capstone-Project\Implementation\toilet-map-back-end)
[2023-04-16 09:59:20.978] INFO  [main] [c.h.t.ToiletMapBackEndApplication] ToiletMapBackEndApplication.logStartupProfileInfo:637 - The following 2 profiles are active: "default", "prod"
[2023-04-16 09:59:23.916] INFO  [main] [o.s.d.r.c.RepositoryConfigurationDelegate] RepositoryConfigurationDelegate.registerRepositoriesIn:132 - Bootstrapping Spring Data JPA repositories in DEFAULT mode.
[2023-04-16 09:59:24.055] INFO  [main] [o.s.d.r.c.RepositoryConfigurationDelegate] RepositoryConfigurationDelegate.registerRepositoriesIn:201 - Finished Spring Data repository scanning in 127 ms. Found 15 JPA repository interfaces.
[2023-04-16 09:59:24.835] INFO  [main] [o.s.b.w.e.t.TomcatWebServer] TomcatWebServer.initialize:108 - Tomcat initialized with port(s): 8081 (http)
[2023-04-16 09:59:24.835] INFO  [main] [o.a.c.c.AprLifecycleListener] AprLifecycleListener.log:173 - Loaded Apache Tomcat Native library [1.2.35] using APR version [1.7.0].
[2023-04-16 09:59:24.840] INFO  [main] [o.a.c.c.AprLifecycleListener] AprLifecycleListener.log:173 - APR capabilities: IPv6 [true], sendfile [true], accept filters [false], random [true], UDS [true].
[2023-04-16 09:59:24.840] INFO  [main] [o.a.c.c.AprLifecycleListener] AprLifecycleListener.log:173 - APR/OpenSSL configuration: useAprConnector [false], useOpenSSL [true]
[2023-04-16 09:59:24.840] INFO  [main] [o.a.c.c.AprLifecycleListener] AprLifecycleListener.log:173 - OpenSSL successfully initialized [OpenSSL 1.1.1q  5 Jul 2022]
[2023-04-16 09:59:24.850] INFO  [main] [o.a.c.c.StandardService] StandardService.log:173 - Starting service [Tomcat]
[2023-04-16 09:59:24.860] INFO  [main] [o.a.c.c.StandardEngine] StandardEngine.log:173 - Starting Servlet engine: [Apache Tomcat/9.0.71]
[2023-04-16 09:59:25.057] INFO  [main] [o.a.c.c.C.[.[.[/]] [/].log:173 - Initializing Spring embedded WebApplicationContext
[2023-04-16 09:59:25.057] INFO  [main] [o.s.b.w.s.c.ServletWebServerApplicationContext] ServletWebServerApplicationContext.prepareWebApplicationContext:292 - Root WebApplicationContext: initialization completed in 4007 ms
[2023-04-16 09:59:25.575] INFO  [main] [o.h.j.i.u.LogHelper] LogHelper.logPersistenceUnitInformation:31 - HHH000204: Processing PersistenceUnitInfo [name: default]
[2023-04-16 09:59:25.630] INFO  [main] [o.h.Version] Version.logVersion:44 - HHH000412: Hibernate ORM core version 5.6.14.Final
[2023-04-16 09:59:25.802] INFO  [main] [o.h.a.c.Version] Version.<clinit>:56 - HCANN000001: Hibernate Commons Annotations {5.1.2.Final}
[2023-04-16 09:59:25.914] INFO  [main] [c.z.h.HikariDataSource] HikariDataSource.getConnection:110 - HikariPool-1 - Starting...
[2023-04-16 09:59:26.774] INFO  [main] [c.z.h.HikariDataSource] HikariDataSource.getConnection:123 - HikariPool-1 - Start completed.
[2023-04-16 09:59:26.790] INFO  [main] [o.h.d.Dialect] Dialect.<init>:175 - HHH000400: Using dialect: org.hibernate.dialect.SQLServer2012Dialect
[2023-04-16 09:59:27.910] INFO  [main] [o.h.e.t.j.p.i.JtaPlatformInitiator] JtaPlatformInitiator.initiateService:52 - HHH000490: Using JtaPlatform implementation: [org.hibernate.engine.transaction.jta.platform.internal.NoJtaPlatform]
[2023-04-16 09:59:27.920] INFO  [main] [o.s.o.j.LocalContainerEntityManagerFactoryBean] LocalContainerEntityManagerFactoryBean.buildNativeEntityManagerFactory:437 - Initialized JPA EntityManagerFactory for persistence unit 'default'
[2023-04-16 09:59:30.450] INFO  [main] [o.s.s.w.DefaultSecurityFilterChain] DefaultSecurityFilterChain.<init>:55 - Will secure any request with [org.springframework.security.web.session.DisableEncodeUrlFilter@2e2a2b07, org.springframework.security.web.context.request.async.WebAsyncManagerIntegrationFilter@52dc71b2, org.springframework.security.web.context.SecurityContextPersistenceFilter@dffcf1, org.springframework.security.web.header.HeaderWriterFilter@663cc8c9, org.springframework.web.filter.CorsFilter@e1d2781, org.springframework.security.web.authentication.logout.LogoutFilter@55a2ca5e, com.happy3friends.toiletmapbackend.sercurity.TokenAuthenticationFilter@5184da2b, org.springframework.security.web.savedrequest.RequestCacheAwareFilter@13288174, org.springframework.security.web.servletapi.SecurityContextHolderAwareRequestFilter@4accc3de, org.springframework.security.web.authentication.AnonymousAuthenticationFilter@3c00da24, org.springframework.security.web.session.SessionManagementFilter@164cad52, org.springframework.security.web.access.ExceptionTranslationFilter@88e85a, org.springframework.security.web.access.intercept.FilterSecurityInterceptor@5924ea91]
[2023-04-16 09:59:30.900] INFO  [main] [o.s.b.w.e.t.TomcatWebServer] TomcatWebServer.start:220 - Tomcat started on port(s): 8081 (http) with context path ''
[2023-04-16 09:59:30.910] INFO  [main] [c.h.t.ToiletMapBackEndApplication] ToiletMapBackEndApplication.logStarted:61 - Started ToiletMapBackEndApplication in 10.718 seconds (JVM running for 12.701)
[2023-04-16 09:59:35.152] INFO  [http-nio-8081-exec-1] [o.a.c.c.C.[.[.[/]] [/].log:173 - Initializing Spring DispatcherServlet 'dispatcherServlet'
[2023-04-16 09:59:35.160] INFO  [http-nio-8081-exec-1] [o.s.w.s.DispatcherServlet] DispatcherServlet.initServletBean:525 - Initializing Servlet 'dispatcherServlet'
[2023-04-16 09:59:35.160] INFO  [http-nio-8081-exec-1] [o.s.w.s.DispatcherServlet] DispatcherServlet.initServletBean:547 - Completed initialization in 0 ms
[2023-04-16 10:22:01.740] INFO  [SpringApplicationShutdownHook] [o.s.o.j.LocalContainerEntityManagerFactoryBean] LocalContainerEntityManagerFactoryBean.destroy:651 - Closing JPA EntityManagerFactory for persistence unit 'default'
[2023-04-16 10:22:01.745] INFO  [SpringApplicationShutdownHook] [c.z.h.HikariDataSource] HikariDataSource.close:350 - HikariPool-1 - Shutdown initiated...
[2023-04-16 10:22:01.766] INFO  [SpringApplicationShutdownHook] [c.z.h.HikariDataSource] HikariDataSource.close:352 - HikariPool-1 - Shutdown completed.
[2023-04-16 10:22:13.640] INFO  [main] [c.h.t.ToiletMapBackEndApplication] ToiletMapBackEndApplication.logStarting:55 - Starting ToiletMapBackEndApplication using Java 11.0.16.1 on TienHuynhTN with PID 11300 (F:\FPT\Semester-9-Summer-2023\Capstone-Project\Implementation\toilet-map-back-end\target\classes started by tienhltse151104 in F:\FPT\Semester-9-Summer-2023\Capstone-Project\Implementation\toilet-map-back-end)
[2023-04-16 10:22:13.650] INFO  [main] [c.h.t.ToiletMapBackEndApplication] ToiletMapBackEndApplication.logStartupProfileInfo:637 - The following 2 profiles are active: "default", "prod"
[2023-04-16 10:22:14.930] INFO  [main] [o.s.d.r.c.RepositoryConfigurationDelegate] RepositoryConfigurationDelegate.registerRepositoriesIn:132 - Bootstrapping Spring Data JPA repositories in DEFAULT mode.
[2023-04-16 10:22:15.070] INFO  [main] [o.s.d.r.c.RepositoryConfigurationDelegate] RepositoryConfigurationDelegate.registerRepositoriesIn:201 - Finished Spring Data repository scanning in 132 ms. Found 15 JPA repository interfaces.
[2023-04-16 10:22:15.840] INFO  [main] [o.s.b.w.e.t.TomcatWebServer] TomcatWebServer.initialize:108 - Tomcat initialized with port(s): 8081 (http)
[2023-04-16 10:22:15.842] INFO  [main] [o.a.c.c.AprLifecycleListener] AprLifecycleListener.log:173 - Loaded Apache Tomcat Native library [1.2.35] using APR version [1.7.0].
[2023-04-16 10:22:15.842] INFO  [main] [o.a.c.c.AprLifecycleListener] AprLifecycleListener.log:173 - APR capabilities: IPv6 [true], sendfile [true], accept filters [false], random [true], UDS [true].
[2023-04-16 10:22:15.842] INFO  [main] [o.a.c.c.AprLifecycleListener] AprLifecycleListener.log:173 - APR/OpenSSL configuration: useAprConnector [false], useOpenSSL [true]
[2023-04-16 10:22:15.842] INFO  [main] [o.a.c.c.AprLifecycleListener] AprLifecycleListener.log:173 - OpenSSL successfully initialized [OpenSSL 1.1.1q  5 Jul 2022]
[2023-04-16 10:22:15.850] INFO  [main] [o.a.c.c.StandardService] StandardService.log:173 - Starting service [Tomcat]
[2023-04-16 10:22:15.850] INFO  [main] [o.a.c.c.StandardEngine] StandardEngine.log:173 - Starting Servlet engine: [Apache Tomcat/9.0.71]
[2023-04-16 10:22:15.990] INFO  [main] [o.a.c.c.C.[.[.[/]] [/].log:173 - Initializing Spring embedded WebApplicationContext
[2023-04-16 10:22:15.990] INFO  [main] [o.s.b.w.s.c.ServletWebServerApplicationContext] ServletWebServerApplicationContext.prepareWebApplicationContext:292 - Root WebApplicationContext: initialization completed in 2275 ms
[2023-04-16 10:22:16.542] INFO  [main] [o.h.j.i.u.LogHelper] LogHelper.logPersistenceUnitInformation:31 - HHH000204: Processing PersistenceUnitInfo [name: default]
[2023-04-16 10:22:16.600] INFO  [main] [o.h.Version] Version.logVersion:44 - HHH000412: Hibernate ORM core version 5.6.14.Final
[2023-04-16 10:22:16.770] INFO  [main] [o.h.a.c.Version] Version.<clinit>:56 - HCANN000001: Hibernate Commons Annotations {5.1.2.Final}
[2023-04-16 10:22:16.900] INFO  [main] [c.z.h.HikariDataSource] HikariDataSource.getConnection:110 - HikariPool-1 - Starting...
[2023-04-16 10:22:17.841] INFO  [main] [c.z.h.HikariDataSource] HikariDataSource.getConnection:123 - HikariPool-1 - Start completed.
[2023-04-16 10:22:17.850] INFO  [main] [o.h.d.Dialect] Dialect.<init>:175 - HHH000400: Using dialect: org.hibernate.dialect.SQLServer2012Dialect
[2023-04-16 10:22:19.197] INFO  [main] [o.h.e.t.j.p.i.JtaPlatformInitiator] JtaPlatformInitiator.initiateService:52 - HHH000490: Using JtaPlatform implementation: [org.hibernate.engine.transaction.jta.platform.internal.NoJtaPlatform]
[2023-04-16 10:22:19.210] INFO  [main] [o.s.o.j.LocalContainerEntityManagerFactoryBean] LocalContainerEntityManagerFactoryBean.buildNativeEntityManagerFactory:437 - Initialized JPA EntityManagerFactory for persistence unit 'default'
[2023-04-16 10:22:21.879] INFO  [main] [o.s.s.w.DefaultSecurityFilterChain] DefaultSecurityFilterChain.<init>:55 - Will secure any request with [org.springframework.security.web.session.DisableEncodeUrlFilter@1e60890c, org.springframework.security.web.context.request.async.WebAsyncManagerIntegrationFilter@c680819, org.springframework.security.web.context.SecurityContextPersistenceFilter@9120cb5, org.springframework.security.web.header.HeaderWriterFilter@2446597e, org.springframework.web.filter.CorsFilter@52cda4bd, org.springframework.security.web.authentication.logout.LogoutFilter@16160a37, com.happy3friends.toiletmapbackend.sercurity.TokenAuthenticationFilter@12b66c89, org.springframework.security.web.savedrequest.RequestCacheAwareFilter@5f93ec02, org.springframework.security.web.servletapi.SecurityContextHolderAwareRequestFilter@3c98eaa9, org.springframework.security.web.authentication.AnonymousAuthenticationFilter@40aaf656, org.springframework.security.web.session.SessionManagementFilter@7aad7df5, org.springframework.security.web.access.ExceptionTranslationFilter@7a91027c, org.springframework.security.web.access.intercept.FilterSecurityInterceptor@672549f3]
[2023-04-16 10:22:22.285] INFO  [main] [o.s.b.w.e.t.TomcatWebServer] TomcatWebServer.start:220 - Tomcat started on port(s): 8081 (http) with context path ''
[2023-04-16 10:22:22.304] INFO  [main] [c.h.t.ToiletMapBackEndApplication] ToiletMapBackEndApplication.logStarted:61 - Started ToiletMapBackEndApplication in 9.46 seconds (JVM running for 10.98)
[2023-04-16 10:22:31.685] INFO  [http-nio-8081-exec-2] [o.a.c.c.C.[.[.[/]] [/].log:173 - Initializing Spring DispatcherServlet 'dispatcherServlet'
[2023-04-16 10:22:31.685] INFO  [http-nio-8081-exec-2] [o.s.w.s.DispatcherServlet] DispatcherServlet.initServletBean:525 - Initializing Servlet 'dispatcherServlet'
[2023-04-16 10:22:31.690] INFO  [http-nio-8081-exec-2] [o.s.w.s.DispatcherServlet] DispatcherServlet.initServletBean:547 - Completed initialization in 0 ms
[2023-04-16 10:23:02.755] WARN  [http-nio-8081-exec-1] [o.h.e.j.s.SqlExceptionHelper] SqlExceptionHelper.logExceptions:137 - SQL Error: 207, SQLState: S0001
[2023-04-16 10:23:02.755] ERROR [http-nio-8081-exec-1] [o.h.e.j.s.SqlExceptionHelper] SqlExceptionHelper.logExceptions:142 - Invalid column name 'FullName'.
[2023-04-16 10:23:02.773] ERROR [http-nio-8081-exec-1] [c.h.t.h.GlobalExceptionHandler] GlobalExceptionHandler.handleInternalServerException:31 - An exception occurred: 
org.springframework.dao.InvalidDataAccessResourceUsageException: could not extract ResultSet; SQL [n/a]; nested exception is org.hibernate.exception.SQLGrammarException: could not extract ResultSet
	at org.springframework.orm.jpa.vendor.HibernateJpaDialect.convertHibernateAccessException(HibernateJpaDialect.java:259)
	at org.springframework.orm.jpa.vendor.HibernateJpaDialect.translateExceptionIfPossible(HibernateJpaDialect.java:233)
	at org.springframework.orm.jpa.AbstractEntityManagerFactoryBean.translateExceptionIfPossible(AbstractEntityManagerFactoryBean.java:551)
	at org.springframework.dao.support.ChainedPersistenceExceptionTranslator.translateExceptionIfPossible(ChainedPersistenceExceptionTranslator.java:61)
	at org.springframework.dao.support.DataAccessUtils.translateIfNecessary(DataAccessUtils.java:242)
	at org.springframework.dao.support.PersistenceExceptionTranslationInterceptor.invoke(PersistenceExceptionTranslationInterceptor.java:152)
	at org.springframework.aop.framework.ReflectiveMethodInvocation.proceed(ReflectiveMethodInvocation.java:186)
	at org.springframework.data.jpa.repository.support.CrudMethodMetadataPostProcessor$CrudMethodMetadataPopulatingMethodInterceptor.invoke(CrudMethodMetadataPostProcessor.java:145)
	at org.springframework.aop.framework.ReflectiveMethodInvocation.proceed(ReflectiveMethodInvocation.java:186)
	at org.springframework.aop.interceptor.ExposeInvocationInterceptor.invoke(ExposeInvocationInterceptor.java:97)
	at org.springframework.aop.framework.ReflectiveMethodInvocation.proceed(ReflectiveMethodInvocation.java:186)
	at org.springframework.aop.framework.JdkDynamicAopProxy.invoke(JdkDynamicAopProxy.java:215)
	at com.sun.proxy.$Proxy161.getAllRatingsByToiletId(Unknown Source)
	at com.happy3friends.toiletmapbackend.service.serviceImpl.RatingServiceImpl.getAllRatingsByToiletId(RatingServiceImpl.java:95)
	at com.happy3friends.toiletmapbackend.service.serviceImpl.RatingServiceImpl.getAllRatings(RatingServiceImpl.java:104)
	at com.happy3friends.toiletmapbackend.controller.RatingController.getAllRatings(RatingController.java:52)
	at com.happy3friends.toiletmapbackend.controller.RatingController$$FastClassBySpringCGLIB$$993b647b.invoke(<generated>)
	at org.springframework.cglib.proxy.MethodProxy.invoke(MethodProxy.java:218)
	at org.springframework.aop.framework.CglibAopProxy$CglibMethodInvocation.invokeJoinpoint(CglibAopProxy.java:793)
	at org.springframework.aop.framework.ReflectiveMethodInvocation.proceed(ReflectiveMethodInvocation.java:163)
	at org.springframework.aop.framework.CglibAopProxy$CglibMethodInvocation.proceed(CglibAopProxy.java:763)
	at org.springframework.security.access.intercept.aopalliance.MethodSecurityInterceptor.invoke(MethodSecurityInterceptor.java:61)
	at org.springframework.aop.framework.ReflectiveMethodInvocation.proceed(ReflectiveMethodInvocation.java:186)
	at org.springframework.aop.framework.CglibAopProxy$CglibMethodInvocation.proceed(CglibAopProxy.java:763)
	at org.springframework.aop.framework.CglibAopProxy$DynamicAdvisedInterceptor.intercept(CglibAopProxy.java:708)
	at com.happy3friends.toiletmapbackend.controller.RatingController$$EnhancerBySpringCGLIB$$8d81653e.getAllRatings(<generated>)
	at java.base/jdk.internal.reflect.NativeMethodAccessorImpl.invoke0(Native Method)
	at java.base/jdk.internal.reflect.NativeMethodAccessorImpl.invoke(NativeMethodAccessorImpl.java:62)
	at java.base/jdk.internal.reflect.DelegatingMethodAccessorImpl.invoke(DelegatingMethodAccessorImpl.java:43)
	at java.base/java.lang.reflect.Method.invoke(Method.java:566)
	at org.springframework.web.method.support.InvocableHandlerMethod.doInvoke(InvocableHandlerMethod.java:205)
	at org.springframework.web.method.support.InvocableHandlerMethod.invokeForRequest(InvocableHandlerMethod.java:150)
	at org.springframework.web.servlet.mvc.method.annotation.ServletInvocableHandlerMethod.invokeAndHandle(ServletInvocableHandlerMethod.java:117)
	at org.springframework.web.servlet.mvc.method.annotation.RequestMappingHandlerAdapter.invokeHandlerMethod(RequestMappingHandlerAdapter.java:895)
	at org.springframework.web.servlet.mvc.method.annotation.RequestMappingHandlerAdapter.handleInternal(RequestMappingHandlerAdapter.java:808)
	at org.springframework.web.servlet.mvc.method.AbstractHandlerMethodAdapter.handle(AbstractHandlerMethodAdapter.java:87)
	at org.springframework.web.servlet.DispatcherServlet.doDispatch(DispatcherServlet.java:1071)
	at org.springframework.web.servlet.DispatcherServlet.doService(DispatcherServlet.java:964)
	at org.springframework.web.servlet.FrameworkServlet.processRequest(FrameworkServlet.java:1006)
	at org.springframework.web.servlet.FrameworkServlet.doGet(FrameworkServlet.java:898)
	at javax.servlet.http.HttpServlet.service(HttpServlet.java:670)
	at org.springframework.web.servlet.FrameworkServlet.service(FrameworkServlet.java:883)
	at javax.servlet.http.HttpServlet.service(HttpServlet.java:779)
	at org.apache.catalina.core.ApplicationFilterChain.internalDoFilter(ApplicationFilterChain.java:227)
	at org.apache.catalina.core.ApplicationFilterChain.doFilter(ApplicationFilterChain.java:162)
	at org.apache.tomcat.websocket.server.WsFilter.doFilter(WsFilter.java:53)
	at org.apache.catalina.core.ApplicationFilterChain.internalDoFilter(ApplicationFilterChain.java:189)
	at org.apache.catalina.core.ApplicationFilterChain.doFilter(ApplicationFilterChain.java:162)
	at org.springframework.web.filter.OncePerRequestFilter.doFilter(OncePerRequestFilter.java:111)
	at org.apache.catalina.core.ApplicationFilterChain.internalDoFilter(ApplicationFilterChain.java:189)
	at org.apache.catalina.core.ApplicationFilterChain.doFilter(ApplicationFilterChain.java:162)
	at org.springframework.security.web.FilterChainProxy$VirtualFilterChain.doFilter(FilterChainProxy.java:337)
	at org.springframework.security.web.access.intercept.FilterSecurityInterceptor.invoke(FilterSecurityInterceptor.java:115)
	at org.springframework.security.web.access.intercept.FilterSecurityInterceptor.doFilter(FilterSecurityInterceptor.java:81)
	at org.springframework.security.web.FilterChainProxy$VirtualFilterChain.doFilter(FilterChainProxy.java:346)
	at org.springframework.security.web.access.ExceptionTranslationFilter.doFilter(ExceptionTranslationFilter.java:122)
	at org.springframework.security.web.access.ExceptionTranslationFilter.doFilter(ExceptionTranslationFilter.java:116)
	at org.springframework.security.web.FilterChainProxy$VirtualFilterChain.doFilter(FilterChainProxy.java:346)
	at org.springframework.security.web.session.SessionManagementFilter.doFilter(SessionManagementFilter.java:126)
	at org.springframework.security.web.session.SessionManagementFilter.doFilter(SessionManagementFilter.java:81)
	at org.springframework.security.web.FilterChainProxy$VirtualFilterChain.doFilter(FilterChainProxy.java:346)
	at org.springframework.security.web.authentication.AnonymousAuthenticationFilter.doFilter(AnonymousAuthenticationFilter.java:109)
	at org.springframework.security.web.FilterChainProxy$VirtualFilterChain.doFilter(FilterChainProxy.java:346)
	at org.springframework.security.web.servletapi.SecurityContextHolderAwareRequestFilter.doFilter(SecurityContextHolderAwareRequestFilter.java:149)
	at org.springframework.security.web.FilterChainProxy$VirtualFilterChain.doFilter(FilterChainProxy.java:346)
	at org.springframework.security.web.savedrequest.RequestCacheAwareFilter.doFilter(RequestCacheAwareFilter.java:63)
	at org.springframework.security.web.FilterChainProxy$VirtualFilterChain.doFilter(FilterChainProxy.java:346)
	at com.happy3friends.toiletmapbackend.sercurity.TokenAuthenticationFilter.doFilterInternal(TokenAuthenticationFilter.java:65)
	at org.springframework.web.filter.OncePerRequestFilter.doFilter(OncePerRequestFilter.java:117)
	at org.springframework.security.web.FilterChainProxy$VirtualFilterChain.doFilter(FilterChainProxy.java:346)
	at org.springframework.security.web.authentication.logout.LogoutFilter.doFilter(LogoutFilter.java:103)
	at org.springframework.security.web.authentication.logout.LogoutFilter.doFilter(LogoutFilter.java:89)
	at org.springframework.security.web.FilterChainProxy$VirtualFilterChain.doFilter(FilterChainProxy.java:346)
	at org.springframework.web.filter.CorsFilter.doFilterInternal(CorsFilter.java:91)
	at org.springframework.web.filter.OncePerRequestFilter.doFilter(OncePerRequestFilter.java:117)
	at org.springframework.security.web.FilterChainProxy$VirtualFilterChain.doFilter(FilterChainProxy.java:346)
	at org.springframework.security.web.header.HeaderWriterFilter.doHeadersAfter(HeaderWriterFilter.java:90)
	at org.springframework.security.web.header.HeaderWriterFilter.doFilterInternal(HeaderWriterFilter.java:75)
	at org.springframework.web.filter.OncePerRequestFilter.doFilter(OncePerRequestFilter.java:117)
	at org.springframework.security.web.FilterChainProxy$VirtualFilterChain.doFilter(FilterChainProxy.java:346)
	at org.springframework.security.web.context.SecurityContextPersistenceFilter.doFilter(SecurityContextPersistenceFilter.java:112)
	at org.springframework.security.web.context.SecurityContextPersistenceFilter.doFilter(SecurityContextPersistenceFilter.java:82)
	at org.springframework.security.web.FilterChainProxy$VirtualFilterChain.doFilter(FilterChainProxy.java:346)
	at org.springframework.security.web.context.request.async.WebAsyncManagerIntegrationFilter.doFilterInternal(WebAsyncManagerIntegrationFilter.java:55)
	at org.springframework.web.filter.OncePerRequestFilter.doFilter(OncePerRequestFilter.java:117)
	at org.springframework.security.web.FilterChainProxy$VirtualFilterChain.doFilter(FilterChainProxy.java:346)
	at org.springframework.security.web.session.DisableEncodeUrlFilter.doFilterInternal(DisableEncodeUrlFilter.java:42)
	at org.springframework.web.filter.OncePerRequestFilter.doFilter(OncePerRequestFilter.java:117)
	at org.springframework.security.web.FilterChainProxy$VirtualFilterChain.doFilter(FilterChainProxy.java:346)
	at org.springframework.security.web.FilterChainProxy.doFilterInternal(FilterChainProxy.java:221)
	at org.springframework.security.web.FilterChainProxy.doFilter(FilterChainProxy.java:186)
	at org.springframework.web.filter.DelegatingFilterProxy.invokeDelegate(DelegatingFilterProxy.java:354)
	at org.springframework.web.filter.DelegatingFilterProxy.doFilter(DelegatingFilterProxy.java:267)
	at org.apache.catalina.core.ApplicationFilterChain.internalDoFilter(ApplicationFilterChain.java:189)
	at org.apache.catalina.core.ApplicationFilterChain.doFilter(ApplicationFilterChain.java:162)
	at org.springframework.web.filter.RequestContextFilter.doFilterInternal(RequestContextFilter.java:100)
	at org.springframework.web.filter.OncePerRequestFilter.doFilter(OncePerRequestFilter.java:117)
	at org.apache.catalina.core.ApplicationFilterChain.internalDoFilter(ApplicationFilterChain.java:189)
	at org.apache.catalina.core.ApplicationFilterChain.doFilter(ApplicationFilterChain.java:162)
	at org.springframework.web.filter.FormContentFilter.doFilterInternal(FormContentFilter.java:93)
	at org.springframework.web.filter.OncePerRequestFilter.doFilter(OncePerRequestFilter.java:117)
	at org.apache.catalina.core.ApplicationFilterChain.internalDoFilter(ApplicationFilterChain.java:189)
	at org.apache.catalina.core.ApplicationFilterChain.doFilter(ApplicationFilterChain.java:162)
	at org.springframework.web.filter.CharacterEncodingFilter.doFilterInternal(CharacterEncodingFilter.java:201)
	at org.springframework.web.filter.OncePerRequestFilter.doFilter(OncePerRequestFilter.java:117)
	at org.apache.catalina.core.ApplicationFilterChain.internalDoFilter(ApplicationFilterChain.java:189)
	at org.apache.catalina.core.ApplicationFilterChain.doFilter(ApplicationFilterChain.java:162)
	at org.apache.catalina.core.StandardWrapperValve.invoke(StandardWrapperValve.java:177)
	at org.apache.catalina.core.StandardContextValve.invoke(StandardContextValve.java:97)
	at org.apache.catalina.authenticator.AuthenticatorBase.invoke(AuthenticatorBase.java:541)
	at org.apache.catalina.core.StandardHostValve.invoke(StandardHostValve.java:135)
	at org.apache.catalina.valves.ErrorReportValve.invoke(ErrorReportValve.java:92)
	at org.apache.catalina.core.StandardEngineValve.invoke(StandardEngineValve.java:78)
	at org.apache.catalina.connector.CoyoteAdapter.service(CoyoteAdapter.java:360)
	at org.apache.coyote.http11.Http11Processor.service(Http11Processor.java:399)
	at org.apache.coyote.AbstractProcessorLight.process(AbstractProcessorLight.java:65)
	at org.apache.coyote.AbstractProtocol$ConnectionHandler.process(AbstractProtocol.java:891)
	at org.apache.tomcat.util.net.NioEndpoint$SocketProcessor.doRun(NioEndpoint.java:1784)
	at org.apache.tomcat.util.net.SocketProcessorBase.run(SocketProcessorBase.java:49)
	at org.apache.tomcat.util.threads.ThreadPoolExecutor.runWorker(ThreadPoolExecutor.java:1191)
	at org.apache.tomcat.util.threads.ThreadPoolExecutor$Worker.run(ThreadPoolExecutor.java:659)
	at org.apache.tomcat.util.threads.TaskThread$WrappingRunnable.run(TaskThread.java:61)
	at java.base/java.lang.Thread.run(Thread.java:834)
Caused by: org.hibernate.exception.SQLGrammarException: could not extract ResultSet
	at org.hibernate.exception.internal.SQLStateConversionDelegate.convert(SQLStateConversionDelegate.java:103)
	at org.hibernate.exception.internal.StandardSQLExceptionConverter.convert(StandardSQLExceptionConverter.java:37)
	at org.hibernate.engine.jdbc.spi.SqlExceptionHelper.convert(SqlExceptionHelper.java:113)
	at org.hibernate.engine.jdbc.spi.SqlExceptionHelper.convert(SqlExceptionHelper.java:99)
	at org.hibernate.engine.jdbc.internal.ResultSetReturnImpl.extract(ResultSetReturnImpl.java:67)
	at org.hibernate.loader.Loader.getResultSet(Loader.java:2322)
	at org.hibernate.loader.Loader.executeQueryStatement(Loader.java:2075)
	at org.hibernate.loader.Loader.executeQueryStatement(Loader.java:2037)
	at org.hibernate.loader.Loader.doQuery(Loader.java:956)
	at org.hibernate.loader.Loader.doQueryAndInitializeNonLazyCollections(Loader.java:357)
	at org.hibernate.loader.Loader.doList(Loader.java:2868)
	at org.hibernate.loader.Loader.doList(Loader.java:2850)
	at org.hibernate.loader.Loader.listIgnoreQueryCache(Loader.java:2682)
	at org.hibernate.loader.Loader.list(Loader.java:2677)
	at org.hibernate.loader.custom.CustomLoader.list(CustomLoader.java:338)
	at org.hibernate.internal.SessionImpl.listCustomQuery(SessionImpl.java:2186)
	at org.hibernate.internal.AbstractSharedSessionContract.list(AbstractSharedSessionContract.java:1204)
	at org.hibernate.query.internal.NativeQueryImpl.doList(NativeQueryImpl.java:177)
	at org.hibernate.query.internal.AbstractProducedQuery.list(AbstractProducedQuery.java:1617)
	at org.hibernate.query.Query.getResultList(Query.java:165)
	at java.base/jdk.internal.reflect.NativeMethodAccessorImpl.invoke0(Native Method)
	at java.base/jdk.internal.reflect.NativeMethodAccessorImpl.invoke(NativeMethodAccessorImpl.java:62)
	at java.base/jdk.internal.reflect.DelegatingMethodAccessorImpl.invoke(DelegatingMethodAccessorImpl.java:43)
	at java.base/java.lang.reflect.Method.invoke(Method.java:566)
	at org.springframework.orm.jpa.SharedEntityManagerCreator$DeferredQueryInvocationHandler.invoke(SharedEntityManagerCreator.java:406)
	at com.sun.proxy.$Proxy185.getResultList(Unknown Source)
	at org.springframework.data.jpa.repository.query.JpaQueryExecution$CollectionExecution.doExecute(JpaQueryExecution.java:128)
	at org.springframework.data.jpa.repository.query.JpaQueryExecution.execute(JpaQueryExecution.java:90)
	at org.springframework.data.jpa.repository.query.AbstractJpaQuery.doExecute(AbstractJpaQuery.java:156)
	at org.springframework.data.jpa.repository.query.AbstractJpaQuery.execute(AbstractJpaQuery.java:144)
	at org.springframework.data.repository.core.support.RepositoryMethodInvoker.doInvoke(RepositoryMethodInvoker.java:137)
	at org.springframework.data.repository.core.support.RepositoryMethodInvoker.invoke(RepositoryMethodInvoker.java:121)
	at org.springframework.data.repository.core.support.QueryExecutorMethodInterceptor.doInvoke(QueryExecutorMethodInterceptor.java:160)
	at org.springframework.data.repository.core.support.QueryExecutorMethodInterceptor.invoke(QueryExecutorMethodInterceptor.java:139)
	at org.springframework.aop.framework.ReflectiveMethodInvocation.proceed(ReflectiveMethodInvocation.java:186)
	at org.springframework.data.projection.DefaultMethodInvokingMethodInterceptor.invoke(DefaultMethodInvokingMethodInterceptor.java:81)
	at org.springframework.aop.framework.ReflectiveMethodInvocation.proceed(ReflectiveMethodInvocation.java:186)
	at org.springframework.transaction.interceptor.TransactionInterceptor$1.proceedWithInvocation(TransactionInterceptor.java:123)
	at org.springframework.transaction.interceptor.TransactionAspectSupport.invokeWithinTransaction(TransactionAspectSupport.java:388)
	at org.springframework.transaction.interceptor.TransactionInterceptor.invoke(TransactionInterceptor.java:119)
	at org.springframework.aop.framework.ReflectiveMethodInvocation.proceed(ReflectiveMethodInvocation.java:186)
	at org.springframework.dao.support.PersistenceExceptionTranslationInterceptor.invoke(PersistenceExceptionTranslationInterceptor.java:137)
	... 117 common frames omitted
Caused by: com.microsoft.sqlserver.jdbc.SQLServerException: Invalid column name 'FullName'.
	at com.microsoft.sqlserver.jdbc.SQLServerException.makeFromDatabaseError(SQLServerException.java:265)
	at com.microsoft.sqlserver.jdbc.SQLServerStatement.getNextResult(SQLServerStatement.java:1676)
	at com.microsoft.sqlserver.jdbc.SQLServerPreparedStatement.doExecutePreparedStatement(SQLServerPreparedStatement.java:615)
	at com.microsoft.sqlserver.jdbc.SQLServerPreparedStatement$PrepStmtExecCmd.doExecute(SQLServerPreparedStatement.java:537)
	at com.microsoft.sqlserver.jdbc.TDSCommand.execute(IOBuffer.java:7664)
	at com.microsoft.sqlserver.jdbc.SQLServerConnection.executeCommand(SQLServerConnection.java:3791)
	at com.microsoft.sqlserver.jdbc.SQLServerStatement.executeCommand(SQLServerStatement.java:268)
	at com.microsoft.sqlserver.jdbc.SQLServerStatement.executeStatement(SQLServerStatement.java:242)
	at com.microsoft.sqlserver.jdbc.SQLServerPreparedStatement.executeQuery(SQLServerPreparedStatement.java:456)
	at com.zaxxer.hikari.pool.ProxyPreparedStatement.executeQuery(ProxyPreparedStatement.java:52)
	at com.zaxxer.hikari.pool.HikariProxyPreparedStatement.executeQuery(HikariProxyPreparedStatement.java)
	at org.hibernate.engine.jdbc.internal.ResultSetReturnImpl.extract(ResultSetReturnImpl.java:57)
	... 154 common frames omitted
[2023-04-16 10:36:07.710] INFO  [SpringApplicationShutdownHook] [o.s.o.j.LocalContainerEntityManagerFactoryBean] LocalContainerEntityManagerFactoryBean.destroy:651 - Closing JPA EntityManagerFactory for persistence unit 'default'
[2023-04-16 10:36:07.717] INFO  [SpringApplicationShutdownHook] [c.z.h.HikariDataSource] HikariDataSource.close:350 - HikariPool-1 - Shutdown initiated...
[2023-04-16 10:36:07.720] INFO  [SpringApplicationShutdownHook] [c.z.h.HikariDataSource] HikariDataSource.close:352 - HikariPool-1 - Shutdown completed.
[2023-04-16 10:36:15.400] INFO  [main] [c.h.t.ToiletMapBackEndApplication] ToiletMapBackEndApplication.logStarting:55 - Starting ToiletMapBackEndApplication using Java 11.0.16.1 on TienHuynhTN with PID 20420 (F:\FPT\Semester-9-Summer-2023\Capstone-Project\Implementation\toilet-map-back-end\target\classes started by tienhltse151104 in F:\FPT\Semester-9-Summer-2023\Capstone-Project\Implementation\toilet-map-back-end)
[2023-04-16 10:36:15.400] INFO  [main] [c.h.t.ToiletMapBackEndApplication] ToiletMapBackEndApplication.logStartupProfileInfo:637 - The following 2 profiles are active: "default", "prod"
[2023-04-16 10:36:16.630] INFO  [main] [o.s.d.r.c.RepositoryConfigurationDelegate] RepositoryConfigurationDelegate.registerRepositoriesIn:132 - Bootstrapping Spring Data JPA repositories in DEFAULT mode.
[2023-04-16 10:36:16.770] INFO  [main] [o.s.d.r.c.RepositoryConfigurationDelegate] RepositoryConfigurationDelegate.registerRepositoriesIn:201 - Finished Spring Data repository scanning in 123 ms. Found 15 JPA repository interfaces.
[2023-04-16 10:36:17.470] INFO  [main] [o.s.b.w.e.t.TomcatWebServer] TomcatWebServer.initialize:108 - Tomcat initialized with port(s): 8081 (http)
[2023-04-16 10:36:17.470] INFO  [main] [o.a.c.c.AprLifecycleListener] AprLifecycleListener.log:173 - Loaded Apache Tomcat Native library [1.2.35] using APR version [1.7.0].
[2023-04-16 10:36:17.470] INFO  [main] [o.a.c.c.AprLifecycleListener] AprLifecycleListener.log:173 - APR capabilities: IPv6 [true], sendfile [true], accept filters [false], random [true], UDS [true].
[2023-04-16 10:36:17.470] INFO  [main] [o.a.c.c.AprLifecycleListener] AprLifecycleListener.log:173 - APR/OpenSSL configuration: useAprConnector [false], useOpenSSL [true]
[2023-04-16 10:36:17.470] INFO  [main] [o.a.c.c.AprLifecycleListener] AprLifecycleListener.log:173 - OpenSSL successfully initialized [OpenSSL 1.1.1q  5 Jul 2022]
[2023-04-16 10:36:17.488] INFO  [main] [o.a.c.c.StandardService] StandardService.log:173 - Starting service [Tomcat]
[2023-04-16 10:36:17.488] INFO  [main] [o.a.c.c.StandardEngine] StandardEngine.log:173 - Starting Servlet engine: [Apache Tomcat/9.0.71]
[2023-04-16 10:36:17.630] INFO  [main] [o.a.c.c.C.[.[.[/]] [/].log:173 - Initializing Spring embedded WebApplicationContext
[2023-04-16 10:36:17.630] INFO  [main] [o.s.b.w.s.c.ServletWebServerApplicationContext] ServletWebServerApplicationContext.prepareWebApplicationContext:292 - Root WebApplicationContext: initialization completed in 2160 ms
[2023-04-16 10:36:18.170] INFO  [main] [o.h.j.i.u.LogHelper] LogHelper.logPersistenceUnitInformation:31 - HHH000204: Processing PersistenceUnitInfo [name: default]
[2023-04-16 10:36:18.230] INFO  [main] [o.h.Version] Version.logVersion:44 - HHH000412: Hibernate ORM core version 5.6.14.Final
[2023-04-16 10:36:18.400] INFO  [main] [o.h.a.c.Version] Version.<clinit>:56 - HCANN000001: Hibernate Commons Annotations {5.1.2.Final}
[2023-04-16 10:36:18.514] INFO  [main] [c.z.h.HikariDataSource] HikariDataSource.getConnection:110 - HikariPool-1 - Starting...
[2023-04-16 10:36:19.530] INFO  [main] [c.z.h.HikariDataSource] HikariDataSource.getConnection:123 - HikariPool-1 - Start completed.
[2023-04-16 10:36:19.550] INFO  [main] [o.h.d.Dialect] Dialect.<init>:175 - HHH000400: Using dialect: org.hibernate.dialect.SQLServer2012Dialect
[2023-04-16 10:36:20.645] INFO  [main] [o.h.e.t.j.p.i.JtaPlatformInitiator] JtaPlatformInitiator.initiateService:52 - HHH000490: Using JtaPlatform implementation: [org.hibernate.engine.transaction.jta.platform.internal.NoJtaPlatform]
[2023-04-16 10:36:20.650] INFO  [main] [o.s.o.j.LocalContainerEntityManagerFactoryBean] LocalContainerEntityManagerFactoryBean.buildNativeEntityManagerFactory:437 - Initialized JPA EntityManagerFactory for persistence unit 'default'
[2023-04-16 10:36:22.760] INFO  [main] [o.s.s.w.DefaultSecurityFilterChain] DefaultSecurityFilterChain.<init>:55 - Will secure any request with [org.springframework.security.web.session.DisableEncodeUrlFilter@2f59cb6f, org.springframework.security.web.context.request.async.WebAsyncManagerIntegrationFilter@60cbba57, org.springframework.security.web.context.SecurityContextPersistenceFilter@2472ba04, org.springframework.security.web.header.HeaderWriterFilter@12bb8943, org.springframework.web.filter.CorsFilter@614d01b, org.springframework.security.web.authentication.logout.LogoutFilter@1a4564a2, com.happy3friends.toiletmapbackend.sercurity.TokenAuthenticationFilter@ec1b776, org.springframework.security.web.savedrequest.RequestCacheAwareFilter@5bb45afc, org.springframework.security.web.servletapi.SecurityContextHolderAwareRequestFilter@2446597e, org.springframework.security.web.authentication.AnonymousAuthenticationFilter@3be2ef56, org.springframework.security.web.session.SessionManagementFilter@64710a6, org.springframework.security.web.access.ExceptionTranslationFilter@55a2ca5e, org.springframework.security.web.access.intercept.FilterSecurityInterceptor@2f403d0a]
[2023-04-16 10:36:23.180] INFO  [main] [o.s.b.w.e.t.TomcatWebServer] TomcatWebServer.start:220 - Tomcat started on port(s): 8081 (http) with context path ''
[2023-04-16 10:36:23.200] INFO  [main] [c.h.t.ToiletMapBackEndApplication] ToiletMapBackEndApplication.logStarted:61 - Started ToiletMapBackEndApplication in 8.665 seconds (JVM running for 10.041)
[2023-04-16 10:37:32.366] INFO  [SpringApplicationShutdownHook] [o.s.o.j.LocalContainerEntityManagerFactoryBean] LocalContainerEntityManagerFactoryBean.destroy:651 - Closing JPA EntityManagerFactory for persistence unit 'default'
[2023-04-16 10:37:32.370] INFO  [SpringApplicationShutdownHook] [c.z.h.HikariDataSource] HikariDataSource.close:350 - HikariPool-1 - Shutdown initiated...
[2023-04-16 10:37:32.380] INFO  [SpringApplicationShutdownHook] [c.z.h.HikariDataSource] HikariDataSource.close:352 - HikariPool-1 - Shutdown completed.
[2023-04-16 10:37:39.700] INFO  [main] [c.h.t.ToiletMapBackEndApplication] ToiletMapBackEndApplication.logStarting:55 - Starting ToiletMapBackEndApplication using Java 11.0.16.1 on TienHuynhTN with PID 6240 (F:\FPT\Semester-9-Summer-2023\Capstone-Project\Implementation\toilet-map-back-end\target\classes started by tienhltse151104 in F:\FPT\Semester-9-Summer-2023\Capstone-Project\Implementation\toilet-map-back-end)
[2023-04-16 10:37:39.700] INFO  [main] [c.h.t.ToiletMapBackEndApplication] ToiletMapBackEndApplication.logStartupProfileInfo:637 - The following 2 profiles are active: "default", "prod"
[2023-04-16 10:37:40.763] INFO  [main] [o.s.d.r.c.RepositoryConfigurationDelegate] RepositoryConfigurationDelegate.registerRepositoriesIn:132 - Bootstrapping Spring Data JPA repositories in DEFAULT mode.
[2023-04-16 10:37:40.902] INFO  [main] [o.s.d.r.c.RepositoryConfigurationDelegate] RepositoryConfigurationDelegate.registerRepositoriesIn:201 - Finished Spring Data repository scanning in 132 ms. Found 15 JPA repository interfaces.
[2023-04-16 10:37:41.700] INFO  [main] [o.s.b.w.e.t.TomcatWebServer] TomcatWebServer.initialize:108 - Tomcat initialized with port(s): 8081 (http)
[2023-04-16 10:37:41.707] INFO  [main] [o.a.c.c.AprLifecycleListener] AprLifecycleListener.log:173 - Loaded Apache Tomcat Native library [1.2.35] using APR version [1.7.0].
[2023-04-16 10:37:41.707] INFO  [main] [o.a.c.c.AprLifecycleListener] AprLifecycleListener.log:173 - APR capabilities: IPv6 [true], sendfile [true], accept filters [false], random [true], UDS [true].
[2023-04-16 10:37:41.710] INFO  [main] [o.a.c.c.AprLifecycleListener] AprLifecycleListener.log:173 - APR/OpenSSL configuration: useAprConnector [false], useOpenSSL [true]
[2023-04-16 10:37:41.714] INFO  [main] [o.a.c.c.AprLifecycleListener] AprLifecycleListener.log:173 - OpenSSL successfully initialized [OpenSSL 1.1.1q  5 Jul 2022]
[2023-04-16 10:37:41.730] INFO  [main] [o.a.c.c.StandardService] StandardService.log:173 - Starting service [Tomcat]
[2023-04-16 10:37:41.735] INFO  [main] [o.a.c.c.StandardEngine] StandardEngine.log:173 - Starting Servlet engine: [Apache Tomcat/9.0.71]
[2023-04-16 10:37:42.010] INFO  [main] [o.a.c.c.C.[.[.[/]] [/].log:173 - Initializing Spring embedded WebApplicationContext
[2023-04-16 10:37:42.016] INFO  [main] [o.s.b.w.s.c.ServletWebServerApplicationContext] ServletWebServerApplicationContext.prepareWebApplicationContext:292 - Root WebApplicationContext: initialization completed in 2237 ms
[2023-04-16 10:37:42.612] INFO  [main] [o.h.j.i.u.LogHelper] LogHelper.logPersistenceUnitInformation:31 - HHH000204: Processing PersistenceUnitInfo [name: default]
[2023-04-16 10:37:42.665] INFO  [main] [o.h.Version] Version.logVersion:44 - HHH000412: Hibernate ORM core version 5.6.14.Final
[2023-04-16 10:37:42.890] INFO  [main] [o.h.a.c.Version] Version.<clinit>:56 - HCANN000001: Hibernate Commons Annotations {5.1.2.Final}
[2023-04-16 10:37:43.065] INFO  [main] [c.z.h.HikariDataSource] HikariDataSource.getConnection:110 - HikariPool-1 - Starting...
[2023-04-16 10:37:44.135] INFO  [main] [c.z.h.HikariDataSource] HikariDataSource.getConnection:123 - HikariPool-1 - Start completed.
[2023-04-16 10:37:44.180] INFO  [main] [o.h.d.Dialect] Dialect.<init>:175 - HHH000400: Using dialect: org.hibernate.dialect.SQLServer2012Dialect
[2023-04-16 10:37:45.522] INFO  [main] [o.h.e.t.j.p.i.JtaPlatformInitiator] JtaPlatformInitiator.initiateService:52 - HHH000490: Using JtaPlatform implementation: [org.hibernate.engine.transaction.jta.platform.internal.NoJtaPlatform]
[2023-04-16 10:37:45.540] INFO  [main] [o.s.o.j.LocalContainerEntityManagerFactoryBean] LocalContainerEntityManagerFactoryBean.buildNativeEntityManagerFactory:437 - Initialized JPA EntityManagerFactory for persistence unit 'default'
[2023-04-16 10:37:47.885] INFO  [main] [o.s.s.w.DefaultSecurityFilterChain] DefaultSecurityFilterChain.<init>:55 - Will secure any request with [org.springframework.security.web.session.DisableEncodeUrlFilter@3be2ef56, org.springframework.security.web.context.request.async.WebAsyncManagerIntegrationFilter@5a8149f6, org.springframework.security.web.context.SecurityContextPersistenceFilter@64710a6, org.springframework.security.web.header.HeaderWriterFilter@5f510929, org.springframework.web.filter.CorsFilter@672549f3, org.springframework.security.web.authentication.logout.LogoutFilter@4cb87009, com.happy3friends.toiletmapbackend.sercurity.TokenAuthenticationFilter@13868c41, org.springframework.security.web.savedrequest.RequestCacheAwareFilter@47f677a4, org.springframework.security.web.servletapi.SecurityContextHolderAwareRequestFilter@f047670, org.springframework.security.web.authentication.AnonymousAuthenticationFilter@4791d904, org.springframework.security.web.session.SessionManagementFilter@6abca7a6, org.springframework.security.web.access.ExceptionTranslationFilter@3791160a, org.springframework.security.web.access.intercept.FilterSecurityInterceptor@569026df]
[2023-04-16 10:37:48.280] INFO  [main] [o.s.b.w.e.t.TomcatWebServer] TomcatWebServer.start:220 - Tomcat started on port(s): 8081 (http) with context path ''
[2023-04-16 10:37:48.290] INFO  [main] [c.h.t.ToiletMapBackEndApplication] ToiletMapBackEndApplication.logStarted:61 - Started ToiletMapBackEndApplication in 9.256 seconds (JVM running for 10.517)
[2023-04-16 10:38:02.341] INFO  [SpringApplicationShutdownHook] [o.s.o.j.LocalContainerEntityManagerFactoryBean] LocalContainerEntityManagerFactoryBean.destroy:651 - Closing JPA EntityManagerFactory for persistence unit 'default'
[2023-04-16 10:38:02.350] INFO  [SpringApplicationShutdownHook] [c.z.h.HikariDataSource] HikariDataSource.close:350 - HikariPool-1 - Shutdown initiated...
[2023-04-16 10:38:02.370] INFO  [SpringApplicationShutdownHook] [c.z.h.HikariDataSource] HikariDataSource.close:352 - HikariPool-1 - Shutdown completed.
[2023-04-16 10:38:07.050] INFO  [main] [c.h.t.ToiletMapBackEndApplication] ToiletMapBackEndApplication.logStarting:55 - Starting ToiletMapBackEndApplication using Java 11.0.16.1 on TienHuynhTN with PID 22544 (F:\FPT\Semester-9-Summer-2023\Capstone-Project\Implementation\toilet-map-back-end\target\classes started by tienhltse151104 in F:\FPT\Semester-9-Summer-2023\Capstone-Project\Implementation\toilet-map-back-end)
[2023-04-16 10:38:07.060] INFO  [main] [c.h.t.ToiletMapBackEndApplication] ToiletMapBackEndApplication.logStartupProfileInfo:637 - The following 2 profiles are active: "default", "prod"
[2023-04-16 10:38:08.226] INFO  [main] [o.s.d.r.c.RepositoryConfigurationDelegate] RepositoryConfigurationDelegate.registerRepositoriesIn:132 - Bootstrapping Spring Data JPA repositories in DEFAULT mode.
[2023-04-16 10:38:08.381] INFO  [main] [o.s.d.r.c.RepositoryConfigurationDelegate] RepositoryConfigurationDelegate.registerRepositoriesIn:201 - Finished Spring Data repository scanning in 141 ms. Found 15 JPA repository interfaces.
[2023-04-16 10:38:09.137] INFO  [main] [o.s.b.w.e.t.TomcatWebServer] TomcatWebServer.initialize:108 - Tomcat initialized with port(s): 8081 (http)
[2023-04-16 10:38:09.137] INFO  [main] [o.a.c.c.AprLifecycleListener] AprLifecycleListener.log:173 - Loaded Apache Tomcat Native library [1.2.35] using APR version [1.7.0].
[2023-04-16 10:38:09.137] INFO  [main] [o.a.c.c.AprLifecycleListener] AprLifecycleListener.log:173 - APR capabilities: IPv6 [true], sendfile [true], accept filters [false], random [true], UDS [true].
[2023-04-16 10:38:09.137] INFO  [main] [o.a.c.c.AprLifecycleListener] AprLifecycleListener.log:173 - APR/OpenSSL configuration: useAprConnector [false], useOpenSSL [true]
[2023-04-16 10:38:09.140] INFO  [main] [o.a.c.c.AprLifecycleListener] AprLifecycleListener.log:173 - OpenSSL successfully initialized [OpenSSL 1.1.1q  5 Jul 2022]
[2023-04-16 10:38:09.153] INFO  [main] [o.a.c.c.StandardService] StandardService.log:173 - Starting service [Tomcat]
[2023-04-16 10:38:09.153] INFO  [main] [o.a.c.c.StandardEngine] StandardEngine.log:173 - Starting Servlet engine: [Apache Tomcat/9.0.71]
[2023-04-16 10:38:09.317] INFO  [main] [o.a.c.c.C.[.[.[/]] [/].log:173 - Initializing Spring embedded WebApplicationContext
[2023-04-16 10:38:09.318] INFO  [main] [o.s.b.w.s.c.ServletWebServerApplicationContext] ServletWebServerApplicationContext.prepareWebApplicationContext:292 - Root WebApplicationContext: initialization completed in 2195 ms
[2023-04-16 10:38:09.810] INFO  [main] [o.h.j.i.u.LogHelper] LogHelper.logPersistenceUnitInformation:31 - HHH000204: Processing PersistenceUnitInfo [name: default]
[2023-04-16 10:38:09.870] INFO  [main] [o.h.Version] Version.logVersion:44 - HHH000412: Hibernate ORM core version 5.6.14.Final
[2023-04-16 10:38:10.040] INFO  [main] [o.h.a.c.Version] Version.<clinit>:56 - HCANN000001: Hibernate Commons Annotations {5.1.2.Final}
[2023-04-16 10:38:10.170] INFO  [main] [c.z.h.HikariDataSource] HikariDataSource.getConnection:110 - HikariPool-1 - Starting...
[2023-04-16 10:38:10.992] INFO  [main] [c.z.h.HikariDataSource] HikariDataSource.getConnection:123 - HikariPool-1 - Start completed.
[2023-04-16 10:38:11.018] INFO  [main] [o.h.d.Dialect] Dialect.<init>:175 - HHH000400: Using dialect: org.hibernate.dialect.SQLServer2012Dialect
[2023-04-16 10:38:12.295] INFO  [main] [o.h.e.t.j.p.i.JtaPlatformInitiator] JtaPlatformInitiator.initiateService:52 - HHH000490: Using JtaPlatform implementation: [org.hibernate.engine.transaction.jta.platform.internal.NoJtaPlatform]
[2023-04-16 10:38:12.306] INFO  [main] [o.s.o.j.LocalContainerEntityManagerFactoryBean] LocalContainerEntityManagerFactoryBean.buildNativeEntityManagerFactory:437 - Initialized JPA EntityManagerFactory for persistence unit 'default'
[2023-04-16 10:38:14.736] INFO  [main] [o.s.s.w.DefaultSecurityFilterChain] DefaultSecurityFilterChain.<init>:55 - Will secure any request with [org.springframework.security.web.session.DisableEncodeUrlFilter@25dacc5a, org.springframework.security.web.context.request.async.WebAsyncManagerIntegrationFilter@55b7f9f1, org.springframework.security.web.context.SecurityContextPersistenceFilter@2d91147b, org.springframework.security.web.header.HeaderWriterFilter@5aa2758a, org.springframework.web.filter.CorsFilter@273e622f, org.springframework.security.web.authentication.logout.LogoutFilter@40c92dfa, com.happy3friends.toiletmapbackend.sercurity.TokenAuthenticationFilter@3ccc4ca0, org.springframework.security.web.savedrequest.RequestCacheAwareFilter@1299fed3, org.springframework.security.web.servletapi.SecurityContextHolderAwareRequestFilter@4b8ac512, org.springframework.security.web.authentication.AnonymousAuthenticationFilter@380cd266, org.springframework.security.web.session.SessionManagementFilter@2d732cda, org.springframework.security.web.access.ExceptionTranslationFilter@57cc0333, org.springframework.security.web.access.intercept.FilterSecurityInterceptor@c680819]
[2023-04-16 10:38:15.162] INFO  [main] [o.s.b.w.e.t.TomcatWebServer] TomcatWebServer.start:220 - Tomcat started on port(s): 8081 (http) with context path ''
[2023-04-16 10:38:15.179] INFO  [main] [c.h.t.ToiletMapBackEndApplication] ToiletMapBackEndApplication.logStarted:61 - Started ToiletMapBackEndApplication in 8.926 seconds (JVM running for 10.3)
[2023-04-16 10:38:47.276] INFO  [http-nio-8081-exec-1] [o.a.c.c.C.[.[.[/]] [/].log:173 - Initializing Spring DispatcherServlet 'dispatcherServlet'
[2023-04-16 10:38:47.278] INFO  [http-nio-8081-exec-1] [o.s.w.s.DispatcherServlet] DispatcherServlet.initServletBean:525 - Initializing Servlet 'dispatcherServlet'
[2023-04-16 10:38:47.282] INFO  [http-nio-8081-exec-1] [o.s.w.s.DispatcherServlet] DispatcherServlet.initServletBean:547 - Completed initialization in 3 ms
[2023-04-16 10:38:48.896] INFO  [http-nio-8081-exec-8] [o.s.a.AbstractOpenApiResource] AbstractOpenApiResource.getOpenApi:398 - Init duration for springdoc-openapi is: 624 ms
[2023-04-16 11:09:53.048] INFO  [SpringApplicationShutdownHook] [o.s.o.j.LocalContainerEntityManagerFactoryBean] LocalContainerEntityManagerFactoryBean.destroy:651 - Closing JPA EntityManagerFactory for persistence unit 'default'
[2023-04-16 11:09:53.053] INFO  [SpringApplicationShutdownHook] [c.z.h.HikariDataSource] HikariDataSource.close:350 - HikariPool-1 - Shutdown initiated...
[2023-04-16 11:09:53.067] INFO  [SpringApplicationShutdownHook] [c.z.h.HikariDataSource] HikariDataSource.close:352 - HikariPool-1 - Shutdown completed.
[2023-04-16 18:27:52.959] INFO  [main] [c.h.t.ToiletMapBackEndApplication] ToiletMapBackEndApplication.logStarting:55 - Starting ToiletMapBackEndApplication using Java 11.0.16.1 on TienHuynhTN with PID 1212 (F:\FPT\Semester-9-Summer-2023\Capstone-Project\Implementation\toilet-map-back-end\target\classes started by tienhltse151104 in F:\FPT\Semester-9-Summer-2023\Capstone-Project\Implementation\toilet-map-back-end)
[2023-04-16 18:27:52.993] INFO  [main] [c.h.t.ToiletMapBackEndApplication] ToiletMapBackEndApplication.logStartupProfileInfo:637 - The following 2 profiles are active: "default", "prod"
[2023-04-16 18:27:56.143] INFO  [main] [o.s.d.r.c.RepositoryConfigurationDelegate] RepositoryConfigurationDelegate.registerRepositoriesIn:132 - Bootstrapping Spring Data JPA repositories in DEFAULT mode.
[2023-04-16 18:27:56.296] INFO  [main] [o.s.d.r.c.RepositoryConfigurationDelegate] RepositoryConfigurationDelegate.registerRepositoriesIn:201 - Finished Spring Data repository scanning in 138 ms. Found 15 JPA repository interfaces.
[2023-04-16 18:27:57.107] INFO  [main] [o.s.b.w.e.t.TomcatWebServer] TomcatWebServer.initialize:108 - Tomcat initialized with port(s): 8081 (http)
[2023-04-16 18:27:57.107] INFO  [main] [o.a.c.c.AprLifecycleListener] AprLifecycleListener.log:173 - Loaded Apache Tomcat Native library [1.2.35] using APR version [1.7.0].
[2023-04-16 18:27:57.107] INFO  [main] [o.a.c.c.AprLifecycleListener] AprLifecycleListener.log:173 - APR capabilities: IPv6 [true], sendfile [true], accept filters [false], random [true], UDS [true].
[2023-04-16 18:27:57.107] INFO  [main] [o.a.c.c.AprLifecycleListener] AprLifecycleListener.log:173 - APR/OpenSSL configuration: useAprConnector [false], useOpenSSL [true]
[2023-04-16 18:27:57.113] INFO  [main] [o.a.c.c.AprLifecycleListener] AprLifecycleListener.log:173 - OpenSSL successfully initialized [OpenSSL 1.1.1q  5 Jul 2022]
[2023-04-16 18:27:57.123] INFO  [main] [o.a.c.c.StandardService] StandardService.log:173 - Starting service [Tomcat]
[2023-04-16 18:27:57.123] INFO  [main] [o.a.c.c.StandardEngine] StandardEngine.log:173 - Starting Servlet engine: [Apache Tomcat/9.0.71]
[2023-04-16 18:27:57.313] INFO  [main] [o.a.c.c.C.[.[.[/]] [/].log:173 - Initializing Spring embedded WebApplicationContext
[2023-04-16 18:27:57.313] INFO  [main] [o.s.b.w.s.c.ServletWebServerApplicationContext] ServletWebServerApplicationContext.prepareWebApplicationContext:292 - Root WebApplicationContext: initialization completed in 4259 ms
[2023-04-16 18:27:57.833] INFO  [main] [o.h.j.i.u.LogHelper] LogHelper.logPersistenceUnitInformation:31 - HHH000204: Processing PersistenceUnitInfo [name: default]
[2023-04-16 18:27:57.917] INFO  [main] [o.h.Version] Version.logVersion:44 - HHH000412: Hibernate ORM core version 5.6.14.Final
[2023-04-16 18:27:58.113] INFO  [main] [o.h.a.c.Version] Version.<clinit>:56 - HCANN000001: Hibernate Commons Annotations {5.1.2.Final}
[2023-04-16 18:27:58.263] INFO  [main] [c.z.h.HikariDataSource] HikariDataSource.getConnection:110 - HikariPool-1 - Starting...
[2023-04-16 18:28:00.146] INFO  [main] [c.z.h.HikariDataSource] HikariDataSource.getConnection:123 - HikariPool-1 - Start completed.
[2023-04-16 18:28:00.173] INFO  [main] [o.h.d.Dialect] Dialect.<init>:175 - HHH000400: Using dialect: org.hibernate.dialect.SQLServer2012Dialect
[2023-04-16 18:28:01.591] INFO  [main] [o.h.e.t.j.p.i.JtaPlatformInitiator] JtaPlatformInitiator.initiateService:52 - HHH000490: Using JtaPlatform implementation: [org.hibernate.engine.transaction.jta.platform.internal.NoJtaPlatform]
[2023-04-16 18:28:01.603] INFO  [main] [o.s.o.j.LocalContainerEntityManagerFactoryBean] LocalContainerEntityManagerFactoryBean.buildNativeEntityManagerFactory:437 - Initialized JPA EntityManagerFactory for persistence unit 'default'
[2023-04-16 18:28:03.993] INFO  [main] [o.s.s.w.DefaultSecurityFilterChain] DefaultSecurityFilterChain.<init>:55 - Will secure any request with [org.springframework.security.web.session.DisableEncodeUrlFilter@56afbace, org.springframework.security.web.context.request.async.WebAsyncManagerIntegrationFilter@40dcbf7, org.springframework.security.web.context.SecurityContextPersistenceFilter@870413c, org.springframework.security.web.header.HeaderWriterFilter@7f5c4ff8, org.springframework.web.filter.CorsFilter@53850535, org.springframework.security.web.authentication.logout.LogoutFilter@4cb87009, com.happy3friends.toiletmapbackend.sercurity.TokenAuthenticationFilter@1f7b8d59, org.springframework.security.web.savedrequest.RequestCacheAwareFilter@1d9cac6e, org.springframework.security.web.servletapi.SecurityContextHolderAwareRequestFilter@949165f, org.springframework.security.web.authentication.AnonymousAuthenticationFilter@19565b5, org.springframework.security.web.session.SessionManagementFilter@431f8830, org.springframework.security.web.access.ExceptionTranslationFilter@4f0f56f5, org.springframework.security.web.access.intercept.FilterSecurityInterceptor@380cd266]
[2023-04-16 18:28:04.476] INFO  [main] [o.s.b.w.e.t.TomcatWebServer] TomcatWebServer.start:220 - Tomcat started on port(s): 8081 (http) with context path ''
[2023-04-16 18:28:04.493] INFO  [main] [c.h.t.ToiletMapBackEndApplication] ToiletMapBackEndApplication.logStarted:61 - Started ToiletMapBackEndApplication in 12.27 seconds (JVM running for 15.839)
[2023-04-16 18:28:48.163] INFO  [http-nio-8081-exec-1] [o.a.c.c.C.[.[.[/]] [/].log:173 - Initializing Spring DispatcherServlet 'dispatcherServlet'
[2023-04-16 18:28:48.163] INFO  [http-nio-8081-exec-1] [o.s.w.s.DispatcherServlet] DispatcherServlet.initServletBean:525 - Initializing Servlet 'dispatcherServlet'
[2023-04-16 18:28:48.165] INFO  [http-nio-8081-exec-1] [o.s.w.s.DispatcherServlet] DispatcherServlet.initServletBean:547 - Completed initialization in 2 ms
[2023-04-16 18:28:49.818] INFO  [http-nio-8081-exec-6] [o.s.a.AbstractOpenApiResource] AbstractOpenApiResource.getOpenApi:398 - Init duration for springdoc-openapi is: 599 ms
[2023-04-16 18:30:12.658] ERROR [http-nio-8081-exec-7] [c.h.t.s.RestAuthenticationEntryPoint] RestAuthenticationEntryPoint.commence:31 - Responding with unauthorized error. Message - Full authentication is required to access this resource
[2023-04-16 18:30:59.785] WARN  [http-nio-8081-exec-8] [c.h.t.h.GlobalExceptionHandler] GlobalExceptionHandler.handleBadRequestException:72 - An invalid request was rejected: [Invalid datetime in QR Code!]
[2023-04-16 18:33:12.801] WARN  [http-nio-8081-exec-10] [c.h.t.h.GlobalExceptionHandler] GlobalExceptionHandler.handleBadRequestException:72 - An invalid request was rejected: [Default account's payment type of this account is invalid! It's not by turn]
[2023-04-16 18:35:29.704] INFO  [SpringApplicationShutdownHook] [o.s.o.j.LocalContainerEntityManagerFactoryBean] LocalContainerEntityManagerFactoryBean.destroy:651 - Closing JPA EntityManagerFactory for persistence unit 'default'
[2023-04-16 18:35:29.704] INFO  [SpringApplicationShutdownHook] [c.z.h.HikariDataSource] HikariDataSource.close:350 - HikariPool-1 - Shutdown initiated...
[2023-04-16 18:35:29.731] INFO  [SpringApplicationShutdownHook] [c.z.h.HikariDataSource] HikariDataSource.close:352 - HikariPool-1 - Shutdown completed.
[2023-04-16 20:21:56.984] INFO  [main] [c.h.t.ToiletMapBackEndApplication] ToiletMapBackEndApplication.logStarting:55 - Starting ToiletMapBackEndApplication using Java 11.0.16.1 on TienHuynhTN with PID 13644 (F:\FPT\Semester-9-Summer-2023\Capstone-Project\Implementation\toilet-map-back-end\target\classes started by tienhltse151104 in F:\FPT\Semester-9-Summer-2023\Capstone-Project\Implementation\toilet-map-back-end)
[2023-04-16 20:21:56.991] INFO  [main] [c.h.t.ToiletMapBackEndApplication] ToiletMapBackEndApplication.logStartupProfileInfo:637 - The following 2 profiles are active: "default", "prod"
[2023-04-16 20:21:58.761] INFO  [main] [o.s.d.r.c.RepositoryConfigurationDelegate] RepositoryConfigurationDelegate.registerRepositoriesIn:132 - Bootstrapping Spring Data JPA repositories in DEFAULT mode.
[2023-04-16 20:21:58.921] INFO  [main] [o.s.d.r.c.RepositoryConfigurationDelegate] RepositoryConfigurationDelegate.registerRepositoriesIn:201 - Finished Spring Data repository scanning in 149 ms. Found 15 JPA repository interfaces.
[2023-04-16 20:21:59.682] INFO  [main] [o.s.b.w.e.t.TomcatWebServer] TomcatWebServer.initialize:108 - Tomcat initialized with port(s): 8081 (http)
[2023-04-16 20:21:59.684] INFO  [main] [o.a.c.c.AprLifecycleListener] AprLifecycleListener.log:173 - Loaded Apache Tomcat Native library [1.2.35] using APR version [1.7.0].
[2023-04-16 20:21:59.684] INFO  [main] [o.a.c.c.AprLifecycleListener] AprLifecycleListener.log:173 - APR capabilities: IPv6 [true], sendfile [true], accept filters [false], random [true], UDS [true].
[2023-04-16 20:21:59.684] INFO  [main] [o.a.c.c.AprLifecycleListener] AprLifecycleListener.log:173 - APR/OpenSSL configuration: useAprConnector [false], useOpenSSL [true]
[2023-04-16 20:21:59.688] INFO  [main] [o.a.c.c.AprLifecycleListener] AprLifecycleListener.log:173 - OpenSSL successfully initialized [OpenSSL 1.1.1q  5 Jul 2022]
[2023-04-16 20:21:59.698] INFO  [main] [o.a.c.c.StandardService] StandardService.log:173 - Starting service [Tomcat]
[2023-04-16 20:21:59.699] INFO  [main] [o.a.c.c.StandardEngine] StandardEngine.log:173 - Starting Servlet engine: [Apache Tomcat/9.0.71]
[2023-04-16 20:21:59.858] INFO  [main] [o.a.c.c.C.[.[.[/]] [/].log:173 - Initializing Spring embedded WebApplicationContext
[2023-04-16 20:21:59.859] INFO  [main] [o.s.b.w.s.c.ServletWebServerApplicationContext] ServletWebServerApplicationContext.prepareWebApplicationContext:292 - Root WebApplicationContext: initialization completed in 2771 ms
[2023-04-16 20:22:00.423] INFO  [main] [o.h.j.i.u.LogHelper] LogHelper.logPersistenceUnitInformation:31 - HHH000204: Processing PersistenceUnitInfo [name: default]
[2023-04-16 20:22:00.486] INFO  [main] [o.h.Version] Version.logVersion:44 - HHH000412: Hibernate ORM core version 5.6.14.Final
[2023-04-16 20:22:00.678] INFO  [main] [o.h.a.c.Version] Version.<clinit>:56 - HCANN000001: Hibernate Commons Annotations {5.1.2.Final}
[2023-04-16 20:22:00.858] INFO  [main] [c.z.h.HikariDataSource] HikariDataSource.getConnection:110 - HikariPool-1 - Starting...
[2023-04-16 20:22:02.134] INFO  [main] [c.z.h.HikariDataSource] HikariDataSource.getConnection:123 - HikariPool-1 - Start completed.
[2023-04-16 20:22:02.157] INFO  [main] [o.h.d.Dialect] Dialect.<init>:175 - HHH000400: Using dialect: org.hibernate.dialect.SQLServer2012Dialect
[2023-04-16 20:22:03.543] INFO  [main] [o.h.e.t.j.p.i.JtaPlatformInitiator] JtaPlatformInitiator.initiateService:52 - HHH000490: Using JtaPlatform implementation: [org.hibernate.engine.transaction.jta.platform.internal.NoJtaPlatform]
[2023-04-16 20:22:03.559] INFO  [main] [o.s.o.j.LocalContainerEntityManagerFactoryBean] LocalContainerEntityManagerFactoryBean.buildNativeEntityManagerFactory:437 - Initialized JPA EntityManagerFactory for persistence unit 'default'
[2023-04-16 20:22:06.516] INFO  [main] [o.s.s.w.DefaultSecurityFilterChain] DefaultSecurityFilterChain.<init>:55 - Will secure any request with [org.springframework.security.web.session.DisableEncodeUrlFilter@66487713, org.springframework.security.web.context.request.async.WebAsyncManagerIntegrationFilter@18ed8b75, org.springframework.security.web.context.SecurityContextPersistenceFilter@c6653e, org.springframework.security.web.header.HeaderWriterFilter@68024e57, org.springframework.web.filter.CorsFilter@22ea09b7, org.springframework.security.web.authentication.logout.LogoutFilter@e5d9fa7, com.happy3friends.toiletmapbackend.sercurity.TokenAuthenticationFilter@60256d1b, org.springframework.security.web.savedrequest.RequestCacheAwareFilter@788fa91f, org.springframework.security.web.servletapi.SecurityContextHolderAwareRequestFilter@7b1b1784, org.springframework.security.web.authentication.AnonymousAuthenticationFilter@13f255ed, org.springframework.security.web.session.SessionManagementFilter@2f83467, org.springframework.security.web.access.ExceptionTranslationFilter@49c72fb7, org.springframework.security.web.access.intercept.FilterSecurityInterceptor@bb3487c]
[2023-04-16 20:22:07.002] INFO  [main] [o.s.b.w.e.t.TomcatWebServer] TomcatWebServer.start:220 - Tomcat started on port(s): 8081 (http) with context path ''
[2023-04-16 20:22:07.022] INFO  [main] [c.h.t.ToiletMapBackEndApplication] ToiletMapBackEndApplication.logStarted:61 - Started ToiletMapBackEndApplication in 11.081 seconds (JVM running for 15.982)
[2023-04-16 20:22:22.511] INFO  [http-nio-8081-exec-1] [o.a.c.c.C.[.[.[/]] [/].log:173 - Initializing Spring DispatcherServlet 'dispatcherServlet'
[2023-04-16 20:22:22.513] INFO  [http-nio-8081-exec-1] [o.s.w.s.DispatcherServlet] DispatcherServlet.initServletBean:525 - Initializing Servlet 'dispatcherServlet'
[2023-04-16 20:22:22.516] INFO  [http-nio-8081-exec-1] [o.s.w.s.DispatcherServlet] DispatcherServlet.initServletBean:547 - Completed initialization in 3 ms
[2023-04-16 20:22:24.596] INFO  [http-nio-8081-exec-9] [o.s.a.AbstractOpenApiResource] AbstractOpenApiResource.getOpenApi:398 - Init duration for springdoc-openapi is: 876 ms
[2023-04-16 20:24:13.790] ERROR [http-nio-8081-exec-5] [c.h.t.s.RestAuthenticationEntryPoint] RestAuthenticationEntryPoint.commence:31 - Responding with unauthorized error. Message - Full authentication is required to access this resource
[2023-04-16 20:24:45.875] WARN  [http-nio-8081-exec-2] [o.h.e.j.s.SqlExceptionHelper] SqlExceptionHelper.logExceptions:137 - SQL Error: 547, SQLState: 23000
[2023-04-16 20:24:45.876] ERROR [http-nio-8081-exec-2] [o.h.e.j.s.SqlExceptionHelper] SqlExceptionHelper.logExceptions:142 - The INSERT statement conflicted with the FOREIGN KEY constraint "FK_RatingImage_Rating". The conflict occurred in database "ToiletMap", table "dbo.Rating", column 'Id'.
[2023-04-16 20:24:46.035] ERROR [http-nio-8081-exec-2] [c.h.t.h.GlobalExceptionHandler] GlobalExceptionHandler.handleInternalServerException:31 - An exception occurred: 
org.springframework.dao.DataIntegrityViolationException: could not execute statement; SQL [n/a]; constraint [null]; nested exception is org.hibernate.exception.ConstraintViolationException: could not execute statement
	at org.springframework.orm.jpa.vendor.HibernateJpaDialect.convertHibernateAccessException(HibernateJpaDialect.java:276)
	at org.springframework.orm.jpa.vendor.HibernateJpaDialect.translateExceptionIfPossible(HibernateJpaDialect.java:233)
	at org.springframework.orm.jpa.AbstractEntityManagerFactoryBean.translateExceptionIfPossible(AbstractEntityManagerFactoryBean.java:551)
	at org.springframework.dao.support.ChainedPersistenceExceptionTranslator.translateExceptionIfPossible(ChainedPersistenceExceptionTranslator.java:61)
	at org.springframework.dao.support.DataAccessUtils.translateIfNecessary(DataAccessUtils.java:242)
	at org.springframework.dao.support.PersistenceExceptionTranslationInterceptor.invoke(PersistenceExceptionTranslationInterceptor.java:152)
	at org.springframework.aop.framework.ReflectiveMethodInvocation.proceed(ReflectiveMethodInvocation.java:186)
	at org.springframework.data.jpa.repository.support.CrudMethodMetadataPostProcessor$CrudMethodMetadataPopulatingMethodInterceptor.invoke(CrudMethodMetadataPostProcessor.java:174)
	at org.springframework.aop.framework.ReflectiveMethodInvocation.proceed(ReflectiveMethodInvocation.java:186)
	at org.springframework.aop.interceptor.ExposeInvocationInterceptor.invoke(ExposeInvocationInterceptor.java:97)
	at org.springframework.aop.framework.ReflectiveMethodInvocation.proceed(ReflectiveMethodInvocation.java:186)
	at org.springframework.aop.framework.JdkDynamicAopProxy.invoke(JdkDynamicAopProxy.java:215)
	at com.sun.proxy.$Proxy161.save(Unknown Source)
	at com.happy3friends.toiletmapbackend.service.serviceImpl.RatingServiceImpl.createRating(RatingServiceImpl.java:153)
	at com.happy3friends.toiletmapbackend.controller.RatingController.createRating(RatingController.java:44)
	at com.happy3friends.toiletmapbackend.controller.RatingController$$FastClassBySpringCGLIB$$993b647b.invoke(<generated>)
	at org.springframework.cglib.proxy.MethodProxy.invoke(MethodProxy.java:218)
	at org.springframework.aop.framework.CglibAopProxy$CglibMethodInvocation.invokeJoinpoint(CglibAopProxy.java:793)
	at org.springframework.aop.framework.ReflectiveMethodInvocation.proceed(ReflectiveMethodInvocation.java:163)
	at org.springframework.aop.framework.CglibAopProxy$CglibMethodInvocation.proceed(CglibAopProxy.java:763)
	at org.springframework.security.access.intercept.aopalliance.MethodSecurityInterceptor.invoke(MethodSecurityInterceptor.java:61)
	at org.springframework.aop.framework.ReflectiveMethodInvocation.proceed(ReflectiveMethodInvocation.java:186)
	at org.springframework.aop.framework.CglibAopProxy$CglibMethodInvocation.proceed(CglibAopProxy.java:763)
	at org.springframework.aop.framework.CglibAopProxy$DynamicAdvisedInterceptor.intercept(CglibAopProxy.java:708)
	at com.happy3friends.toiletmapbackend.controller.RatingController$$EnhancerBySpringCGLIB$$d6f498bc.createRating(<generated>)
	at java.base/jdk.internal.reflect.NativeMethodAccessorImpl.invoke0(Native Method)
	at java.base/jdk.internal.reflect.NativeMethodAccessorImpl.invoke(NativeMethodAccessorImpl.java:62)
	at java.base/jdk.internal.reflect.DelegatingMethodAccessorImpl.invoke(DelegatingMethodAccessorImpl.java:43)
	at java.base/java.lang.reflect.Method.invoke(Method.java:566)
	at org.springframework.web.method.support.InvocableHandlerMethod.doInvoke(InvocableHandlerMethod.java:205)
	at org.springframework.web.method.support.InvocableHandlerMethod.invokeForRequest(InvocableHandlerMethod.java:150)
	at org.springframework.web.servlet.mvc.method.annotation.ServletInvocableHandlerMethod.invokeAndHandle(ServletInvocableHandlerMethod.java:117)
	at org.springframework.web.servlet.mvc.method.annotation.RequestMappingHandlerAdapter.invokeHandlerMethod(RequestMappingHandlerAdapter.java:895)
	at org.springframework.web.servlet.mvc.method.annotation.RequestMappingHandlerAdapter.handleInternal(RequestMappingHandlerAdapter.java:808)
	at org.springframework.web.servlet.mvc.method.AbstractHandlerMethodAdapter.handle(AbstractHandlerMethodAdapter.java:87)
	at org.springframework.web.servlet.DispatcherServlet.doDispatch(DispatcherServlet.java:1071)
	at org.springframework.web.servlet.DispatcherServlet.doService(DispatcherServlet.java:964)
	at org.springframework.web.servlet.FrameworkServlet.processRequest(FrameworkServlet.java:1006)
	at org.springframework.web.servlet.FrameworkServlet.doPost(FrameworkServlet.java:909)
	at javax.servlet.http.HttpServlet.service(HttpServlet.java:696)
	at org.springframework.web.servlet.FrameworkServlet.service(FrameworkServlet.java:883)
	at javax.servlet.http.HttpServlet.service(HttpServlet.java:779)
	at org.apache.catalina.core.ApplicationFilterChain.internalDoFilter(ApplicationFilterChain.java:227)
	at org.apache.catalina.core.ApplicationFilterChain.doFilter(ApplicationFilterChain.java:162)
	at org.apache.tomcat.websocket.server.WsFilter.doFilter(WsFilter.java:53)
	at org.apache.catalina.core.ApplicationFilterChain.internalDoFilter(ApplicationFilterChain.java:189)
	at org.apache.catalina.core.ApplicationFilterChain.doFilter(ApplicationFilterChain.java:162)
	at org.springframework.web.filter.OncePerRequestFilter.doFilter(OncePerRequestFilter.java:111)
	at org.apache.catalina.core.ApplicationFilterChain.internalDoFilter(ApplicationFilterChain.java:189)
	at org.apache.catalina.core.ApplicationFilterChain.doFilter(ApplicationFilterChain.java:162)
	at org.springframework.security.web.FilterChainProxy$VirtualFilterChain.doFilter(FilterChainProxy.java:337)
	at org.springframework.security.web.access.intercept.FilterSecurityInterceptor.invoke(FilterSecurityInterceptor.java:115)
	at org.springframework.security.web.access.intercept.FilterSecurityInterceptor.doFilter(FilterSecurityInterceptor.java:81)
	at org.springframework.security.web.FilterChainProxy$VirtualFilterChain.doFilter(FilterChainProxy.java:346)
	at org.springframework.security.web.access.ExceptionTranslationFilter.doFilter(ExceptionTranslationFilter.java:122)
	at org.springframework.security.web.access.ExceptionTranslationFilter.doFilter(ExceptionTranslationFilter.java:116)
	at org.springframework.security.web.FilterChainProxy$VirtualFilterChain.doFilter(FilterChainProxy.java:346)
	at org.springframework.security.web.session.SessionManagementFilter.doFilter(SessionManagementFilter.java:126)
	at org.springframework.security.web.session.SessionManagementFilter.doFilter(SessionManagementFilter.java:81)
	at org.springframework.security.web.FilterChainProxy$VirtualFilterChain.doFilter(FilterChainProxy.java:346)
	at org.springframework.security.web.authentication.AnonymousAuthenticationFilter.doFilter(AnonymousAuthenticationFilter.java:109)
	at org.springframework.security.web.FilterChainProxy$VirtualFilterChain.doFilter(FilterChainProxy.java:346)
	at org.springframework.security.web.servletapi.SecurityContextHolderAwareRequestFilter.doFilter(SecurityContextHolderAwareRequestFilter.java:149)
	at org.springframework.security.web.FilterChainProxy$VirtualFilterChain.doFilter(FilterChainProxy.java:346)
	at org.springframework.security.web.savedrequest.RequestCacheAwareFilter.doFilter(RequestCacheAwareFilter.java:63)
	at org.springframework.security.web.FilterChainProxy$VirtualFilterChain.doFilter(FilterChainProxy.java:346)
	at com.happy3friends.toiletmapbackend.sercurity.TokenAuthenticationFilter.doFilterInternal(TokenAuthenticationFilter.java:65)
	at org.springframework.web.filter.OncePerRequestFilter.doFilter(OncePerRequestFilter.java:117)
	at org.springframework.security.web.FilterChainProxy$VirtualFilterChain.doFilter(FilterChainProxy.java:346)
	at org.springframework.security.web.authentication.logout.LogoutFilter.doFilter(LogoutFilter.java:103)
	at org.springframework.security.web.authentication.logout.LogoutFilter.doFilter(LogoutFilter.java:89)
	at org.springframework.security.web.FilterChainProxy$VirtualFilterChain.doFilter(FilterChainProxy.java:346)
	at org.springframework.web.filter.CorsFilter.doFilterInternal(CorsFilter.java:91)
	at org.springframework.web.filter.OncePerRequestFilter.doFilter(OncePerRequestFilter.java:117)
	at org.springframework.security.web.FilterChainProxy$VirtualFilterChain.doFilter(FilterChainProxy.java:346)
	at org.springframework.security.web.header.HeaderWriterFilter.doHeadersAfter(HeaderWriterFilter.java:90)
	at org.springframework.security.web.header.HeaderWriterFilter.doFilterInternal(HeaderWriterFilter.java:75)
	at org.springframework.web.filter.OncePerRequestFilter.doFilter(OncePerRequestFilter.java:117)
	at org.springframework.security.web.FilterChainProxy$VirtualFilterChain.doFilter(FilterChainProxy.java:346)
	at org.springframework.security.web.context.SecurityContextPersistenceFilter.doFilter(SecurityContextPersistenceFilter.java:112)
	at org.springframework.security.web.context.SecurityContextPersistenceFilter.doFilter(SecurityContextPersistenceFilter.java:82)
	at org.springframework.security.web.FilterChainProxy$VirtualFilterChain.doFilter(FilterChainProxy.java:346)
	at org.springframework.security.web.context.request.async.WebAsyncManagerIntegrationFilter.doFilterInternal(WebAsyncManagerIntegrationFilter.java:55)
	at org.springframework.web.filter.OncePerRequestFilter.doFilter(OncePerRequestFilter.java:117)
	at org.springframework.security.web.FilterChainProxy$VirtualFilterChain.doFilter(FilterChainProxy.java:346)
	at org.springframework.security.web.session.DisableEncodeUrlFilter.doFilterInternal(DisableEncodeUrlFilter.java:42)
	at org.springframework.web.filter.OncePerRequestFilter.doFilter(OncePerRequestFilter.java:117)
	at org.springframework.security.web.FilterChainProxy$VirtualFilterChain.doFilter(FilterChainProxy.java:346)
	at org.springframework.security.web.FilterChainProxy.doFilterInternal(FilterChainProxy.java:221)
	at org.springframework.security.web.FilterChainProxy.doFilter(FilterChainProxy.java:186)
	at org.springframework.web.filter.DelegatingFilterProxy.invokeDelegate(DelegatingFilterProxy.java:354)
	at org.springframework.web.filter.DelegatingFilterProxy.doFilter(DelegatingFilterProxy.java:267)
	at org.apache.catalina.core.ApplicationFilterChain.internalDoFilter(ApplicationFilterChain.java:189)
	at org.apache.catalina.core.ApplicationFilterChain.doFilter(ApplicationFilterChain.java:162)
	at org.springframework.web.filter.RequestContextFilter.doFilterInternal(RequestContextFilter.java:100)
	at org.springframework.web.filter.OncePerRequestFilter.doFilter(OncePerRequestFilter.java:117)
	at org.apache.catalina.core.ApplicationFilterChain.internalDoFilter(ApplicationFilterChain.java:189)
	at org.apache.catalina.core.ApplicationFilterChain.doFilter(ApplicationFilterChain.java:162)
	at org.springframework.web.filter.FormContentFilter.doFilterInternal(FormContentFilter.java:93)
	at org.springframework.web.filter.OncePerRequestFilter.doFilter(OncePerRequestFilter.java:117)
	at org.apache.catalina.core.ApplicationFilterChain.internalDoFilter(ApplicationFilterChain.java:189)
	at org.apache.catalina.core.ApplicationFilterChain.doFilter(ApplicationFilterChain.java:162)
	at org.springframework.web.filter.CharacterEncodingFilter.doFilterInternal(CharacterEncodingFilter.java:201)
	at org.springframework.web.filter.OncePerRequestFilter.doFilter(OncePerRequestFilter.java:117)
	at org.apache.catalina.core.ApplicationFilterChain.internalDoFilter(ApplicationFilterChain.java:189)
	at org.apache.catalina.core.ApplicationFilterChain.doFilter(ApplicationFilterChain.java:162)
	at org.apache.catalina.core.StandardWrapperValve.invoke(StandardWrapperValve.java:177)
	at org.apache.catalina.core.StandardContextValve.invoke(StandardContextValve.java:97)
	at org.apache.catalina.authenticator.AuthenticatorBase.invoke(AuthenticatorBase.java:541)
	at org.apache.catalina.core.StandardHostValve.invoke(StandardHostValve.java:135)
	at org.apache.catalina.valves.ErrorReportValve.invoke(ErrorReportValve.java:92)
	at org.apache.catalina.core.StandardEngineValve.invoke(StandardEngineValve.java:78)
	at org.apache.catalina.connector.CoyoteAdapter.service(CoyoteAdapter.java:360)
	at org.apache.coyote.http11.Http11Processor.service(Http11Processor.java:399)
	at org.apache.coyote.AbstractProcessorLight.process(AbstractProcessorLight.java:65)
	at org.apache.coyote.AbstractProtocol$ConnectionHandler.process(AbstractProtocol.java:891)
	at org.apache.tomcat.util.net.NioEndpoint$SocketProcessor.doRun(NioEndpoint.java:1784)
	at org.apache.tomcat.util.net.SocketProcessorBase.run(SocketProcessorBase.java:49)
	at org.apache.tomcat.util.threads.ThreadPoolExecutor.runWorker(ThreadPoolExecutor.java:1191)
	at org.apache.tomcat.util.threads.ThreadPoolExecutor$Worker.run(ThreadPoolExecutor.java:659)
	at org.apache.tomcat.util.threads.TaskThread$WrappingRunnable.run(TaskThread.java:61)
	at java.base/java.lang.Thread.run(Thread.java:834)
Caused by: org.hibernate.exception.ConstraintViolationException: could not execute statement
	at org.hibernate.exception.internal.SQLStateConversionDelegate.convert(SQLStateConversionDelegate.java:109)
	at org.hibernate.exception.internal.StandardSQLExceptionConverter.convert(StandardSQLExceptionConverter.java:37)
	at org.hibernate.engine.jdbc.spi.SqlExceptionHelper.convert(SqlExceptionHelper.java:113)
	at org.hibernate.engine.jdbc.spi.SqlExceptionHelper.convert(SqlExceptionHelper.java:99)
	at org.hibernate.engine.jdbc.internal.ResultSetReturnImpl.executeUpdate(ResultSetReturnImpl.java:200)
	at org.hibernate.dialect.identity.GetGeneratedKeysDelegate.executeAndExtract(GetGeneratedKeysDelegate.java:58)
	at org.hibernate.id.insert.AbstractReturningDelegate.performInsert(AbstractReturningDelegate.java:43)
	at org.hibernate.persister.entity.AbstractEntityPersister.insert(AbstractEntityPersister.java:3279)
	at org.hibernate.persister.entity.AbstractEntityPersister.insert(AbstractEntityPersister.java:3914)
	at org.hibernate.action.internal.EntityIdentityInsertAction.execute(EntityIdentityInsertAction.java:84)
	at org.hibernate.engine.spi.ActionQueue.execute(ActionQueue.java:645)
	at org.hibernate.engine.spi.ActionQueue.addResolvedEntityInsertAction(ActionQueue.java:282)
	at org.hibernate.engine.spi.ActionQueue.addInsertAction(ActionQueue.java:263)
	at org.hibernate.engine.spi.ActionQueue.addAction(ActionQueue.java:317)
	at org.hibernate.event.internal.AbstractSaveEventListener.addInsertAction(AbstractSaveEventListener.java:329)
	at org.hibernate.event.internal.AbstractSaveEventListener.performSaveOrReplicate(AbstractSaveEventListener.java:286)
	at org.hibernate.event.internal.AbstractSaveEventListener.performSave(AbstractSaveEventListener.java:192)
	at org.hibernate.event.internal.AbstractSaveEventListener.saveWithGeneratedId(AbstractSaveEventListener.java:122)
	at org.hibernate.event.internal.DefaultPersistEventListener.entityIsTransient(DefaultPersistEventListener.java:185)
	at org.hibernate.event.internal.DefaultPersistEventListener.onPersist(DefaultPersistEventListener.java:128)
	at org.hibernate.event.service.internal.EventListenerGroupImpl.fireEventOnEachListener(EventListenerGroupImpl.java:118)
	at org.hibernate.internal.SessionImpl.firePersist(SessionImpl.java:780)
	at org.hibernate.internal.SessionImpl.persist(SessionImpl.java:748)
	at org.hibernate.engine.spi.CascadingActions$7.cascade(CascadingActions.java:298)
	at org.hibernate.engine.internal.Cascade.cascadeToOne(Cascade.java:510)
	at org.hibernate.engine.internal.Cascade.cascadeAssociation(Cascade.java:434)
	at org.hibernate.engine.internal.Cascade.cascadeProperty(Cascade.java:220)
	at org.hibernate.engine.internal.Cascade.cascadeCollectionElements(Cascade.java:543)
	at org.hibernate.engine.internal.Cascade.cascadeCollection(Cascade.java:474)
	at org.hibernate.engine.internal.Cascade.cascadeAssociation(Cascade.java:437)
	at org.hibernate.engine.internal.Cascade.cascadeProperty(Cascade.java:220)
	at org.hibernate.engine.internal.Cascade.cascade(Cascade.java:153)
	at org.hibernate.event.internal.AbstractSaveEventListener.cascadeAfterSave(AbstractSaveEventListener.java:458)
	at org.hibernate.event.internal.AbstractSaveEventListener.performSaveOrReplicate(AbstractSaveEventListener.java:292)
	at org.hibernate.event.internal.AbstractSaveEventListener.performSave(AbstractSaveEventListener.java:192)
	at org.hibernate.event.internal.AbstractSaveEventListener.saveWithGeneratedId(AbstractSaveEventListener.java:122)
	at org.hibernate.event.internal.DefaultPersistEventListener.entityIsTransient(DefaultPersistEventListener.java:185)
	at org.hibernate.event.internal.DefaultPersistEventListener.onPersist(DefaultPersistEventListener.java:128)
	at org.hibernate.event.internal.DefaultPersistEventListener.onPersist(DefaultPersistEventListener.java:55)
	at org.hibernate.event.service.internal.EventListenerGroupImpl.fireEventOnEachListener(EventListenerGroupImpl.java:107)
	at org.hibernate.internal.SessionImpl.firePersist(SessionImpl.java:756)
	at org.hibernate.internal.SessionImpl.persist(SessionImpl.java:742)
	at java.base/jdk.internal.reflect.NativeMethodAccessorImpl.invoke0(Native Method)
	at java.base/jdk.internal.reflect.NativeMethodAccessorImpl.invoke(NativeMethodAccessorImpl.java:62)
	at java.base/jdk.internal.reflect.DelegatingMethodAccessorImpl.invoke(DelegatingMethodAccessorImpl.java:43)
	at java.base/java.lang.reflect.Method.invoke(Method.java:566)
	at org.springframework.orm.jpa.SharedEntityManagerCreator$SharedEntityManagerInvocationHandler.invoke(SharedEntityManagerCreator.java:311)
	at com.sun.proxy.$Proxy129.persist(Unknown Source)
	at org.springframework.data.jpa.repository.support.SimpleJpaRepository.save(SimpleJpaRepository.java:666)
	at java.base/jdk.internal.reflect.NativeMethodAccessorImpl.invoke0(Native Method)
	at java.base/jdk.internal.reflect.NativeMethodAccessorImpl.invoke(NativeMethodAccessorImpl.java:62)
	at java.base/jdk.internal.reflect.DelegatingMethodAccessorImpl.invoke(DelegatingMethodAccessorImpl.java:43)
	at java.base/java.lang.reflect.Method.invoke(Method.java:566)
	at org.springframework.data.repository.core.support.RepositoryMethodInvoker$RepositoryFragmentMethodInvoker.lambda$new$0(RepositoryMethodInvoker.java:289)
	at org.springframework.data.repository.core.support.RepositoryMethodInvoker.doInvoke(RepositoryMethodInvoker.java:137)
	at org.springframework.data.repository.core.support.RepositoryMethodInvoker.invoke(RepositoryMethodInvoker.java:121)
	at org.springframework.data.repository.core.support.RepositoryComposition$RepositoryFragments.invoke(RepositoryComposition.java:530)
	at org.springframework.data.repository.core.support.RepositoryComposition.invoke(RepositoryComposition.java:286)
	at org.springframework.data.repository.core.support.RepositoryFactorySupport$ImplementationMethodExecutionInterceptor.invoke(RepositoryFactorySupport.java:640)
	at org.springframework.aop.framework.ReflectiveMethodInvocation.proceed(ReflectiveMethodInvocation.java:186)
	at org.springframework.data.repository.core.support.QueryExecutorMethodInterceptor.doInvoke(QueryExecutorMethodInterceptor.java:164)
	at org.springframework.data.repository.core.support.QueryExecutorMethodInterceptor.invoke(QueryExecutorMethodInterceptor.java:139)
	at org.springframework.aop.framework.ReflectiveMethodInvocation.proceed(ReflectiveMethodInvocation.java:186)
	at org.springframework.data.projection.DefaultMethodInvokingMethodInterceptor.invoke(DefaultMethodInvokingMethodInterceptor.java:81)
	at org.springframework.aop.framework.ReflectiveMethodInvocation.proceed(ReflectiveMethodInvocation.java:186)
	at org.springframework.transaction.interceptor.TransactionInterceptor$1.proceedWithInvocation(TransactionInterceptor.java:123)
	at org.springframework.transaction.interceptor.TransactionAspectSupport.invokeWithinTransaction(TransactionAspectSupport.java:388)
	at org.springframework.transaction.interceptor.TransactionInterceptor.invoke(TransactionInterceptor.java:119)
	at org.springframework.aop.framework.ReflectiveMethodInvocation.proceed(ReflectiveMethodInvocation.java:186)
	at org.springframework.dao.support.PersistenceExceptionTranslationInterceptor.invoke(PersistenceExceptionTranslationInterceptor.java:137)
	... 116 common frames omitted
Caused by: com.microsoft.sqlserver.jdbc.SQLServerException: The INSERT statement conflicted with the FOREIGN KEY constraint "FK_RatingImage_Rating". The conflict occurred in database "ToiletMap", table "dbo.Rating", column 'Id'.
	at com.microsoft.sqlserver.jdbc.SQLServerException.makeFromDatabaseError(SQLServerException.java:265)
	at com.microsoft.sqlserver.jdbc.SQLServerStatement.getNextResult(SQLServerStatement.java:1676)
	at com.microsoft.sqlserver.jdbc.SQLServerPreparedStatement.doExecutePreparedStatement(SQLServerPreparedStatement.java:615)
	at com.microsoft.sqlserver.jdbc.SQLServerPreparedStatement$PrepStmtExecCmd.doExecute(SQLServerPreparedStatement.java:537)
	at com.microsoft.sqlserver.jdbc.TDSCommand.execute(IOBuffer.java:7664)
	at com.microsoft.sqlserver.jdbc.SQLServerConnection.executeCommand(SQLServerConnection.java:3791)
	at com.microsoft.sqlserver.jdbc.SQLServerStatement.executeCommand(SQLServerStatement.java:268)
	at com.microsoft.sqlserver.jdbc.SQLServerStatement.executeStatement(SQLServerStatement.java:242)
	at com.microsoft.sqlserver.jdbc.SQLServerPreparedStatement.executeUpdate(SQLServerPreparedStatement.java:483)
	at com.zaxxer.hikari.pool.ProxyPreparedStatement.executeUpdate(ProxyPreparedStatement.java:61)
	at com.zaxxer.hikari.pool.HikariProxyPreparedStatement.executeUpdate(HikariProxyPreparedStatement.java)
	at org.hibernate.engine.jdbc.internal.ResultSetReturnImpl.executeUpdate(ResultSetReturnImpl.java:197)
	... 181 common frames omitted
[2023-04-16 20:26:58.177] INFO  [SpringApplicationShutdownHook] [o.s.o.j.LocalContainerEntityManagerFactoryBean] LocalContainerEntityManagerFactoryBean.destroy:651 - Closing JPA EntityManagerFactory for persistence unit 'default'
[2023-04-16 20:26:58.182] INFO  [SpringApplicationShutdownHook] [c.z.h.HikariDataSource] HikariDataSource.close:350 - HikariPool-1 - Shutdown initiated...
[2023-04-16 20:26:58.197] INFO  [SpringApplicationShutdownHook] [c.z.h.HikariDataSource] HikariDataSource.close:352 - HikariPool-1 - Shutdown completed.
[2023-04-16 20:27:08.436] INFO  [main] [c.h.t.ToiletMapBackEndApplication] ToiletMapBackEndApplication.logStarting:55 - Starting ToiletMapBackEndApplication using Java 11.0.16.1 on TienHuynhTN with PID 19316 (F:\FPT\Semester-9-Summer-2023\Capstone-Project\Implementation\toilet-map-back-end\target\classes started by tienhltse151104 in F:\FPT\Semester-9-Summer-2023\Capstone-Project\Implementation\toilet-map-back-end)
[2023-04-16 20:27:08.445] INFO  [main] [c.h.t.ToiletMapBackEndApplication] ToiletMapBackEndApplication.logStartupProfileInfo:637 - The following 2 profiles are active: "default", "prod"
[2023-04-16 20:27:10.001] INFO  [main] [o.s.d.r.c.RepositoryConfigurationDelegate] RepositoryConfigurationDelegate.registerRepositoriesIn:132 - Bootstrapping Spring Data JPA repositories in DEFAULT mode.
[2023-04-16 20:27:10.144] INFO  [main] [o.s.d.r.c.RepositoryConfigurationDelegate] RepositoryConfigurationDelegate.registerRepositoriesIn:201 - Finished Spring Data repository scanning in 132 ms. Found 15 JPA repository interfaces.
[2023-04-16 20:27:10.821] INFO  [main] [o.s.b.w.e.t.TomcatWebServer] TomcatWebServer.initialize:108 - Tomcat initialized with port(s): 8081 (http)
[2023-04-16 20:27:10.823] INFO  [main] [o.a.c.c.AprLifecycleListener] AprLifecycleListener.log:173 - Loaded Apache Tomcat Native library [1.2.35] using APR version [1.7.0].
[2023-04-16 20:27:10.823] INFO  [main] [o.a.c.c.AprLifecycleListener] AprLifecycleListener.log:173 - APR capabilities: IPv6 [true], sendfile [true], accept filters [false], random [true], UDS [true].
[2023-04-16 20:27:10.823] INFO  [main] [o.a.c.c.AprLifecycleListener] AprLifecycleListener.log:173 - APR/OpenSSL configuration: useAprConnector [false], useOpenSSL [true]
[2023-04-16 20:27:10.828] INFO  [main] [o.a.c.c.AprLifecycleListener] AprLifecycleListener.log:173 - OpenSSL successfully initialized [OpenSSL 1.1.1q  5 Jul 2022]
[2023-04-16 20:27:10.839] INFO  [main] [o.a.c.c.StandardService] StandardService.log:173 - Starting service [Tomcat]
[2023-04-16 20:27:10.839] INFO  [main] [o.a.c.c.StandardEngine] StandardEngine.log:173 - Starting Servlet engine: [Apache Tomcat/9.0.71]
[2023-04-16 20:27:10.972] INFO  [main] [o.a.c.c.C.[.[.[/]] [/].log:173 - Initializing Spring embedded WebApplicationContext
[2023-04-16 20:27:10.972] INFO  [main] [o.s.b.w.s.c.ServletWebServerApplicationContext] ServletWebServerApplicationContext.prepareWebApplicationContext:292 - Root WebApplicationContext: initialization completed in 2436 ms
[2023-04-16 20:27:11.528] INFO  [main] [o.h.j.i.u.LogHelper] LogHelper.logPersistenceUnitInformation:31 - HHH000204: Processing PersistenceUnitInfo [name: default]
[2023-04-16 20:27:11.587] INFO  [main] [o.h.Version] Version.logVersion:44 - HHH000412: Hibernate ORM core version 5.6.14.Final
[2023-04-16 20:27:11.753] INFO  [main] [o.h.a.c.Version] Version.<clinit>:56 - HCANN000001: Hibernate Commons Annotations {5.1.2.Final}
[2023-04-16 20:27:11.924] INFO  [main] [c.z.h.HikariDataSource] HikariDataSource.getConnection:110 - HikariPool-1 - Starting...
[2023-04-16 20:27:13.258] INFO  [main] [c.z.h.HikariDataSource] HikariDataSource.getConnection:123 - HikariPool-1 - Start completed.
[2023-04-16 20:27:13.281] INFO  [main] [o.h.d.Dialect] Dialect.<init>:175 - HHH000400: Using dialect: org.hibernate.dialect.SQLServer2012Dialect
[2023-04-16 20:27:14.662] INFO  [main] [o.h.e.t.j.p.i.JtaPlatformInitiator] JtaPlatformInitiator.initiateService:52 - HHH000490: Using JtaPlatform implementation: [org.hibernate.engine.transaction.jta.platform.internal.NoJtaPlatform]
[2023-04-16 20:27:14.673] INFO  [main] [o.s.o.j.LocalContainerEntityManagerFactoryBean] LocalContainerEntityManagerFactoryBean.buildNativeEntityManagerFactory:437 - Initialized JPA EntityManagerFactory for persistence unit 'default'
[2023-04-16 20:27:17.109] INFO  [main] [o.s.s.w.DefaultSecurityFilterChain] DefaultSecurityFilterChain.<init>:55 - Will secure any request with [org.springframework.security.web.session.DisableEncodeUrlFilter@31ecb361, org.springframework.security.web.context.request.async.WebAsyncManagerIntegrationFilter@3d84f113, org.springframework.security.web.context.SecurityContextPersistenceFilter@7fba30fe, org.springframework.security.web.header.HeaderWriterFilter@39c93af6, org.springframework.web.filter.CorsFilter@51d26fed, org.springframework.security.web.authentication.logout.LogoutFilter@7e4bbda4, com.happy3friends.toiletmapbackend.sercurity.TokenAuthenticationFilter@63ede2a0, org.springframework.security.web.savedrequest.RequestCacheAwareFilter@66ce4b4, org.springframework.security.web.servletapi.SecurityContextHolderAwareRequestFilter@67b1c3af, org.springframework.security.web.authentication.AnonymousAuthenticationFilter@6779959d, org.springframework.security.web.session.SessionManagementFilter@7b1b1784, org.springframework.security.web.access.ExceptionTranslationFilter@6c75c5e8, org.springframework.security.web.access.intercept.FilterSecurityInterceptor@66487713]
[2023-04-16 20:27:17.555] INFO  [main] [o.s.b.w.e.t.TomcatWebServer] TomcatWebServer.start:220 - Tomcat started on port(s): 8081 (http) with context path ''
[2023-04-16 20:27:17.577] INFO  [main] [c.h.t.ToiletMapBackEndApplication] ToiletMapBackEndApplication.logStarted:61 - Started ToiletMapBackEndApplication in 10.02 seconds (JVM running for 12.103)
[2023-04-16 20:27:24.379] INFO  [http-nio-8081-exec-1] [o.a.c.c.C.[.[.[/]] [/].log:173 - Initializing Spring DispatcherServlet 'dispatcherServlet'
[2023-04-16 20:27:24.381] INFO  [http-nio-8081-exec-1] [o.s.w.s.DispatcherServlet] DispatcherServlet.initServletBean:525 - Initializing Servlet 'dispatcherServlet'
[2023-04-16 20:27:24.383] INFO  [http-nio-8081-exec-1] [o.s.w.s.DispatcherServlet] DispatcherServlet.initServletBean:547 - Completed initialization in 2 ms
[2023-04-16 20:28:05.764] WARN  [http-nio-8081-exec-1] [o.h.e.j.s.SqlExceptionHelper] SqlExceptionHelper.logExceptions:137 - SQL Error: 547, SQLState: 23000
[2023-04-16 20:28:05.767] ERROR [http-nio-8081-exec-1] [o.h.e.j.s.SqlExceptionHelper] SqlExceptionHelper.logExceptions:142 - The INSERT statement conflicted with the FOREIGN KEY constraint "FK_RatingImage_Rating". The conflict occurred in database "ToiletMap", table "dbo.Rating", column 'Id'.
[2023-04-16 20:28:06.160] ERROR [http-nio-8081-exec-1] [c.h.t.h.GlobalExceptionHandler] GlobalExceptionHandler.handleInternalServerException:31 - An exception occurred: 
org.springframework.dao.DataIntegrityViolationException: could not execute statement; SQL [n/a]; constraint [null]; nested exception is org.hibernate.exception.ConstraintViolationException: could not execute statement
	at org.springframework.orm.jpa.vendor.HibernateJpaDialect.convertHibernateAccessException(HibernateJpaDialect.java:276)
	at org.springframework.orm.jpa.vendor.HibernateJpaDialect.translateExceptionIfPossible(HibernateJpaDialect.java:233)
	at org.springframework.orm.jpa.AbstractEntityManagerFactoryBean.translateExceptionIfPossible(AbstractEntityManagerFactoryBean.java:551)
	at org.springframework.dao.support.ChainedPersistenceExceptionTranslator.translateExceptionIfPossible(ChainedPersistenceExceptionTranslator.java:61)
	at org.springframework.dao.support.DataAccessUtils.translateIfNecessary(DataAccessUtils.java:242)
	at org.springframework.dao.support.PersistenceExceptionTranslationInterceptor.invoke(PersistenceExceptionTranslationInterceptor.java:152)
	at org.springframework.aop.framework.ReflectiveMethodInvocation.proceed(ReflectiveMethodInvocation.java:186)
	at org.springframework.data.jpa.repository.support.CrudMethodMetadataPostProcessor$CrudMethodMetadataPopulatingMethodInterceptor.invoke(CrudMethodMetadataPostProcessor.java:174)
	at org.springframework.aop.framework.ReflectiveMethodInvocation.proceed(ReflectiveMethodInvocation.java:186)
	at org.springframework.aop.interceptor.ExposeInvocationInterceptor.invoke(ExposeInvocationInterceptor.java:97)
	at org.springframework.aop.framework.ReflectiveMethodInvocation.proceed(ReflectiveMethodInvocation.java:186)
	at org.springframework.aop.framework.JdkDynamicAopProxy.invoke(JdkDynamicAopProxy.java:215)
	at com.sun.proxy.$Proxy161.save(Unknown Source)
	at com.happy3friends.toiletmapbackend.service.serviceImpl.RatingServiceImpl.createRating(RatingServiceImpl.java:154)
	at com.happy3friends.toiletmapbackend.controller.RatingController.createRating(RatingController.java:44)
	at com.happy3friends.toiletmapbackend.controller.RatingController$$FastClassBySpringCGLIB$$993b647b.invoke(<generated>)
	at org.springframework.cglib.proxy.MethodProxy.invoke(MethodProxy.java:218)
	at org.springframework.aop.framework.CglibAopProxy$CglibMethodInvocation.invokeJoinpoint(CglibAopProxy.java:793)
	at org.springframework.aop.framework.ReflectiveMethodInvocation.proceed(ReflectiveMethodInvocation.java:163)
	at org.springframework.aop.framework.CglibAopProxy$CglibMethodInvocation.proceed(CglibAopProxy.java:763)
	at org.springframework.security.access.intercept.aopalliance.MethodSecurityInterceptor.invoke(MethodSecurityInterceptor.java:61)
	at org.springframework.aop.framework.ReflectiveMethodInvocation.proceed(ReflectiveMethodInvocation.java:186)
	at org.springframework.aop.framework.CglibAopProxy$CglibMethodInvocation.proceed(CglibAopProxy.java:763)
	at org.springframework.aop.framework.CglibAopProxy$DynamicAdvisedInterceptor.intercept(CglibAopProxy.java:708)
	at com.happy3friends.toiletmapbackend.controller.RatingController$$EnhancerBySpringCGLIB$$719a15e2.createRating(<generated>)
	at java.base/jdk.internal.reflect.NativeMethodAccessorImpl.invoke0(Native Method)
	at java.base/jdk.internal.reflect.NativeMethodAccessorImpl.invoke(NativeMethodAccessorImpl.java:62)
	at java.base/jdk.internal.reflect.DelegatingMethodAccessorImpl.invoke(DelegatingMethodAccessorImpl.java:43)
	at java.base/java.lang.reflect.Method.invoke(Method.java:566)
	at org.springframework.web.method.support.InvocableHandlerMethod.doInvoke(InvocableHandlerMethod.java:205)
	at org.springframework.web.method.support.InvocableHandlerMethod.invokeForRequest(InvocableHandlerMethod.java:150)
	at org.springframework.web.servlet.mvc.method.annotation.ServletInvocableHandlerMethod.invokeAndHandle(ServletInvocableHandlerMethod.java:117)
	at org.springframework.web.servlet.mvc.method.annotation.RequestMappingHandlerAdapter.invokeHandlerMethod(RequestMappingHandlerAdapter.java:895)
	at org.springframework.web.servlet.mvc.method.annotation.RequestMappingHandlerAdapter.handleInternal(RequestMappingHandlerAdapter.java:808)
	at org.springframework.web.servlet.mvc.method.AbstractHandlerMethodAdapter.handle(AbstractHandlerMethodAdapter.java:87)
	at org.springframework.web.servlet.DispatcherServlet.doDispatch(DispatcherServlet.java:1071)
	at org.springframework.web.servlet.DispatcherServlet.doService(DispatcherServlet.java:964)
	at org.springframework.web.servlet.FrameworkServlet.processRequest(FrameworkServlet.java:1006)
	at org.springframework.web.servlet.FrameworkServlet.doPost(FrameworkServlet.java:909)
	at javax.servlet.http.HttpServlet.service(HttpServlet.java:696)
	at org.springframework.web.servlet.FrameworkServlet.service(FrameworkServlet.java:883)
	at javax.servlet.http.HttpServlet.service(HttpServlet.java:779)
	at org.apache.catalina.core.ApplicationFilterChain.internalDoFilter(ApplicationFilterChain.java:227)
	at org.apache.catalina.core.ApplicationFilterChain.doFilter(ApplicationFilterChain.java:162)
	at org.apache.tomcat.websocket.server.WsFilter.doFilter(WsFilter.java:53)
	at org.apache.catalina.core.ApplicationFilterChain.internalDoFilter(ApplicationFilterChain.java:189)
	at org.apache.catalina.core.ApplicationFilterChain.doFilter(ApplicationFilterChain.java:162)
	at org.springframework.web.filter.OncePerRequestFilter.doFilter(OncePerRequestFilter.java:111)
	at org.apache.catalina.core.ApplicationFilterChain.internalDoFilter(ApplicationFilterChain.java:189)
	at org.apache.catalina.core.ApplicationFilterChain.doFilter(ApplicationFilterChain.java:162)
	at org.springframework.security.web.FilterChainProxy$VirtualFilterChain.doFilter(FilterChainProxy.java:337)
	at org.springframework.security.web.access.intercept.FilterSecurityInterceptor.invoke(FilterSecurityInterceptor.java:115)
	at org.springframework.security.web.access.intercept.FilterSecurityInterceptor.doFilter(FilterSecurityInterceptor.java:81)
	at org.springframework.security.web.FilterChainProxy$VirtualFilterChain.doFilter(FilterChainProxy.java:346)
	at org.springframework.security.web.access.ExceptionTranslationFilter.doFilter(ExceptionTranslationFilter.java:122)
	at org.springframework.security.web.access.ExceptionTranslationFilter.doFilter(ExceptionTranslationFilter.java:116)
	at org.springframework.security.web.FilterChainProxy$VirtualFilterChain.doFilter(FilterChainProxy.java:346)
	at org.springframework.security.web.session.SessionManagementFilter.doFilter(SessionManagementFilter.java:126)
	at org.springframework.security.web.session.SessionManagementFilter.doFilter(SessionManagementFilter.java:81)
	at org.springframework.security.web.FilterChainProxy$VirtualFilterChain.doFilter(FilterChainProxy.java:346)
	at org.springframework.security.web.authentication.AnonymousAuthenticationFilter.doFilter(AnonymousAuthenticationFilter.java:109)
	at org.springframework.security.web.FilterChainProxy$VirtualFilterChain.doFilter(FilterChainProxy.java:346)
	at org.springframework.security.web.servletapi.SecurityContextHolderAwareRequestFilter.doFilter(SecurityContextHolderAwareRequestFilter.java:149)
	at org.springframework.security.web.FilterChainProxy$VirtualFilterChain.doFilter(FilterChainProxy.java:346)
	at org.springframework.security.web.savedrequest.RequestCacheAwareFilter.doFilter(RequestCacheAwareFilter.java:63)
	at org.springframework.security.web.FilterChainProxy$VirtualFilterChain.doFilter(FilterChainProxy.java:346)
	at com.happy3friends.toiletmapbackend.sercurity.TokenAuthenticationFilter.doFilterInternal(TokenAuthenticationFilter.java:65)
	at org.springframework.web.filter.OncePerRequestFilter.doFilter(OncePerRequestFilter.java:117)
	at org.springframework.security.web.FilterChainProxy$VirtualFilterChain.doFilter(FilterChainProxy.java:346)
	at org.springframework.security.web.authentication.logout.LogoutFilter.doFilter(LogoutFilter.java:103)
	at org.springframework.security.web.authentication.logout.LogoutFilter.doFilter(LogoutFilter.java:89)
	at org.springframework.security.web.FilterChainProxy$VirtualFilterChain.doFilter(FilterChainProxy.java:346)
	at org.springframework.web.filter.CorsFilter.doFilterInternal(CorsFilter.java:91)
	at org.springframework.web.filter.OncePerRequestFilter.doFilter(OncePerRequestFilter.java:117)
	at org.springframework.security.web.FilterChainProxy$VirtualFilterChain.doFilter(FilterChainProxy.java:346)
	at org.springframework.security.web.header.HeaderWriterFilter.doHeadersAfter(HeaderWriterFilter.java:90)
	at org.springframework.security.web.header.HeaderWriterFilter.doFilterInternal(HeaderWriterFilter.java:75)
	at org.springframework.web.filter.OncePerRequestFilter.doFilter(OncePerRequestFilter.java:117)
	at org.springframework.security.web.FilterChainProxy$VirtualFilterChain.doFilter(FilterChainProxy.java:346)
	at org.springframework.security.web.context.SecurityContextPersistenceFilter.doFilter(SecurityContextPersistenceFilter.java:112)
	at org.springframework.security.web.context.SecurityContextPersistenceFilter.doFilter(SecurityContextPersistenceFilter.java:82)
	at org.springframework.security.web.FilterChainProxy$VirtualFilterChain.doFilter(FilterChainProxy.java:346)
	at org.springframework.security.web.context.request.async.WebAsyncManagerIntegrationFilter.doFilterInternal(WebAsyncManagerIntegrationFilter.java:55)
	at org.springframework.web.filter.OncePerRequestFilter.doFilter(OncePerRequestFilter.java:117)
	at org.springframework.security.web.FilterChainProxy$VirtualFilterChain.doFilter(FilterChainProxy.java:346)
	at org.springframework.security.web.session.DisableEncodeUrlFilter.doFilterInternal(DisableEncodeUrlFilter.java:42)
	at org.springframework.web.filter.OncePerRequestFilter.doFilter(OncePerRequestFilter.java:117)
	at org.springframework.security.web.FilterChainProxy$VirtualFilterChain.doFilter(FilterChainProxy.java:346)
	at org.springframework.security.web.FilterChainProxy.doFilterInternal(FilterChainProxy.java:221)
	at org.springframework.security.web.FilterChainProxy.doFilter(FilterChainProxy.java:186)
	at org.springframework.web.filter.DelegatingFilterProxy.invokeDelegate(DelegatingFilterProxy.java:354)
	at org.springframework.web.filter.DelegatingFilterProxy.doFilter(DelegatingFilterProxy.java:267)
	at org.apache.catalina.core.ApplicationFilterChain.internalDoFilter(ApplicationFilterChain.java:189)
	at org.apache.catalina.core.ApplicationFilterChain.doFilter(ApplicationFilterChain.java:162)
	at org.springframework.web.filter.RequestContextFilter.doFilterInternal(RequestContextFilter.java:100)
	at org.springframework.web.filter.OncePerRequestFilter.doFilter(OncePerRequestFilter.java:117)
	at org.apache.catalina.core.ApplicationFilterChain.internalDoFilter(ApplicationFilterChain.java:189)
	at org.apache.catalina.core.ApplicationFilterChain.doFilter(ApplicationFilterChain.java:162)
	at org.springframework.web.filter.FormContentFilter.doFilterInternal(FormContentFilter.java:93)
	at org.springframework.web.filter.OncePerRequestFilter.doFilter(OncePerRequestFilter.java:117)
	at org.apache.catalina.core.ApplicationFilterChain.internalDoFilter(ApplicationFilterChain.java:189)
	at org.apache.catalina.core.ApplicationFilterChain.doFilter(ApplicationFilterChain.java:162)
	at org.springframework.web.filter.CharacterEncodingFilter.doFilterInternal(CharacterEncodingFilter.java:201)
	at org.springframework.web.filter.OncePerRequestFilter.doFilter(OncePerRequestFilter.java:117)
	at org.apache.catalina.core.ApplicationFilterChain.internalDoFilter(ApplicationFilterChain.java:189)
	at org.apache.catalina.core.ApplicationFilterChain.doFilter(ApplicationFilterChain.java:162)
	at org.apache.catalina.core.StandardWrapperValve.invoke(StandardWrapperValve.java:177)
	at org.apache.catalina.core.StandardContextValve.invoke(StandardContextValve.java:97)
	at org.apache.catalina.authenticator.AuthenticatorBase.invoke(AuthenticatorBase.java:541)
	at org.apache.catalina.core.StandardHostValve.invoke(StandardHostValve.java:135)
	at org.apache.catalina.valves.ErrorReportValve.invoke(ErrorReportValve.java:92)
	at org.apache.catalina.core.StandardEngineValve.invoke(StandardEngineValve.java:78)
	at org.apache.catalina.connector.CoyoteAdapter.service(CoyoteAdapter.java:360)
	at org.apache.coyote.http11.Http11Processor.service(Http11Processor.java:399)
	at org.apache.coyote.AbstractProcessorLight.process(AbstractProcessorLight.java:65)
	at org.apache.coyote.AbstractProtocol$ConnectionHandler.process(AbstractProtocol.java:891)
	at org.apache.tomcat.util.net.NioEndpoint$SocketProcessor.doRun(NioEndpoint.java:1784)
	at org.apache.tomcat.util.net.SocketProcessorBase.run(SocketProcessorBase.java:49)
	at org.apache.tomcat.util.threads.ThreadPoolExecutor.runWorker(ThreadPoolExecutor.java:1191)
	at org.apache.tomcat.util.threads.ThreadPoolExecutor$Worker.run(ThreadPoolExecutor.java:659)
	at org.apache.tomcat.util.threads.TaskThread$WrappingRunnable.run(TaskThread.java:61)
	at java.base/java.lang.Thread.run(Thread.java:834)
Caused by: org.hibernate.exception.ConstraintViolationException: could not execute statement
	at org.hibernate.exception.internal.SQLStateConversionDelegate.convert(SQLStateConversionDelegate.java:109)
	at org.hibernate.exception.internal.StandardSQLExceptionConverter.convert(StandardSQLExceptionConverter.java:37)
	at org.hibernate.engine.jdbc.spi.SqlExceptionHelper.convert(SqlExceptionHelper.java:113)
	at org.hibernate.engine.jdbc.spi.SqlExceptionHelper.convert(SqlExceptionHelper.java:99)
	at org.hibernate.engine.jdbc.internal.ResultSetReturnImpl.executeUpdate(ResultSetReturnImpl.java:200)
	at org.hibernate.dialect.identity.GetGeneratedKeysDelegate.executeAndExtract(GetGeneratedKeysDelegate.java:58)
	at org.hibernate.id.insert.AbstractReturningDelegate.performInsert(AbstractReturningDelegate.java:43)
	at org.hibernate.persister.entity.AbstractEntityPersister.insert(AbstractEntityPersister.java:3279)
	at org.hibernate.persister.entity.AbstractEntityPersister.insert(AbstractEntityPersister.java:3914)
	at org.hibernate.action.internal.EntityIdentityInsertAction.execute(EntityIdentityInsertAction.java:84)
	at org.hibernate.engine.spi.ActionQueue.execute(ActionQueue.java:645)
	at org.hibernate.engine.spi.ActionQueue.addResolvedEntityInsertAction(ActionQueue.java:282)
	at org.hibernate.engine.spi.ActionQueue.addInsertAction(ActionQueue.java:263)
	at org.hibernate.engine.spi.ActionQueue.addAction(ActionQueue.java:317)
	at org.hibernate.event.internal.AbstractSaveEventListener.addInsertAction(AbstractSaveEventListener.java:329)
	at org.hibernate.event.internal.AbstractSaveEventListener.performSaveOrReplicate(AbstractSaveEventListener.java:286)
	at org.hibernate.event.internal.AbstractSaveEventListener.performSave(AbstractSaveEventListener.java:192)
	at org.hibernate.event.internal.AbstractSaveEventListener.saveWithGeneratedId(AbstractSaveEventListener.java:122)
	at org.hibernate.event.internal.DefaultPersistEventListener.entityIsTransient(DefaultPersistEventListener.java:185)
	at org.hibernate.event.internal.DefaultPersistEventListener.onPersist(DefaultPersistEventListener.java:128)
	at org.hibernate.event.service.internal.EventListenerGroupImpl.fireEventOnEachListener(EventListenerGroupImpl.java:118)
	at org.hibernate.internal.SessionImpl.firePersist(SessionImpl.java:780)
	at org.hibernate.internal.SessionImpl.persist(SessionImpl.java:748)
	at org.hibernate.engine.spi.CascadingActions$7.cascade(CascadingActions.java:298)
	at org.hibernate.engine.internal.Cascade.cascadeToOne(Cascade.java:510)
	at org.hibernate.engine.internal.Cascade.cascadeAssociation(Cascade.java:434)
	at org.hibernate.engine.internal.Cascade.cascadeProperty(Cascade.java:220)
	at org.hibernate.engine.internal.Cascade.cascadeCollectionElements(Cascade.java:543)
	at org.hibernate.engine.internal.Cascade.cascadeCollection(Cascade.java:474)
	at org.hibernate.engine.internal.Cascade.cascadeAssociation(Cascade.java:437)
	at org.hibernate.engine.internal.Cascade.cascadeProperty(Cascade.java:220)
	at org.hibernate.engine.internal.Cascade.cascade(Cascade.java:153)
	at org.hibernate.event.internal.AbstractSaveEventListener.cascadeAfterSave(AbstractSaveEventListener.java:458)
	at org.hibernate.event.internal.AbstractSaveEventListener.performSaveOrReplicate(AbstractSaveEventListener.java:292)
	at org.hibernate.event.internal.AbstractSaveEventListener.performSave(AbstractSaveEventListener.java:192)
	at org.hibernate.event.internal.AbstractSaveEventListener.saveWithGeneratedId(AbstractSaveEventListener.java:122)
	at org.hibernate.event.internal.DefaultPersistEventListener.entityIsTransient(DefaultPersistEventListener.java:185)
	at org.hibernate.event.internal.DefaultPersistEventListener.onPersist(DefaultPersistEventListener.java:128)
	at org.hibernate.event.internal.DefaultPersistEventListener.onPersist(DefaultPersistEventListener.java:55)
	at org.hibernate.event.service.internal.EventListenerGroupImpl.fireEventOnEachListener(EventListenerGroupImpl.java:107)
	at org.hibernate.internal.SessionImpl.firePersist(SessionImpl.java:756)
	at org.hibernate.internal.SessionImpl.persist(SessionImpl.java:742)
	at java.base/jdk.internal.reflect.NativeMethodAccessorImpl.invoke0(Native Method)
	at java.base/jdk.internal.reflect.NativeMethodAccessorImpl.invoke(NativeMethodAccessorImpl.java:62)
	at java.base/jdk.internal.reflect.DelegatingMethodAccessorImpl.invoke(DelegatingMethodAccessorImpl.java:43)
	at java.base/java.lang.reflect.Method.invoke(Method.java:566)
	at org.springframework.orm.jpa.SharedEntityManagerCreator$SharedEntityManagerInvocationHandler.invoke(SharedEntityManagerCreator.java:311)
	at com.sun.proxy.$Proxy129.persist(Unknown Source)
	at org.springframework.data.jpa.repository.support.SimpleJpaRepository.save(SimpleJpaRepository.java:666)
	at java.base/jdk.internal.reflect.NativeMethodAccessorImpl.invoke0(Native Method)
	at java.base/jdk.internal.reflect.NativeMethodAccessorImpl.invoke(NativeMethodAccessorImpl.java:62)
	at java.base/jdk.internal.reflect.DelegatingMethodAccessorImpl.invoke(DelegatingMethodAccessorImpl.java:43)
	at java.base/java.lang.reflect.Method.invoke(Method.java:566)
	at org.springframework.data.repository.core.support.RepositoryMethodInvoker$RepositoryFragmentMethodInvoker.lambda$new$0(RepositoryMethodInvoker.java:289)
	at org.springframework.data.repository.core.support.RepositoryMethodInvoker.doInvoke(RepositoryMethodInvoker.java:137)
	at org.springframework.data.repository.core.support.RepositoryMethodInvoker.invoke(RepositoryMethodInvoker.java:121)
	at org.springframework.data.repository.core.support.RepositoryComposition$RepositoryFragments.invoke(RepositoryComposition.java:530)
	at org.springframework.data.repository.core.support.RepositoryComposition.invoke(RepositoryComposition.java:286)
	at org.springframework.data.repository.core.support.RepositoryFactorySupport$ImplementationMethodExecutionInterceptor.invoke(RepositoryFactorySupport.java:640)
	at org.springframework.aop.framework.ReflectiveMethodInvocation.proceed(ReflectiveMethodInvocation.java:186)
	at org.springframework.data.repository.core.support.QueryExecutorMethodInterceptor.doInvoke(QueryExecutorMethodInterceptor.java:164)
	at org.springframework.data.repository.core.support.QueryExecutorMethodInterceptor.invoke(QueryExecutorMethodInterceptor.java:139)
	at org.springframework.aop.framework.ReflectiveMethodInvocation.proceed(ReflectiveMethodInvocation.java:186)
	at org.springframework.data.projection.DefaultMethodInvokingMethodInterceptor.invoke(DefaultMethodInvokingMethodInterceptor.java:81)
	at org.springframework.aop.framework.ReflectiveMethodInvocation.proceed(ReflectiveMethodInvocation.java:186)
	at org.springframework.transaction.interceptor.TransactionInterceptor$1.proceedWithInvocation(TransactionInterceptor.java:123)
	at org.springframework.transaction.interceptor.TransactionAspectSupport.invokeWithinTransaction(TransactionAspectSupport.java:388)
	at org.springframework.transaction.interceptor.TransactionInterceptor.invoke(TransactionInterceptor.java:119)
	at org.springframework.aop.framework.ReflectiveMethodInvocation.proceed(ReflectiveMethodInvocation.java:186)
	at org.springframework.dao.support.PersistenceExceptionTranslationInterceptor.invoke(PersistenceExceptionTranslationInterceptor.java:137)
	... 116 common frames omitted
Caused by: com.microsoft.sqlserver.jdbc.SQLServerException: The INSERT statement conflicted with the FOREIGN KEY constraint "FK_RatingImage_Rating". The conflict occurred in database "ToiletMap", table "dbo.Rating", column 'Id'.
	at com.microsoft.sqlserver.jdbc.SQLServerException.makeFromDatabaseError(SQLServerException.java:265)
	at com.microsoft.sqlserver.jdbc.SQLServerStatement.getNextResult(SQLServerStatement.java:1676)
	at com.microsoft.sqlserver.jdbc.SQLServerPreparedStatement.doExecutePreparedStatement(SQLServerPreparedStatement.java:615)
	at com.microsoft.sqlserver.jdbc.SQLServerPreparedStatement$PrepStmtExecCmd.doExecute(SQLServerPreparedStatement.java:537)
	at com.microsoft.sqlserver.jdbc.TDSCommand.execute(IOBuffer.java:7664)
	at com.microsoft.sqlserver.jdbc.SQLServerConnection.executeCommand(SQLServerConnection.java:3791)
	at com.microsoft.sqlserver.jdbc.SQLServerStatement.executeCommand(SQLServerStatement.java:268)
	at com.microsoft.sqlserver.jdbc.SQLServerStatement.executeStatement(SQLServerStatement.java:242)
	at com.microsoft.sqlserver.jdbc.SQLServerPreparedStatement.executeUpdate(SQLServerPreparedStatement.java:483)
	at com.zaxxer.hikari.pool.ProxyPreparedStatement.executeUpdate(ProxyPreparedStatement.java:61)
	at com.zaxxer.hikari.pool.HikariProxyPreparedStatement.executeUpdate(HikariProxyPreparedStatement.java)
	at org.hibernate.engine.jdbc.internal.ResultSetReturnImpl.executeUpdate(ResultSetReturnImpl.java:197)
	... 181 common frames omitted
[2023-04-16 20:31:54.954] INFO  [SpringApplicationShutdownHook] [o.s.o.j.LocalContainerEntityManagerFactoryBean] LocalContainerEntityManagerFactoryBean.destroy:651 - Closing JPA EntityManagerFactory for persistence unit 'default'
[2023-04-16 20:31:54.957] INFO  [SpringApplicationShutdownHook] [c.z.h.HikariDataSource] HikariDataSource.close:350 - HikariPool-1 - Shutdown initiated...
[2023-04-16 20:31:54.971] INFO  [SpringApplicationShutdownHook] [c.z.h.HikariDataSource] HikariDataSource.close:352 - HikariPool-1 - Shutdown completed.
[2023-04-16 20:32:05.315] INFO  [main] [c.h.t.ToiletMapBackEndApplication] ToiletMapBackEndApplication.logStarting:55 - Starting ToiletMapBackEndApplication using Java 11.0.16.1 on TienHuynhTN with PID 22236 (F:\FPT\Semester-9-Summer-2023\Capstone-Project\Implementation\toilet-map-back-end\target\classes started by tienhltse151104 in F:\FPT\Semester-9-Summer-2023\Capstone-Project\Implementation\toilet-map-back-end)
[2023-04-16 20:32:05.322] INFO  [main] [c.h.t.ToiletMapBackEndApplication] ToiletMapBackEndApplication.logStartupProfileInfo:637 - The following 2 profiles are active: "default", "prod"
[2023-04-16 20:32:07.054] INFO  [main] [o.s.d.r.c.RepositoryConfigurationDelegate] RepositoryConfigurationDelegate.registerRepositoriesIn:132 - Bootstrapping Spring Data JPA repositories in DEFAULT mode.
[2023-04-16 20:32:07.274] INFO  [main] [o.s.d.r.c.RepositoryConfigurationDelegate] RepositoryConfigurationDelegate.registerRepositoriesIn:201 - Finished Spring Data repository scanning in 207 ms. Found 15 JPA repository interfaces.
[2023-04-16 20:32:08.064] INFO  [main] [o.s.b.w.e.t.TomcatWebServer] TomcatWebServer.initialize:108 - Tomcat initialized with port(s): 8081 (http)
[2023-04-16 20:32:08.065] INFO  [main] [o.a.c.c.AprLifecycleListener] AprLifecycleListener.log:173 - Loaded Apache Tomcat Native library [1.2.35] using APR version [1.7.0].
[2023-04-16 20:32:08.067] INFO  [main] [o.a.c.c.AprLifecycleListener] AprLifecycleListener.log:173 - APR capabilities: IPv6 [true], sendfile [true], accept filters [false], random [true], UDS [true].
[2023-04-16 20:32:08.067] INFO  [main] [o.a.c.c.AprLifecycleListener] AprLifecycleListener.log:173 - APR/OpenSSL configuration: useAprConnector [false], useOpenSSL [true]
[2023-04-16 20:32:08.070] INFO  [main] [o.a.c.c.AprLifecycleListener] AprLifecycleListener.log:173 - OpenSSL successfully initialized [OpenSSL 1.1.1q  5 Jul 2022]
[2023-04-16 20:32:08.079] INFO  [main] [o.a.c.c.StandardService] StandardService.log:173 - Starting service [Tomcat]
[2023-04-16 20:32:08.079] INFO  [main] [o.a.c.c.StandardEngine] StandardEngine.log:173 - Starting Servlet engine: [Apache Tomcat/9.0.71]
[2023-04-16 20:32:08.205] INFO  [main] [o.a.c.c.C.[.[.[/]] [/].log:173 - Initializing Spring embedded WebApplicationContext
[2023-04-16 20:32:08.206] INFO  [main] [o.s.b.w.s.c.ServletWebServerApplicationContext] ServletWebServerApplicationContext.prepareWebApplicationContext:292 - Root WebApplicationContext: initialization completed in 2766 ms
[2023-04-16 20:32:08.746] INFO  [main] [o.h.j.i.u.LogHelper] LogHelper.logPersistenceUnitInformation:31 - HHH000204: Processing PersistenceUnitInfo [name: default]
[2023-04-16 20:32:08.817] INFO  [main] [o.h.Version] Version.logVersion:44 - HHH000412: Hibernate ORM core version 5.6.14.Final
[2023-04-16 20:32:09.006] INFO  [main] [o.h.a.c.Version] Version.<clinit>:56 - HCANN000001: Hibernate Commons Annotations {5.1.2.Final}
[2023-04-16 20:32:09.158] INFO  [main] [c.z.h.HikariDataSource] HikariDataSource.getConnection:110 - HikariPool-1 - Starting...
[2023-04-16 20:32:11.385] INFO  [main] [c.z.h.HikariDataSource] HikariDataSource.getConnection:123 - HikariPool-1 - Start completed.
[2023-04-16 20:32:11.406] INFO  [main] [o.h.d.Dialect] Dialect.<init>:175 - HHH000400: Using dialect: org.hibernate.dialect.SQLServer2012Dialect
[2023-04-16 20:32:13.270] INFO  [main] [o.h.e.t.j.p.i.JtaPlatformInitiator] JtaPlatformInitiator.initiateService:52 - HHH000490: Using JtaPlatform implementation: [org.hibernate.engine.transaction.jta.platform.internal.NoJtaPlatform]
[2023-04-16 20:32:13.282] INFO  [main] [o.s.o.j.LocalContainerEntityManagerFactoryBean] LocalContainerEntityManagerFactoryBean.buildNativeEntityManagerFactory:437 - Initialized JPA EntityManagerFactory for persistence unit 'default'
[2023-04-16 20:32:15.816] INFO  [main] [o.s.s.w.DefaultSecurityFilterChain] DefaultSecurityFilterChain.<init>:55 - Will secure any request with [org.springframework.security.web.session.DisableEncodeUrlFilter@726d0482, org.springframework.security.web.context.request.async.WebAsyncManagerIntegrationFilter@15ab0461, org.springframework.security.web.context.SecurityContextPersistenceFilter@20724c21, org.springframework.security.web.header.HeaderWriterFilter@7d7888a5, org.springframework.web.filter.CorsFilter@2f403d0a, org.springframework.security.web.authentication.logout.LogoutFilter@761ea1f5, com.happy3friends.toiletmapbackend.sercurity.TokenAuthenticationFilter@347c5721, org.springframework.security.web.savedrequest.RequestCacheAwareFilter@eb66b47, org.springframework.security.web.servletapi.SecurityContextHolderAwareRequestFilter@6edb093f, org.springframework.security.web.authentication.AnonymousAuthenticationFilter@186fc6e, org.springframework.security.web.session.SessionManagementFilter@4accc3de, org.springframework.security.web.access.ExceptionTranslationFilter@7ffb0bb4, org.springframework.security.web.access.intercept.FilterSecurityInterceptor@78d49939]
[2023-04-16 20:32:16.208] INFO  [main] [o.s.b.w.e.t.TomcatWebServer] TomcatWebServer.start:220 - Tomcat started on port(s): 8081 (http) with context path ''
[2023-04-16 20:32:16.223] INFO  [main] [c.h.t.ToiletMapBackEndApplication] ToiletMapBackEndApplication.logStarted:61 - Started ToiletMapBackEndApplication in 12.002 seconds (JVM running for 14.925)
[2023-04-16 20:32:57.024] INFO  [http-nio-8081-exec-2] [o.a.c.c.C.[.[.[/]] [/].log:173 - Initializing Spring DispatcherServlet 'dispatcherServlet'
[2023-04-16 20:32:57.025] INFO  [http-nio-8081-exec-2] [o.s.w.s.DispatcherServlet] DispatcherServlet.initServletBean:525 - Initializing Servlet 'dispatcherServlet'
[2023-04-16 20:32:57.027] INFO  [http-nio-8081-exec-2] [o.s.w.s.DispatcherServlet] DispatcherServlet.initServletBean:547 - Completed initialization in 2 ms
[2023-04-16 20:34:12.898] INFO  [SpringApplicationShutdownHook] [o.s.o.j.LocalContainerEntityManagerFactoryBean] LocalContainerEntityManagerFactoryBean.destroy:651 - Closing JPA EntityManagerFactory for persistence unit 'default'
[2023-04-16 20:34:12.902] INFO  [SpringApplicationShutdownHook] [c.z.h.HikariDataSource] HikariDataSource.close:350 - HikariPool-1 - Shutdown initiated...
[2023-04-16 20:34:12.917] INFO  [SpringApplicationShutdownHook] [c.z.h.HikariDataSource] HikariDataSource.close:352 - HikariPool-1 - Shutdown completed.
[2023-04-16 20:34:18.535] INFO  [main] [c.h.t.ToiletMapBackEndApplication] ToiletMapBackEndApplication.logStarting:55 - Starting ToiletMapBackEndApplication using Java 11.0.16.1 on TienHuynhTN with PID 28236 (F:\FPT\Semester-9-Summer-2023\Capstone-Project\Implementation\toilet-map-back-end\target\classes started by tienhltse151104 in F:\FPT\Semester-9-Summer-2023\Capstone-Project\Implementation\toilet-map-back-end)
[2023-04-16 20:34:18.540] INFO  [main] [c.h.t.ToiletMapBackEndApplication] ToiletMapBackEndApplication.logStartupProfileInfo:637 - The following 2 profiles are active: "default", "prod"
[2023-04-16 20:34:19.772] INFO  [main] [o.s.d.r.c.RepositoryConfigurationDelegate] RepositoryConfigurationDelegate.registerRepositoriesIn:132 - Bootstrapping Spring Data JPA repositories in DEFAULT mode.
[2023-04-16 20:34:19.914] INFO  [main] [o.s.d.r.c.RepositoryConfigurationDelegate] RepositoryConfigurationDelegate.registerRepositoriesIn:201 - Finished Spring Data repository scanning in 130 ms. Found 15 JPA repository interfaces.
[2023-04-16 20:34:20.851] INFO  [main] [o.s.b.w.e.t.TomcatWebServer] TomcatWebServer.initialize:108 - Tomcat initialized with port(s): 8081 (http)
[2023-04-16 20:34:20.853] INFO  [main] [o.a.c.c.AprLifecycleListener] AprLifecycleListener.log:173 - Loaded Apache Tomcat Native library [1.2.35] using APR version [1.7.0].
[2023-04-16 20:34:20.854] INFO  [main] [o.a.c.c.AprLifecycleListener] AprLifecycleListener.log:173 - APR capabilities: IPv6 [true], sendfile [true], accept filters [false], random [true], UDS [true].
[2023-04-16 20:34:20.854] INFO  [main] [o.a.c.c.AprLifecycleListener] AprLifecycleListener.log:173 - APR/OpenSSL configuration: useAprConnector [false], useOpenSSL [true]
[2023-04-16 20:34:20.859] INFO  [main] [o.a.c.c.AprLifecycleListener] AprLifecycleListener.log:173 - OpenSSL successfully initialized [OpenSSL 1.1.1q  5 Jul 2022]
[2023-04-16 20:34:20.870] INFO  [main] [o.a.c.c.StandardService] StandardService.log:173 - Starting service [Tomcat]
[2023-04-16 20:34:20.871] INFO  [main] [o.a.c.c.StandardEngine] StandardEngine.log:173 - Starting Servlet engine: [Apache Tomcat/9.0.71]
[2023-04-16 20:34:21.063] INFO  [main] [o.a.c.c.C.[.[.[/]] [/].log:173 - Initializing Spring embedded WebApplicationContext
[2023-04-16 20:34:21.064] INFO  [main] [o.s.b.w.s.c.ServletWebServerApplicationContext] ServletWebServerApplicationContext.prepareWebApplicationContext:292 - Root WebApplicationContext: initialization completed in 2463 ms
[2023-04-16 20:34:21.634] INFO  [main] [o.h.j.i.u.LogHelper] LogHelper.logPersistenceUnitInformation:31 - HHH000204: Processing PersistenceUnitInfo [name: default]
[2023-04-16 20:34:21.699] INFO  [main] [o.h.Version] Version.logVersion:44 - HHH000412: Hibernate ORM core version 5.6.14.Final
[2023-04-16 20:34:21.891] INFO  [main] [o.h.a.c.Version] Version.<clinit>:56 - HCANN000001: Hibernate Commons Annotations {5.1.2.Final}
[2023-04-16 20:34:22.019] INFO  [main] [c.z.h.HikariDataSource] HikariDataSource.getConnection:110 - HikariPool-1 - Starting...
[2023-04-16 20:34:22.999] INFO  [main] [c.z.h.HikariDataSource] HikariDataSource.getConnection:123 - HikariPool-1 - Start completed.
[2023-04-16 20:34:23.018] INFO  [main] [o.h.d.Dialect] Dialect.<init>:175 - HHH000400: Using dialect: org.hibernate.dialect.SQLServer2012Dialect
[2023-04-16 20:34:24.210] INFO  [main] [o.h.e.t.j.p.i.JtaPlatformInitiator] JtaPlatformInitiator.initiateService:52 - HHH000490: Using JtaPlatform implementation: [org.hibernate.engine.transaction.jta.platform.internal.NoJtaPlatform]
[2023-04-16 20:34:24.223] INFO  [main] [o.s.o.j.LocalContainerEntityManagerFactoryBean] LocalContainerEntityManagerFactoryBean.buildNativeEntityManagerFactory:437 - Initialized JPA EntityManagerFactory for persistence unit 'default'
[2023-04-16 20:34:26.539] INFO  [main] [o.s.s.w.DefaultSecurityFilterChain] DefaultSecurityFilterChain.<init>:55 - Will secure any request with [org.springframework.security.web.session.DisableEncodeUrlFilter@39e91bda, org.springframework.security.web.context.request.async.WebAsyncManagerIntegrationFilter@2c3f81ef, org.springframework.security.web.context.SecurityContextPersistenceFilter@20724c21, org.springframework.security.web.header.HeaderWriterFilter@7d7888a5, org.springframework.web.filter.CorsFilter@374013e8, org.springframework.security.web.authentication.logout.LogoutFilter@761ea1f5, com.happy3friends.toiletmapbackend.sercurity.TokenAuthenticationFilter@e581302, org.springframework.security.web.savedrequest.RequestCacheAwareFilter@eb66b47, org.springframework.security.web.servletapi.SecurityContextHolderAwareRequestFilter@6edb093f, org.springframework.security.web.authentication.AnonymousAuthenticationFilter@712dd0b0, org.springframework.security.web.session.SessionManagementFilter@4accc3de, org.springframework.security.web.access.ExceptionTranslationFilter@7ffb0bb4, org.springframework.security.web.access.intercept.FilterSecurityInterceptor@42a198dd]
[2023-04-16 20:34:26.939] INFO  [main] [o.s.b.w.e.t.TomcatWebServer] TomcatWebServer.start:220 - Tomcat started on port(s): 8081 (http) with context path ''
[2023-04-16 20:34:26.953] INFO  [main] [c.h.t.ToiletMapBackEndApplication] ToiletMapBackEndApplication.logStarted:61 - Started ToiletMapBackEndApplication in 9.145 seconds (JVM running for 10.611)
[2023-04-16 20:34:45.220] INFO  [http-nio-8081-exec-1] [o.a.c.c.C.[.[.[/]] [/].log:173 - Initializing Spring DispatcherServlet 'dispatcherServlet'
[2023-04-16 20:34:45.221] INFO  [http-nio-8081-exec-1] [o.s.w.s.DispatcherServlet] DispatcherServlet.initServletBean:525 - Initializing Servlet 'dispatcherServlet'
[2023-04-16 20:34:45.224] INFO  [http-nio-8081-exec-1] [o.s.w.s.DispatcherServlet] DispatcherServlet.initServletBean:547 - Completed initialization in 2 ms
[2023-04-16 20:34:46.356] INFO  [http-nio-8081-exec-1] [c.h.t.s.s.RatingServiceImpl] RatingServiceImpl.createRating:143 - -- Create Rating - Start save Rating Entity! --
[2023-04-16 20:34:46.648] INFO  [http-nio-8081-exec-1] [c.h.t.s.s.RatingServiceImpl] RatingServiceImpl.createRating:149 - -- Create Rating - Finish save Rating Entity! --
[2023-04-16 20:34:46.650] INFO  [http-nio-8081-exec-1] [c.h.t.s.s.RatingServiceImpl] RatingServiceImpl.createRating:152 - -- Create Rating - Start save List Rating Image Entity! --
[2023-04-16 20:34:46.927] INFO  [http-nio-8081-exec-1] [c.h.t.s.s.RatingServiceImpl] RatingServiceImpl.createRating:163 - -- Create Rating - Finish save List Rating Image Entity! --
[2023-04-16 20:38:31.731] INFO  [SpringApplicationShutdownHook] [o.s.o.j.LocalContainerEntityManagerFactoryBean] LocalContainerEntityManagerFactoryBean.destroy:651 - Closing JPA EntityManagerFactory for persistence unit 'default'
[2023-04-16 20:38:31.734] INFO  [SpringApplicationShutdownHook] [c.z.h.HikariDataSource] HikariDataSource.close:350 - HikariPool-1 - Shutdown initiated...
[2023-04-16 20:38:31.747] INFO  [SpringApplicationShutdownHook] [c.z.h.HikariDataSource] HikariDataSource.close:352 - HikariPool-1 - Shutdown completed.
[2023-04-16 20:38:43.695] INFO  [main] [c.h.t.ToiletMapBackEndApplication] ToiletMapBackEndApplication.logStarting:55 - Starting ToiletMapBackEndApplication using Java 11.0.16.1 on TienHuynhTN with PID 26024 (F:\FPT\Semester-9-Summer-2023\Capstone-Project\Implementation\toilet-map-back-end\target\classes started by tienhltse151104 in F:\FPT\Semester-9-Summer-2023\Capstone-Project\Implementation\toilet-map-back-end)
[2023-04-16 20:38:43.702] INFO  [main] [c.h.t.ToiletMapBackEndApplication] ToiletMapBackEndApplication.logStartupProfileInfo:637 - The following 2 profiles are active: "default", "prod"
[2023-04-16 20:38:45.741] INFO  [main] [o.s.d.r.c.RepositoryConfigurationDelegate] RepositoryConfigurationDelegate.registerRepositoriesIn:132 - Bootstrapping Spring Data JPA repositories in DEFAULT mode.
[2023-04-16 20:38:45.980] INFO  [main] [o.s.d.r.c.RepositoryConfigurationDelegate] RepositoryConfigurationDelegate.registerRepositoriesIn:201 - Finished Spring Data repository scanning in 220 ms. Found 15 JPA repository interfaces.
[2023-04-16 20:38:47.134] INFO  [main] [o.s.b.w.e.t.TomcatWebServer] TomcatWebServer.initialize:108 - Tomcat initialized with port(s): 8081 (http)
[2023-04-16 20:38:47.135] INFO  [main] [o.a.c.c.AprLifecycleListener] AprLifecycleListener.log:173 - Loaded Apache Tomcat Native library [1.2.35] using APR version [1.7.0].
[2023-04-16 20:38:47.135] INFO  [main] [o.a.c.c.AprLifecycleListener] AprLifecycleListener.log:173 - APR capabilities: IPv6 [true], sendfile [true], accept filters [false], random [true], UDS [true].
[2023-04-16 20:38:47.135] INFO  [main] [o.a.c.c.AprLifecycleListener] AprLifecycleListener.log:173 - APR/OpenSSL configuration: useAprConnector [false], useOpenSSL [true]
[2023-04-16 20:38:47.141] INFO  [main] [o.a.c.c.AprLifecycleListener] AprLifecycleListener.log:173 - OpenSSL successfully initialized [OpenSSL 1.1.1q  5 Jul 2022]
[2023-04-16 20:38:47.157] INFO  [main] [o.a.c.c.StandardService] StandardService.log:173 - Starting service [Tomcat]
[2023-04-16 20:38:47.158] INFO  [main] [o.a.c.c.StandardEngine] StandardEngine.log:173 - Starting Servlet engine: [Apache Tomcat/9.0.71]
[2023-04-16 20:38:47.351] INFO  [main] [o.a.c.c.C.[.[.[/]] [/].log:173 - Initializing Spring embedded WebApplicationContext
[2023-04-16 20:38:47.352] INFO  [main] [o.s.b.w.s.c.ServletWebServerApplicationContext] ServletWebServerApplicationContext.prepareWebApplicationContext:292 - Root WebApplicationContext: initialization completed in 3561 ms
[2023-04-16 20:38:48.044] INFO  [main] [o.h.j.i.u.LogHelper] LogHelper.logPersistenceUnitInformation:31 - HHH000204: Processing PersistenceUnitInfo [name: default]
[2023-04-16 20:38:48.144] INFO  [main] [o.h.Version] Version.logVersion:44 - HHH000412: Hibernate ORM core version 5.6.14.Final
[2023-04-16 20:38:48.425] INFO  [main] [o.h.a.c.Version] Version.<clinit>:56 - HCANN000001: Hibernate Commons Annotations {5.1.2.Final}
[2023-04-16 20:38:48.601] INFO  [main] [c.z.h.HikariDataSource] HikariDataSource.getConnection:110 - HikariPool-1 - Starting...
[2023-04-16 20:38:49.565] INFO  [main] [c.z.h.HikariDataSource] HikariDataSource.getConnection:123 - HikariPool-1 - Start completed.
[2023-04-16 20:38:49.596] INFO  [main] [o.h.d.Dialect] Dialect.<init>:175 - HHH000400: Using dialect: org.hibernate.dialect.SQLServer2012Dialect
[2023-04-16 20:38:51.283] INFO  [main] [o.h.e.t.j.p.i.JtaPlatformInitiator] JtaPlatformInitiator.initiateService:52 - HHH000490: Using JtaPlatform implementation: [org.hibernate.engine.transaction.jta.platform.internal.NoJtaPlatform]
[2023-04-16 20:38:51.297] INFO  [main] [o.s.o.j.LocalContainerEntityManagerFactoryBean] LocalContainerEntityManagerFactoryBean.buildNativeEntityManagerFactory:437 - Initialized JPA EntityManagerFactory for persistence unit 'default'
[2023-04-16 20:38:54.123] INFO  [main] [o.s.s.w.DefaultSecurityFilterChain] DefaultSecurityFilterChain.<init>:55 - Will secure any request with [org.springframework.security.web.session.DisableEncodeUrlFilter@2f403d0a, org.springframework.security.web.context.request.async.WebAsyncManagerIntegrationFilter@186fc6e, org.springframework.security.web.context.SecurityContextPersistenceFilter@4f0f56f5, org.springframework.security.web.header.HeaderWriterFilter@11e75942, org.springframework.web.filter.CorsFilter@1bd5b1c8, org.springframework.security.web.authentication.logout.LogoutFilter@69cc3370, com.happy3friends.toiletmapbackend.sercurity.TokenAuthenticationFilter@7a6e0f3c, org.springframework.security.web.savedrequest.RequestCacheAwareFilter@7f5c4ff8, org.springframework.security.web.servletapi.SecurityContextHolderAwareRequestFilter@1d9cac6e, org.springframework.security.web.authentication.AnonymousAuthenticationFilter@569026df, org.springframework.security.web.session.SessionManagementFilter@4a6d6308, org.springframework.security.web.access.ExceptionTranslationFilter@c0cb9c2, org.springframework.security.web.access.intercept.FilterSecurityInterceptor@2e2a2b07]
[2023-04-16 20:38:54.587] INFO  [main] [o.s.b.w.e.t.TomcatWebServer] TomcatWebServer.start:220 - Tomcat started on port(s): 8081 (http) with context path ''
[2023-04-16 20:38:54.603] INFO  [main] [c.h.t.ToiletMapBackEndApplication] ToiletMapBackEndApplication.logStarted:61 - Started ToiletMapBackEndApplication in 11.941 seconds (JVM running for 14.084)
[2023-04-16 20:39:09.278] INFO  [http-nio-8081-exec-2] [o.a.c.c.C.[.[.[/]] [/].log:173 - Initializing Spring DispatcherServlet 'dispatcherServlet'
[2023-04-16 20:39:09.280] INFO  [http-nio-8081-exec-2] [o.s.w.s.DispatcherServlet] DispatcherServlet.initServletBean:525 - Initializing Servlet 'dispatcherServlet'
[2023-04-16 20:39:09.282] INFO  [http-nio-8081-exec-2] [o.s.w.s.DispatcherServlet] DispatcherServlet.initServletBean:547 - Completed initialization in 2 ms
[2023-04-16 20:39:11.154] INFO  [http-nio-8081-exec-8] [o.s.a.AbstractOpenApiResource] AbstractOpenApiResource.getOpenApi:398 - Init duration for springdoc-openapi is: 763 ms
[2023-04-16 20:40:06.351] INFO  [http-nio-8081-exec-9] [c.h.t.s.s.RatingServiceImpl] RatingServiceImpl.createRating:143 - -- Create Rating - Start save Rating Entity! --
[2023-04-16 20:40:06.645] INFO  [http-nio-8081-exec-9] [c.h.t.s.s.RatingServiceImpl] RatingServiceImpl.createRating:149 - -- Create Rating - Finish save Rating Entity! --
[2023-04-16 20:40:06.646] INFO  [http-nio-8081-exec-9] [c.h.t.s.s.RatingServiceImpl] RatingServiceImpl.createRating:153 - -- Create Rating - Start save List Rating Image Entity! --
[2023-04-16 20:40:06.849] INFO  [http-nio-8081-exec-9] [c.h.t.s.s.RatingServiceImpl] RatingServiceImpl.createRating:164 - -- Create Rating - Finish save List Rating Image Entity! --
[2023-04-16 20:41:51.559] INFO  [http-nio-8081-exec-5] [c.h.t.s.s.RatingServiceImpl] RatingServiceImpl.createRating:143 - -- Create Rating - Start save Rating Entity! --
[2023-04-16 20:41:51.748] INFO  [http-nio-8081-exec-5] [c.h.t.s.s.RatingServiceImpl] RatingServiceImpl.createRating:149 - -- Create Rating - Finish save Rating Entity! --
[2023-04-16 20:41:51.757] ERROR [http-nio-8081-exec-5] [c.h.t.h.GlobalExceptionHandler] GlobalExceptionHandler.handleInternalServerException:31 - An exception occurred: 
java.lang.NullPointerException: null
	at com.happy3friends.toiletmapbackend.service.serviceImpl.RatingServiceImpl.createRating(RatingServiceImpl.java:152)
	at com.happy3friends.toiletmapbackend.controller.RatingController.createRating(RatingController.java:65)
	at com.happy3friends.toiletmapbackend.controller.RatingController$$FastClassBySpringCGLIB$$993b647b.invoke(<generated>)
	at org.springframework.cglib.proxy.MethodProxy.invoke(MethodProxy.java:218)
	at org.springframework.aop.framework.CglibAopProxy$CglibMethodInvocation.invokeJoinpoint(CglibAopProxy.java:793)
	at org.springframework.aop.framework.ReflectiveMethodInvocation.proceed(ReflectiveMethodInvocation.java:163)
	at org.springframework.aop.framework.CglibAopProxy$CglibMethodInvocation.proceed(CglibAopProxy.java:763)
	at org.springframework.security.access.intercept.aopalliance.MethodSecurityInterceptor.invoke(MethodSecurityInterceptor.java:61)
	at org.springframework.aop.framework.ReflectiveMethodInvocation.proceed(ReflectiveMethodInvocation.java:186)
	at org.springframework.aop.framework.CglibAopProxy$CglibMethodInvocation.proceed(CglibAopProxy.java:763)
	at org.springframework.aop.framework.CglibAopProxy$DynamicAdvisedInterceptor.intercept(CglibAopProxy.java:708)
	at com.happy3friends.toiletmapbackend.controller.RatingController$$EnhancerBySpringCGLIB$$64716e24.createRating(<generated>)
	at java.base/jdk.internal.reflect.NativeMethodAccessorImpl.invoke0(Native Method)
	at java.base/jdk.internal.reflect.NativeMethodAccessorImpl.invoke(NativeMethodAccessorImpl.java:62)
	at java.base/jdk.internal.reflect.DelegatingMethodAccessorImpl.invoke(DelegatingMethodAccessorImpl.java:43)
	at java.base/java.lang.reflect.Method.invoke(Method.java:566)
	at org.springframework.web.method.support.InvocableHandlerMethod.doInvoke(InvocableHandlerMethod.java:205)
	at org.springframework.web.method.support.InvocableHandlerMethod.invokeForRequest(InvocableHandlerMethod.java:150)
	at org.springframework.web.servlet.mvc.method.annotation.ServletInvocableHandlerMethod.invokeAndHandle(ServletInvocableHandlerMethod.java:117)
	at org.springframework.web.servlet.mvc.method.annotation.RequestMappingHandlerAdapter.invokeHandlerMethod(RequestMappingHandlerAdapter.java:895)
	at org.springframework.web.servlet.mvc.method.annotation.RequestMappingHandlerAdapter.handleInternal(RequestMappingHandlerAdapter.java:808)
	at org.springframework.web.servlet.mvc.method.AbstractHandlerMethodAdapter.handle(AbstractHandlerMethodAdapter.java:87)
	at org.springframework.web.servlet.DispatcherServlet.doDispatch(DispatcherServlet.java:1071)
	at org.springframework.web.servlet.DispatcherServlet.doService(DispatcherServlet.java:964)
	at org.springframework.web.servlet.FrameworkServlet.processRequest(FrameworkServlet.java:1006)
	at org.springframework.web.servlet.FrameworkServlet.doPost(FrameworkServlet.java:909)
	at javax.servlet.http.HttpServlet.service(HttpServlet.java:696)
	at org.springframework.web.servlet.FrameworkServlet.service(FrameworkServlet.java:883)
	at javax.servlet.http.HttpServlet.service(HttpServlet.java:779)
	at org.apache.catalina.core.ApplicationFilterChain.internalDoFilter(ApplicationFilterChain.java:227)
	at org.apache.catalina.core.ApplicationFilterChain.doFilter(ApplicationFilterChain.java:162)
	at org.apache.tomcat.websocket.server.WsFilter.doFilter(WsFilter.java:53)
	at org.apache.catalina.core.ApplicationFilterChain.internalDoFilter(ApplicationFilterChain.java:189)
	at org.apache.catalina.core.ApplicationFilterChain.doFilter(ApplicationFilterChain.java:162)
	at org.springframework.web.filter.OncePerRequestFilter.doFilter(OncePerRequestFilter.java:111)
	at org.apache.catalina.core.ApplicationFilterChain.internalDoFilter(ApplicationFilterChain.java:189)
	at org.apache.catalina.core.ApplicationFilterChain.doFilter(ApplicationFilterChain.java:162)
	at org.springframework.security.web.FilterChainProxy$VirtualFilterChain.doFilter(FilterChainProxy.java:337)
	at org.springframework.security.web.access.intercept.FilterSecurityInterceptor.invoke(FilterSecurityInterceptor.java:115)
	at org.springframework.security.web.access.intercept.FilterSecurityInterceptor.doFilter(FilterSecurityInterceptor.java:81)
	at org.springframework.security.web.FilterChainProxy$VirtualFilterChain.doFilter(FilterChainProxy.java:346)
	at org.springframework.security.web.access.ExceptionTranslationFilter.doFilter(ExceptionTranslationFilter.java:122)
	at org.springframework.security.web.access.ExceptionTranslationFilter.doFilter(ExceptionTranslationFilter.java:116)
	at org.springframework.security.web.FilterChainProxy$VirtualFilterChain.doFilter(FilterChainProxy.java:346)
	at org.springframework.security.web.session.SessionManagementFilter.doFilter(SessionManagementFilter.java:126)
	at org.springframework.security.web.session.SessionManagementFilter.doFilter(SessionManagementFilter.java:81)
	at org.springframework.security.web.FilterChainProxy$VirtualFilterChain.doFilter(FilterChainProxy.java:346)
	at org.springframework.security.web.authentication.AnonymousAuthenticationFilter.doFilter(AnonymousAuthenticationFilter.java:109)
	at org.springframework.security.web.FilterChainProxy$VirtualFilterChain.doFilter(FilterChainProxy.java:346)
	at org.springframework.security.web.servletapi.SecurityContextHolderAwareRequestFilter.doFilter(SecurityContextHolderAwareRequestFilter.java:149)
	at org.springframework.security.web.FilterChainProxy$VirtualFilterChain.doFilter(FilterChainProxy.java:346)
	at org.springframework.security.web.savedrequest.RequestCacheAwareFilter.doFilter(RequestCacheAwareFilter.java:63)
	at org.springframework.security.web.FilterChainProxy$VirtualFilterChain.doFilter(FilterChainProxy.java:346)
	at com.happy3friends.toiletmapbackend.sercurity.TokenAuthenticationFilter.doFilterInternal(TokenAuthenticationFilter.java:65)
	at org.springframework.web.filter.OncePerRequestFilter.doFilter(OncePerRequestFilter.java:117)
	at org.springframework.security.web.FilterChainProxy$VirtualFilterChain.doFilter(FilterChainProxy.java:346)
	at org.springframework.security.web.authentication.logout.LogoutFilter.doFilter(LogoutFilter.java:103)
	at org.springframework.security.web.authentication.logout.LogoutFilter.doFilter(LogoutFilter.java:89)
	at org.springframework.security.web.FilterChainProxy$VirtualFilterChain.doFilter(FilterChainProxy.java:346)
	at org.springframework.web.filter.CorsFilter.doFilterInternal(CorsFilter.java:91)
	at org.springframework.web.filter.OncePerRequestFilter.doFilter(OncePerRequestFilter.java:117)
	at org.springframework.security.web.FilterChainProxy$VirtualFilterChain.doFilter(FilterChainProxy.java:346)
	at org.springframework.security.web.header.HeaderWriterFilter.doHeadersAfter(HeaderWriterFilter.java:90)
	at org.springframework.security.web.header.HeaderWriterFilter.doFilterInternal(HeaderWriterFilter.java:75)
	at org.springframework.web.filter.OncePerRequestFilter.doFilter(OncePerRequestFilter.java:117)
	at org.springframework.security.web.FilterChainProxy$VirtualFilterChain.doFilter(FilterChainProxy.java:346)
	at org.springframework.security.web.context.SecurityContextPersistenceFilter.doFilter(SecurityContextPersistenceFilter.java:112)
	at org.springframework.security.web.context.SecurityContextPersistenceFilter.doFilter(SecurityContextPersistenceFilter.java:82)
	at org.springframework.security.web.FilterChainProxy$VirtualFilterChain.doFilter(FilterChainProxy.java:346)
	at org.springframework.security.web.context.request.async.WebAsyncManagerIntegrationFilter.doFilterInternal(WebAsyncManagerIntegrationFilter.java:55)
	at org.springframework.web.filter.OncePerRequestFilter.doFilter(OncePerRequestFilter.java:117)
	at org.springframework.security.web.FilterChainProxy$VirtualFilterChain.doFilter(FilterChainProxy.java:346)
	at org.springframework.security.web.session.DisableEncodeUrlFilter.doFilterInternal(DisableEncodeUrlFilter.java:42)
	at org.springframework.web.filter.OncePerRequestFilter.doFilter(OncePerRequestFilter.java:117)
	at org.springframework.security.web.FilterChainProxy$VirtualFilterChain.doFilter(FilterChainProxy.java:346)
	at org.springframework.security.web.FilterChainProxy.doFilterInternal(FilterChainProxy.java:221)
	at org.springframework.security.web.FilterChainProxy.doFilter(FilterChainProxy.java:186)
	at org.springframework.web.filter.DelegatingFilterProxy.invokeDelegate(DelegatingFilterProxy.java:354)
	at org.springframework.web.filter.DelegatingFilterProxy.doFilter(DelegatingFilterProxy.java:267)
	at org.apache.catalina.core.ApplicationFilterChain.internalDoFilter(ApplicationFilterChain.java:189)
	at org.apache.catalina.core.ApplicationFilterChain.doFilter(ApplicationFilterChain.java:162)
	at org.springframework.web.filter.RequestContextFilter.doFilterInternal(RequestContextFilter.java:100)
	at org.springframework.web.filter.OncePerRequestFilter.doFilter(OncePerRequestFilter.java:117)
	at org.apache.catalina.core.ApplicationFilterChain.internalDoFilter(ApplicationFilterChain.java:189)
	at org.apache.catalina.core.ApplicationFilterChain.doFilter(ApplicationFilterChain.java:162)
	at org.springframework.web.filter.FormContentFilter.doFilterInternal(FormContentFilter.java:93)
	at org.springframework.web.filter.OncePerRequestFilter.doFilter(OncePerRequestFilter.java:117)
	at org.apache.catalina.core.ApplicationFilterChain.internalDoFilter(ApplicationFilterChain.java:189)
	at org.apache.catalina.core.ApplicationFilterChain.doFilter(ApplicationFilterChain.java:162)
	at org.springframework.web.filter.CharacterEncodingFilter.doFilterInternal(CharacterEncodingFilter.java:201)
	at org.springframework.web.filter.OncePerRequestFilter.doFilter(OncePerRequestFilter.java:117)
	at org.apache.catalina.core.ApplicationFilterChain.internalDoFilter(ApplicationFilterChain.java:189)
	at org.apache.catalina.core.ApplicationFilterChain.doFilter(ApplicationFilterChain.java:162)
	at org.apache.catalina.core.StandardWrapperValve.invoke(StandardWrapperValve.java:177)
	at org.apache.catalina.core.StandardContextValve.invoke(StandardContextValve.java:97)
	at org.apache.catalina.authenticator.AuthenticatorBase.invoke(AuthenticatorBase.java:541)
	at org.apache.catalina.core.StandardHostValve.invoke(StandardHostValve.java:135)
	at org.apache.catalina.valves.ErrorReportValve.invoke(ErrorReportValve.java:92)
	at org.apache.catalina.core.StandardEngineValve.invoke(StandardEngineValve.java:78)
	at org.apache.catalina.connector.CoyoteAdapter.service(CoyoteAdapter.java:360)
	at org.apache.coyote.http11.Http11Processor.service(Http11Processor.java:399)
	at org.apache.coyote.AbstractProcessorLight.process(AbstractProcessorLight.java:65)
	at org.apache.coyote.AbstractProtocol$ConnectionHandler.process(AbstractProtocol.java:891)
	at org.apache.tomcat.util.net.NioEndpoint$SocketProcessor.doRun(NioEndpoint.java:1784)
	at org.apache.tomcat.util.net.SocketProcessorBase.run(SocketProcessorBase.java:49)
	at org.apache.tomcat.util.threads.ThreadPoolExecutor.runWorker(ThreadPoolExecutor.java:1191)
	at org.apache.tomcat.util.threads.ThreadPoolExecutor$Worker.run(ThreadPoolExecutor.java:659)
	at org.apache.tomcat.util.threads.TaskThread$WrappingRunnable.run(TaskThread.java:61)
	at java.base/java.lang.Thread.run(Thread.java:834)
[2023-04-16 20:42:36.278] INFO  [SpringApplicationShutdownHook] [o.s.o.j.LocalContainerEntityManagerFactoryBean] LocalContainerEntityManagerFactoryBean.destroy:651 - Closing JPA EntityManagerFactory for persistence unit 'default'
[2023-04-16 20:42:36.281] INFO  [SpringApplicationShutdownHook] [c.z.h.HikariDataSource] HikariDataSource.close:350 - HikariPool-1 - Shutdown initiated...
[2023-04-16 20:42:36.313] INFO  [SpringApplicationShutdownHook] [c.z.h.HikariDataSource] HikariDataSource.close:352 - HikariPool-1 - Shutdown completed.
[2023-04-16 20:42:45.650] INFO  [main] [c.h.t.ToiletMapBackEndApplication] ToiletMapBackEndApplication.logStarting:55 - Starting ToiletMapBackEndApplication using Java 11.0.16.1 on TienHuynhTN with PID 16136 (F:\FPT\Semester-9-Summer-2023\Capstone-Project\Implementation\toilet-map-back-end\target\classes started by tienhltse151104 in F:\FPT\Semester-9-Summer-2023\Capstone-Project\Implementation\toilet-map-back-end)
[2023-04-16 20:42:45.654] INFO  [main] [c.h.t.ToiletMapBackEndApplication] ToiletMapBackEndApplication.logStartupProfileInfo:637 - The following 2 profiles are active: "default", "prod"
[2023-04-16 20:42:46.979] INFO  [main] [o.s.d.r.c.RepositoryConfigurationDelegate] RepositoryConfigurationDelegate.registerRepositoriesIn:132 - Bootstrapping Spring Data JPA repositories in DEFAULT mode.
[2023-04-16 20:42:47.179] INFO  [main] [o.s.d.r.c.RepositoryConfigurationDelegate] RepositoryConfigurationDelegate.registerRepositoriesIn:201 - Finished Spring Data repository scanning in 182 ms. Found 15 JPA repository interfaces.
[2023-04-16 20:42:47.907] INFO  [main] [o.s.b.w.e.t.TomcatWebServer] TomcatWebServer.initialize:108 - Tomcat initialized with port(s): 8081 (http)
[2023-04-16 20:42:47.909] INFO  [main] [o.a.c.c.AprLifecycleListener] AprLifecycleListener.log:173 - Loaded Apache Tomcat Native library [1.2.35] using APR version [1.7.0].
[2023-04-16 20:42:47.910] INFO  [main] [o.a.c.c.AprLifecycleListener] AprLifecycleListener.log:173 - APR capabilities: IPv6 [true], sendfile [true], accept filters [false], random [true], UDS [true].
[2023-04-16 20:42:47.910] INFO  [main] [o.a.c.c.AprLifecycleListener] AprLifecycleListener.log:173 - APR/OpenSSL configuration: useAprConnector [false], useOpenSSL [true]
[2023-04-16 20:42:47.914] INFO  [main] [o.a.c.c.AprLifecycleListener] AprLifecycleListener.log:173 - OpenSSL successfully initialized [OpenSSL 1.1.1q  5 Jul 2022]
[2023-04-16 20:42:47.923] INFO  [main] [o.a.c.c.StandardService] StandardService.log:173 - Starting service [Tomcat]
[2023-04-16 20:42:47.923] INFO  [main] [o.a.c.c.StandardEngine] StandardEngine.log:173 - Starting Servlet engine: [Apache Tomcat/9.0.71]
[2023-04-16 20:42:48.053] INFO  [main] [o.a.c.c.C.[.[.[/]] [/].log:173 - Initializing Spring embedded WebApplicationContext
[2023-04-16 20:42:48.053] INFO  [main] [o.s.b.w.s.c.ServletWebServerApplicationContext] ServletWebServerApplicationContext.prepareWebApplicationContext:292 - Root WebApplicationContext: initialization completed in 2329 ms
[2023-04-16 20:42:48.542] INFO  [main] [o.h.j.i.u.LogHelper] LogHelper.logPersistenceUnitInformation:31 - HHH000204: Processing PersistenceUnitInfo [name: default]
[2023-04-16 20:42:48.598] INFO  [main] [o.h.Version] Version.logVersion:44 - HHH000412: Hibernate ORM core version 5.6.14.Final
[2023-04-16 20:42:48.768] INFO  [main] [o.h.a.c.Version] Version.<clinit>:56 - HCANN000001: Hibernate Commons Annotations {5.1.2.Final}
[2023-04-16 20:42:48.910] INFO  [main] [c.z.h.HikariDataSource] HikariDataSource.getConnection:110 - HikariPool-1 - Starting...
[2023-04-16 20:42:49.783] INFO  [main] [c.z.h.HikariDataSource] HikariDataSource.getConnection:123 - HikariPool-1 - Start completed.
[2023-04-16 20:42:49.803] INFO  [main] [o.h.d.Dialect] Dialect.<init>:175 - HHH000400: Using dialect: org.hibernate.dialect.SQLServer2012Dialect
[2023-04-16 20:42:51.115] INFO  [main] [o.h.e.t.j.p.i.JtaPlatformInitiator] JtaPlatformInitiator.initiateService:52 - HHH000490: Using JtaPlatform implementation: [org.hibernate.engine.transaction.jta.platform.internal.NoJtaPlatform]
[2023-04-16 20:42:51.127] INFO  [main] [o.s.o.j.LocalContainerEntityManagerFactoryBean] LocalContainerEntityManagerFactoryBean.buildNativeEntityManagerFactory:437 - Initialized JPA EntityManagerFactory for persistence unit 'default'
[2023-04-16 20:42:54.021] INFO  [main] [o.s.s.w.DefaultSecurityFilterChain] DefaultSecurityFilterChain.<init>:55 - Will secure any request with [org.springframework.security.web.session.DisableEncodeUrlFilter@51806858, org.springframework.security.web.context.request.async.WebAsyncManagerIntegrationFilter@56afbace, org.springframework.security.web.context.SecurityContextPersistenceFilter@4cb87009, org.springframework.security.web.header.HeaderWriterFilter@3c98eaa9, org.springframework.web.filter.CorsFilter@40dcbf7, org.springframework.security.web.authentication.logout.LogoutFilter@51d41b97, com.happy3friends.toiletmapbackend.sercurity.TokenAuthenticationFilter@e581302, org.springframework.security.web.savedrequest.RequestCacheAwareFilter@fe38d1e, org.springframework.security.web.servletapi.SecurityContextHolderAwareRequestFilter@7236213e, org.springframework.security.web.authentication.AnonymousAuthenticationFilter@53850535, org.springframework.security.web.session.SessionManagementFilter@1930e8ef, org.springframework.security.web.access.ExceptionTranslationFilter@2d732cda, org.springframework.security.web.access.intercept.FilterSecurityInterceptor@273e622f]
[2023-04-16 20:42:54.451] INFO  [main] [o.s.b.w.e.t.TomcatWebServer] TomcatWebServer.start:220 - Tomcat started on port(s): 8081 (http) with context path ''
[2023-04-16 20:42:54.465] INFO  [main] [c.h.t.ToiletMapBackEndApplication] ToiletMapBackEndApplication.logStarted:61 - Started ToiletMapBackEndApplication in 9.647 seconds (JVM running for 11.287)
[2023-04-16 20:43:46.970] INFO  [http-nio-8081-exec-2] [o.a.c.c.C.[.[.[/]] [/].log:173 - Initializing Spring DispatcherServlet 'dispatcherServlet'
[2023-04-16 20:43:46.971] INFO  [http-nio-8081-exec-2] [o.s.w.s.DispatcherServlet] DispatcherServlet.initServletBean:525 - Initializing Servlet 'dispatcherServlet'
[2023-04-16 20:43:46.973] INFO  [http-nio-8081-exec-2] [o.s.w.s.DispatcherServlet] DispatcherServlet.initServletBean:547 - Completed initialization in 2 ms
[2023-04-16 20:43:48.176] INFO  [http-nio-8081-exec-2] [c.h.t.s.s.RatingServiceImpl] RatingServiceImpl.createRating:143 - -- Create Rating - Start save Rating Entity! --
[2023-04-16 20:43:48.611] INFO  [http-nio-8081-exec-2] [c.h.t.s.s.RatingServiceImpl] RatingServiceImpl.createRating:149 - -- Create Rating - Finish save Rating Entity! --
[2023-04-17 14:28:19.744] INFO  [main] [c.h.t.ToiletMapBackEndApplication] ToiletMapBackEndApplication.logStarting:55 - Starting ToiletMapBackEndApplication using Java 11.0.16.1 on TienHuynhTN with PID 6272 (F:\FPT\Semester-9-Summer-2023\Capstone-Project\Implementation\toilet-map-back-end\target\classes started by tienhltse151104 in F:\FPT\Semester-9-Summer-2023\Capstone-Project\Implementation\toilet-map-back-end)
[2023-04-17 14:28:19.744] INFO  [main] [c.h.t.ToiletMapBackEndApplication] ToiletMapBackEndApplication.logStartupProfileInfo:637 - The following 2 profiles are active: "default", "prod"
[2023-04-17 14:28:21.928] INFO  [main] [o.s.d.r.c.RepositoryConfigurationDelegate] RepositoryConfigurationDelegate.registerRepositoriesIn:132 - Bootstrapping Spring Data JPA repositories in DEFAULT mode.
[2023-04-17 14:28:22.062] INFO  [main] [o.s.d.r.c.RepositoryConfigurationDelegate] RepositoryConfigurationDelegate.registerRepositoriesIn:201 - Finished Spring Data repository scanning in 124 ms. Found 15 JPA repository interfaces.
[2023-04-17 14:28:22.821] INFO  [main] [o.s.b.w.e.t.TomcatWebServer] TomcatWebServer.initialize:108 - Tomcat initialized with port(s): 8081 (http)
[2023-04-17 14:28:22.823] INFO  [main] [o.a.c.c.AprLifecycleListener] AprLifecycleListener.log:173 - Loaded Apache Tomcat Native library [1.2.35] using APR version [1.7.0].
[2023-04-17 14:28:22.823] INFO  [main] [o.a.c.c.AprLifecycleListener] AprLifecycleListener.log:173 - APR capabilities: IPv6 [true], sendfile [true], accept filters [false], random [true], UDS [true].
[2023-04-17 14:28:22.825] INFO  [main] [o.a.c.c.AprLifecycleListener] AprLifecycleListener.log:173 - APR/OpenSSL configuration: useAprConnector [false], useOpenSSL [true]
[2023-04-17 14:28:22.841] INFO  [main] [o.a.c.c.AprLifecycleListener] AprLifecycleListener.log:173 - OpenSSL successfully initialized [OpenSSL 1.1.1q  5 Jul 2022]
[2023-04-17 14:28:22.857] INFO  [main] [o.a.c.c.StandardService] StandardService.log:173 - Starting service [Tomcat]
[2023-04-17 14:28:22.857] INFO  [main] [o.a.c.c.StandardEngine] StandardEngine.log:173 - Starting Servlet engine: [Apache Tomcat/9.0.71]
[2023-04-17 14:28:23.065] INFO  [main] [o.a.c.c.C.[.[.[/]] [/].log:173 - Initializing Spring embedded WebApplicationContext
[2023-04-17 14:28:23.070] INFO  [main] [o.s.b.w.s.c.ServletWebServerApplicationContext] ServletWebServerApplicationContext.prepareWebApplicationContext:292 - Root WebApplicationContext: initialization completed in 3259 ms
[2023-04-17 14:28:23.595] INFO  [main] [o.h.j.i.u.LogHelper] LogHelper.logPersistenceUnitInformation:31 - HHH000204: Processing PersistenceUnitInfo [name: default]
[2023-04-17 14:28:23.671] INFO  [main] [o.h.Version] Version.logVersion:44 - HHH000412: Hibernate ORM core version 5.6.14.Final
[2023-04-17 14:28:23.894] INFO  [main] [o.h.a.c.Version] Version.<clinit>:56 - HCANN000001: Hibernate Commons Annotations {5.1.2.Final}
[2023-04-17 14:28:24.025] INFO  [main] [c.z.h.HikariDataSource] HikariDataSource.getConnection:110 - HikariPool-1 - Starting...
[2023-04-17 14:28:25.121] INFO  [main] [c.z.h.HikariDataSource] HikariDataSource.getConnection:123 - HikariPool-1 - Start completed.
[2023-04-17 14:28:25.141] INFO  [main] [o.h.d.Dialect] Dialect.<init>:175 - HHH000400: Using dialect: org.hibernate.dialect.SQLServer2012Dialect
[2023-04-17 14:28:26.413] INFO  [main] [o.h.e.t.j.p.i.JtaPlatformInitiator] JtaPlatformInitiator.initiateService:52 - HHH000490: Using JtaPlatform implementation: [org.hibernate.engine.transaction.jta.platform.internal.NoJtaPlatform]
[2023-04-17 14:28:26.431] INFO  [main] [o.s.o.j.LocalContainerEntityManagerFactoryBean] LocalContainerEntityManagerFactoryBean.buildNativeEntityManagerFactory:437 - Initialized JPA EntityManagerFactory for persistence unit 'default'
[2023-04-17 14:28:28.301] WARN  [main] [o.s.b.w.s.c.AnnotationConfigServletWebServerApplicationContext] AnnotationConfigServletWebServerApplicationContext.refresh:591 - Exception encountered during context initialization - cancelling refresh attempt: org.springframework.beans.factory.BeanCreationException: Error creating bean with name 'springSecurityFilterChain' defined in class path resource [org/springframework/security/config/annotation/web/configuration/WebSecurityConfiguration.class]: Bean instantiation via factory method failed; nested exception is org.springframework.beans.BeanInstantiationException: Failed to instantiate [javax.servlet.Filter]: Factory method 'springSecurityFilterChain' threw exception; nested exception is org.springframework.beans.factory.BeanCreationException: Error creating bean with name 'mvcHandlerMappingIntrospector' defined in class path resource [org/springframework/boot/autoconfigure/web/servlet/WebMvcAutoConfiguration$EnableWebMvcConfiguration.class]: Invocation of init method failed; nested exception is org.springframework.beans.factory.BeanCreationException: Error creating bean with name 'requestMappingHandlerMapping' defined in class path resource [org/springframework/boot/autoconfigure/web/servlet/WebMvcAutoConfiguration$EnableWebMvcConfiguration.class]: Invocation of init method failed; nested exception is java.lang.IllegalStateException: Ambiguous mapping. Cannot map 'reportController' method 
com.happy3friends.toiletmapbackend.controller.ReportController#getAllReports(Integer, Integer, String, String, BasePaginationRequest)
to {GET [/api/reports]}: There is already 'reportController' bean method
com.happy3friends.toiletmapbackend.controller.ReportController#getTotalReportByMonth(Integer, Integer) mapped.
[2023-04-17 14:28:28.301] INFO  [main] [o.s.o.j.LocalContainerEntityManagerFactoryBean] LocalContainerEntityManagerFactoryBean.destroy:651 - Closing JPA EntityManagerFactory for persistence unit 'default'
[2023-04-17 14:28:28.301] INFO  [main] [c.z.h.HikariDataSource] HikariDataSource.close:350 - HikariPool-1 - Shutdown initiated...
[2023-04-17 14:28:28.321] INFO  [main] [c.z.h.HikariDataSource] HikariDataSource.close:352 - HikariPool-1 - Shutdown completed.
[2023-04-17 14:28:28.321] INFO  [main] [o.a.c.c.StandardService] StandardService.log:173 - Stopping service [Tomcat]
[2023-04-17 14:28:28.342] INFO  [main] [o.s.b.a.l.ConditionEvaluationReportLoggingListener] ConditionEvaluationReportLoggingListener.logMessage:136 - 

Error starting ApplicationContext. To display the conditions report re-run your application with 'debug' enabled.
[2023-04-17 14:28:28.365] ERROR [main] [o.s.b.SpringApplication] SpringApplication.reportFailure:821 - Application run failed
org.springframework.beans.factory.BeanCreationException: Error creating bean with name 'springSecurityFilterChain' defined in class path resource [org/springframework/security/config/annotation/web/configuration/WebSecurityConfiguration.class]: Bean instantiation via factory method failed; nested exception is org.springframework.beans.BeanInstantiationException: Failed to instantiate [javax.servlet.Filter]: Factory method 'springSecurityFilterChain' threw exception; nested exception is org.springframework.beans.factory.BeanCreationException: Error creating bean with name 'mvcHandlerMappingIntrospector' defined in class path resource [org/springframework/boot/autoconfigure/web/servlet/WebMvcAutoConfiguration$EnableWebMvcConfiguration.class]: Invocation of init method failed; nested exception is org.springframework.beans.factory.BeanCreationException: Error creating bean with name 'requestMappingHandlerMapping' defined in class path resource [org/springframework/boot/autoconfigure/web/servlet/WebMvcAutoConfiguration$EnableWebMvcConfiguration.class]: Invocation of init method failed; nested exception is java.lang.IllegalStateException: Ambiguous mapping. Cannot map 'reportController' method 
com.happy3friends.toiletmapbackend.controller.ReportController#getAllReports(Integer, Integer, String, String, BasePaginationRequest)
to {GET [/api/reports]}: There is already 'reportController' bean method
com.happy3friends.toiletmapbackend.controller.ReportController#getTotalReportByMonth(Integer, Integer) mapped.
	at org.springframework.beans.factory.support.ConstructorResolver.instantiate(ConstructorResolver.java:658)
	at org.springframework.beans.factory.support.ConstructorResolver.instantiateUsingFactoryMethod(ConstructorResolver.java:486)
	at org.springframework.beans.factory.support.AbstractAutowireCapableBeanFactory.instantiateUsingFactoryMethod(AbstractAutowireCapableBeanFactory.java:1352)
	at org.springframework.beans.factory.support.AbstractAutowireCapableBeanFactory.createBeanInstance(AbstractAutowireCapableBeanFactory.java:1195)
	at org.springframework.beans.factory.support.AbstractAutowireCapableBeanFactory.doCreateBean(AbstractAutowireCapableBeanFactory.java:582)
	at org.springframework.beans.factory.support.AbstractAutowireCapableBeanFactory.createBean(AbstractAutowireCapableBeanFactory.java:542)
	at org.springframework.beans.factory.support.AbstractBeanFactory.lambda$doGetBean$0(AbstractBeanFactory.java:335)
	at org.springframework.beans.factory.support.DefaultSingletonBeanRegistry.getSingleton(DefaultSingletonBeanRegistry.java:234)
	at org.springframework.beans.factory.support.AbstractBeanFactory.doGetBean(AbstractBeanFactory.java:333)
	at org.springframework.beans.factory.support.AbstractBeanFactory.getBean(AbstractBeanFactory.java:208)
	at org.springframework.beans.factory.support.AbstractBeanFactory.doGetBean(AbstractBeanFactory.java:322)
	at org.springframework.beans.factory.support.AbstractBeanFactory.getBean(AbstractBeanFactory.java:208)
	at org.springframework.beans.factory.support.DefaultListableBeanFactory.preInstantiateSingletons(DefaultListableBeanFactory.java:955)
	at org.springframework.context.support.AbstractApplicationContext.finishBeanFactoryInitialization(AbstractApplicationContext.java:918)
	at org.springframework.context.support.AbstractApplicationContext.refresh(AbstractApplicationContext.java:583)
	at org.springframework.boot.web.servlet.context.ServletWebServerApplicationContext.refresh(ServletWebServerApplicationContext.java:147)
	at org.springframework.boot.SpringApplication.refresh(SpringApplication.java:731)
	at org.springframework.boot.SpringApplication.refreshContext(SpringApplication.java:408)
	at org.springframework.boot.SpringApplication.run(SpringApplication.java:307)
	at org.springframework.boot.SpringApplication.run(SpringApplication.java:1303)
	at org.springframework.boot.SpringApplication.run(SpringApplication.java:1292)
	at com.happy3friends.toiletmapbackend.ToiletMapBackEndApplication.main(ToiletMapBackEndApplication.java:10)
Caused by: org.springframework.beans.BeanInstantiationException: Failed to instantiate [javax.servlet.Filter]: Factory method 'springSecurityFilterChain' threw exception; nested exception is org.springframework.beans.factory.BeanCreationException: Error creating bean with name 'mvcHandlerMappingIntrospector' defined in class path resource [org/springframework/boot/autoconfigure/web/servlet/WebMvcAutoConfiguration$EnableWebMvcConfiguration.class]: Invocation of init method failed; nested exception is org.springframework.beans.factory.BeanCreationException: Error creating bean with name 'requestMappingHandlerMapping' defined in class path resource [org/springframework/boot/autoconfigure/web/servlet/WebMvcAutoConfiguration$EnableWebMvcConfiguration.class]: Invocation of init method failed; nested exception is java.lang.IllegalStateException: Ambiguous mapping. Cannot map 'reportController' method 
com.happy3friends.toiletmapbackend.controller.ReportController#getAllReports(Integer, Integer, String, String, BasePaginationRequest)
to {GET [/api/reports]}: There is already 'reportController' bean method
com.happy3friends.toiletmapbackend.controller.ReportController#getTotalReportByMonth(Integer, Integer) mapped.
	at org.springframework.beans.factory.support.SimpleInstantiationStrategy.instantiate(SimpleInstantiationStrategy.java:185)
	at org.springframework.beans.factory.support.ConstructorResolver.instantiate(ConstructorResolver.java:653)
	... 21 common frames omitted
Caused by: org.springframework.beans.factory.BeanCreationException: Error creating bean with name 'mvcHandlerMappingIntrospector' defined in class path resource [org/springframework/boot/autoconfigure/web/servlet/WebMvcAutoConfiguration$EnableWebMvcConfiguration.class]: Invocation of init method failed; nested exception is org.springframework.beans.factory.BeanCreationException: Error creating bean with name 'requestMappingHandlerMapping' defined in class path resource [org/springframework/boot/autoconfigure/web/servlet/WebMvcAutoConfiguration$EnableWebMvcConfiguration.class]: Invocation of init method failed; nested exception is java.lang.IllegalStateException: Ambiguous mapping. Cannot map 'reportController' method 
com.happy3friends.toiletmapbackend.controller.ReportController#getAllReports(Integer, Integer, String, String, BasePaginationRequest)
to {GET [/api/reports]}: There is already 'reportController' bean method
com.happy3friends.toiletmapbackend.controller.ReportController#getTotalReportByMonth(Integer, Integer) mapped.
	at org.springframework.beans.factory.support.AbstractAutowireCapableBeanFactory.initializeBean(AbstractAutowireCapableBeanFactory.java:1804)
	at org.springframework.beans.factory.support.AbstractAutowireCapableBeanFactory.doCreateBean(AbstractAutowireCapableBeanFactory.java:620)
	at org.springframework.beans.factory.support.AbstractAutowireCapableBeanFactory.createBean(AbstractAutowireCapableBeanFactory.java:542)
	at org.springframework.beans.factory.support.AbstractBeanFactory.lambda$doGetBean$0(AbstractBeanFactory.java:335)
	at org.springframework.beans.factory.support.DefaultSingletonBeanRegistry.getSingleton(DefaultSingletonBeanRegistry.java:234)
	at org.springframework.beans.factory.support.AbstractBeanFactory.doGetBean(AbstractBeanFactory.java:333)
	at org.springframework.beans.factory.support.AbstractBeanFactory.getBean(AbstractBeanFactory.java:213)
	at org.springframework.context.support.AbstractApplicationContext.getBean(AbstractApplicationContext.java:1160)
	at org.springframework.security.config.annotation.web.configurers.CorsConfigurer$MvcCorsFilter.getMvcCorsFilter(CorsConfigurer.java:111)
	at org.springframework.security.config.annotation.web.configurers.CorsConfigurer$MvcCorsFilter.access$000(CorsConfigurer.java:94)
	at org.springframework.security.config.annotation.web.configurers.CorsConfigurer.getCorsFilter(CorsConfigurer.java:89)
	at org.springframework.security.config.annotation.web.configurers.CorsConfigurer.configure(CorsConfigurer.java:67)
	at org.springframework.security.config.annotation.web.configurers.CorsConfigurer.configure(CorsConfigurer.java:41)
	at org.springframework.security.config.annotation.AbstractConfiguredSecurityBuilder.configure(AbstractConfiguredSecurityBuilder.java:349)
	at org.springframework.security.config.annotation.AbstractConfiguredSecurityBuilder.doBuild(AbstractConfiguredSecurityBuilder.java:303)
	at org.springframework.security.config.annotation.AbstractSecurityBuilder.build(AbstractSecurityBuilder.java:38)
	at org.springframework.security.config.annotation.web.builders.WebSecurity.performBuild(WebSecurity.java:313)
	at org.springframework.security.config.annotation.web.builders.WebSecurity.performBuild(WebSecurity.java:88)
	at org.springframework.security.config.annotation.AbstractConfiguredSecurityBuilder.doBuild(AbstractConfiguredSecurityBuilder.java:305)
	at org.springframework.security.config.annotation.AbstractSecurityBuilder.build(AbstractSecurityBuilder.java:38)
	at org.springframework.security.config.annotation.web.configuration.WebSecurityConfiguration.springSecurityFilterChain(WebSecurityConfiguration.java:125)
	at java.base/jdk.internal.reflect.NativeMethodAccessorImpl.invoke0(Native Method)
	at java.base/jdk.internal.reflect.NativeMethodAccessorImpl.invoke(NativeMethodAccessorImpl.java:62)
	at java.base/jdk.internal.reflect.DelegatingMethodAccessorImpl.invoke(DelegatingMethodAccessorImpl.java:43)
	at java.base/java.lang.reflect.Method.invoke(Method.java:566)
	at org.springframework.beans.factory.support.SimpleInstantiationStrategy.instantiate(SimpleInstantiationStrategy.java:154)
	... 22 common frames omitted
Caused by: org.springframework.beans.factory.BeanCreationException: Error creating bean with name 'requestMappingHandlerMapping' defined in class path resource [org/springframework/boot/autoconfigure/web/servlet/WebMvcAutoConfiguration$EnableWebMvcConfiguration.class]: Invocation of init method failed; nested exception is java.lang.IllegalStateException: Ambiguous mapping. Cannot map 'reportController' method 
com.happy3friends.toiletmapbackend.controller.ReportController#getAllReports(Integer, Integer, String, String, BasePaginationRequest)
to {GET [/api/reports]}: There is already 'reportController' bean method
com.happy3friends.toiletmapbackend.controller.ReportController#getTotalReportByMonth(Integer, Integer) mapped.
	at org.springframework.beans.factory.support.AbstractAutowireCapableBeanFactory.initializeBean(AbstractAutowireCapableBeanFactory.java:1804)
	at org.springframework.beans.factory.support.AbstractAutowireCapableBeanFactory.doCreateBean(AbstractAutowireCapableBeanFactory.java:620)
	at org.springframework.beans.factory.support.AbstractAutowireCapableBeanFactory.createBean(AbstractAutowireCapableBeanFactory.java:542)
	at org.springframework.beans.factory.support.AbstractBeanFactory.lambda$doGetBean$0(AbstractBeanFactory.java:335)
	at org.springframework.beans.factory.support.DefaultSingletonBeanRegistry.getSingleton(DefaultSingletonBeanRegistry.java:234)
	at org.springframework.beans.factory.support.AbstractBeanFactory.doGetBean(AbstractBeanFactory.java:333)
	at org.springframework.beans.factory.support.AbstractBeanFactory.getBean(AbstractBeanFactory.java:208)
	at org.springframework.beans.factory.support.DefaultListableBeanFactory.getBeansOfType(DefaultListableBeanFactory.java:673)
	at org.springframework.context.support.AbstractApplicationContext.getBeansOfType(AbstractApplicationContext.java:1308)
	at org.springframework.beans.factory.BeanFactoryUtils.beansOfTypeIncludingAncestors(BeanFactoryUtils.java:378)
	at org.springframework.web.servlet.handler.HandlerMappingIntrospector.initHandlerMappings(HandlerMappingIntrospector.java:226)
	at org.springframework.web.servlet.handler.HandlerMappingIntrospector.afterPropertiesSet(HandlerMappingIntrospector.java:115)
	at org.springframework.beans.factory.support.AbstractAutowireCapableBeanFactory.invokeInitMethods(AbstractAutowireCapableBeanFactory.java:1863)
	at org.springframework.beans.factory.support.AbstractAutowireCapableBeanFactory.initializeBean(AbstractAutowireCapableBeanFactory.java:1800)
	... 47 common frames omitted
Caused by: java.lang.IllegalStateException: Ambiguous mapping. Cannot map 'reportController' method 
com.happy3friends.toiletmapbackend.controller.ReportController#getAllReports(Integer, Integer, String, String, BasePaginationRequest)
to {GET [/api/reports]}: There is already 'reportController' bean method
com.happy3friends.toiletmapbackend.controller.ReportController#getTotalReportByMonth(Integer, Integer) mapped.
	at org.springframework.web.servlet.handler.AbstractHandlerMethodMapping$MappingRegistry.validateMethodMapping(AbstractHandlerMethodMapping.java:669)
	at org.springframework.web.servlet.handler.AbstractHandlerMethodMapping$MappingRegistry.register(AbstractHandlerMethodMapping.java:635)
	at org.springframework.web.servlet.handler.AbstractHandlerMethodMapping.registerHandlerMethod(AbstractHandlerMethodMapping.java:332)
	at org.springframework.web.servlet.mvc.method.annotation.RequestMappingHandlerMapping.registerHandlerMethod(RequestMappingHandlerMapping.java:420)
	at org.springframework.web.servlet.mvc.method.annotation.RequestMappingHandlerMapping.registerHandlerMethod(RequestMappingHandlerMapping.java:76)
	at org.springframework.web.servlet.handler.AbstractHandlerMethodMapping.lambda$detectHandlerMethods$2(AbstractHandlerMethodMapping.java:299)
	at java.base/java.util.LinkedHashMap.forEach(LinkedHashMap.java:684)
	at org.springframework.web.servlet.handler.AbstractHandlerMethodMapping.detectHandlerMethods(AbstractHandlerMethodMapping.java:297)
	at org.springframework.web.servlet.handler.AbstractHandlerMethodMapping.processCandidateBean(AbstractHandlerMethodMapping.java:266)
	at org.springframework.web.servlet.handler.AbstractHandlerMethodMapping.initHandlerMethods(AbstractHandlerMethodMapping.java:225)
	at org.springframework.web.servlet.handler.AbstractHandlerMethodMapping.afterPropertiesSet(AbstractHandlerMethodMapping.java:213)
	at org.springframework.web.servlet.mvc.method.annotation.RequestMappingHandlerMapping.afterPropertiesSet(RequestMappingHandlerMapping.java:205)
	at org.springframework.beans.factory.support.AbstractAutowireCapableBeanFactory.invokeInitMethods(AbstractAutowireCapableBeanFactory.java:1863)
	at org.springframework.beans.factory.support.AbstractAutowireCapableBeanFactory.initializeBean(AbstractAutowireCapableBeanFactory.java:1800)
	... 60 common frames omitted
[2023-04-17 14:28:53.031] INFO  [main] [c.h.t.ToiletMapBackEndApplication] ToiletMapBackEndApplication.logStarting:55 - Starting ToiletMapBackEndApplication using Java 11.0.16.1 on TienHuynhTN with PID 13688 (F:\FPT\Semester-9-Summer-2023\Capstone-Project\Implementation\toilet-map-back-end\target\classes started by tienhltse151104 in F:\FPT\Semester-9-Summer-2023\Capstone-Project\Implementation\toilet-map-back-end)
[2023-04-17 14:28:53.031] INFO  [main] [c.h.t.ToiletMapBackEndApplication] ToiletMapBackEndApplication.logStartupProfileInfo:637 - The following 2 profiles are active: "default", "prod"
[2023-04-17 14:28:54.237] INFO  [main] [o.s.d.r.c.RepositoryConfigurationDelegate] RepositoryConfigurationDelegate.registerRepositoriesIn:132 - Bootstrapping Spring Data JPA repositories in DEFAULT mode.
[2023-04-17 14:28:54.372] INFO  [main] [o.s.d.r.c.RepositoryConfigurationDelegate] RepositoryConfigurationDelegate.registerRepositoriesIn:201 - Finished Spring Data repository scanning in 123 ms. Found 15 JPA repository interfaces.
[2023-04-17 14:28:55.033] INFO  [main] [o.s.b.w.e.t.TomcatWebServer] TomcatWebServer.initialize:108 - Tomcat initialized with port(s): 8081 (http)
[2023-04-17 14:28:55.033] INFO  [main] [o.a.c.c.AprLifecycleListener] AprLifecycleListener.log:173 - Loaded Apache Tomcat Native library [1.2.35] using APR version [1.7.0].
[2023-04-17 14:28:55.033] INFO  [main] [o.a.c.c.AprLifecycleListener] AprLifecycleListener.log:173 - APR capabilities: IPv6 [true], sendfile [true], accept filters [false], random [true], UDS [true].
[2023-04-17 14:28:55.033] INFO  [main] [o.a.c.c.AprLifecycleListener] AprLifecycleListener.log:173 - APR/OpenSSL configuration: useAprConnector [false], useOpenSSL [true]
[2023-04-17 14:28:55.033] INFO  [main] [o.a.c.c.AprLifecycleListener] AprLifecycleListener.log:173 - OpenSSL successfully initialized [OpenSSL 1.1.1q  5 Jul 2022]
[2023-04-17 14:28:55.048] INFO  [main] [o.a.c.c.StandardService] StandardService.log:173 - Starting service [Tomcat]
[2023-04-17 14:28:55.048] INFO  [main] [o.a.c.c.StandardEngine] StandardEngine.log:173 - Starting Servlet engine: [Apache Tomcat/9.0.71]
[2023-04-17 14:28:55.161] INFO  [main] [o.a.c.c.C.[.[.[/]] [/].log:173 - Initializing Spring embedded WebApplicationContext
[2023-04-17 14:28:55.161] INFO  [main] [o.s.b.w.s.c.ServletWebServerApplicationContext] ServletWebServerApplicationContext.prepareWebApplicationContext:292 - Root WebApplicationContext: initialization completed in 2060 ms
[2023-04-17 14:28:55.671] INFO  [main] [o.h.j.i.u.LogHelper] LogHelper.logPersistenceUnitInformation:31 - HHH000204: Processing PersistenceUnitInfo [name: default]
[2023-04-17 14:28:55.721] INFO  [main] [o.h.Version] Version.logVersion:44 - HHH000412: Hibernate ORM core version 5.6.14.Final
[2023-04-17 14:28:55.890] INFO  [main] [o.h.a.c.Version] Version.<clinit>:56 - HCANN000001: Hibernate Commons Annotations {5.1.2.Final}
[2023-04-17 14:28:56.009] INFO  [main] [c.z.h.HikariDataSource] HikariDataSource.getConnection:110 - HikariPool-1 - Starting...
[2023-04-17 14:28:56.737] INFO  [main] [c.z.h.HikariDataSource] HikariDataSource.getConnection:123 - HikariPool-1 - Start completed.
[2023-04-17 14:28:56.753] INFO  [main] [o.h.d.Dialect] Dialect.<init>:175 - HHH000400: Using dialect: org.hibernate.dialect.SQLServer2012Dialect
[2023-04-17 14:28:58.001] INFO  [main] [o.h.e.t.j.p.i.JtaPlatformInitiator] JtaPlatformInitiator.initiateService:52 - HHH000490: Using JtaPlatform implementation: [org.hibernate.engine.transaction.jta.platform.internal.NoJtaPlatform]
[2023-04-17 14:28:58.021] INFO  [main] [o.s.o.j.LocalContainerEntityManagerFactoryBean] LocalContainerEntityManagerFactoryBean.buildNativeEntityManagerFactory:437 - Initialized JPA EntityManagerFactory for persistence unit 'default'
[2023-04-17 14:29:00.683] INFO  [main] [o.s.s.w.DefaultSecurityFilterChain] DefaultSecurityFilterChain.<init>:55 - Will secure any request with [org.springframework.security.web.session.DisableEncodeUrlFilter@671561b9, org.springframework.security.web.context.request.async.WebAsyncManagerIntegrationFilter@3aebdb4, org.springframework.security.web.context.SecurityContextPersistenceFilter@3b3dc752, org.springframework.security.web.header.HeaderWriterFilter@57cc0333, org.springframework.web.filter.CorsFilter@4fd70118, org.springframework.security.web.authentication.logout.LogoutFilter@64096a41, com.happy3friends.toiletmapbackend.sercurity.TokenAuthenticationFilter@44723d95, org.springframework.security.web.savedrequest.RequestCacheAwareFilter@6ad4ef13, org.springframework.security.web.servletapi.SecurityContextHolderAwareRequestFilter@17b9c9ff, org.springframework.security.web.authentication.AnonymousAuthenticationFilter@1db7c267, org.springframework.security.web.session.SessionManagementFilter@69c335c4, org.springframework.security.web.access.ExceptionTranslationFilter@18419ab7, org.springframework.security.web.access.intercept.FilterSecurityInterceptor@41c56930]
[2023-04-17 14:29:01.193] INFO  [main] [o.s.b.w.e.t.TomcatWebServer] TomcatWebServer.start:220 - Tomcat started on port(s): 8081 (http) with context path ''
[2023-04-17 14:29:01.211] INFO  [main] [c.h.t.ToiletMapBackEndApplication] ToiletMapBackEndApplication.logStarted:61 - Started ToiletMapBackEndApplication in 8.956 seconds (JVM running for 10.617)
[2023-04-17 14:29:08.691] INFO  [http-nio-8081-exec-2] [o.a.c.c.C.[.[.[/]] [/].log:173 - Initializing Spring DispatcherServlet 'dispatcherServlet'
[2023-04-17 14:29:08.693] INFO  [http-nio-8081-exec-2] [o.s.w.s.DispatcherServlet] DispatcherServlet.initServletBean:525 - Initializing Servlet 'dispatcherServlet'
[2023-04-17 14:29:08.693] INFO  [http-nio-8081-exec-2] [o.s.w.s.DispatcherServlet] DispatcherServlet.initServletBean:547 - Completed initialization in 0 ms
[2023-04-17 14:29:10.345] INFO  [http-nio-8081-exec-9] [o.s.a.AbstractOpenApiResource] AbstractOpenApiResource.getOpenApi:398 - Init duration for springdoc-openapi is: 613 ms
[2023-04-17 14:36:47.981] INFO  [SpringApplicationShutdownHook] [o.s.o.j.LocalContainerEntityManagerFactoryBean] LocalContainerEntityManagerFactoryBean.destroy:651 - Closing JPA EntityManagerFactory for persistence unit 'default'
[2023-04-17 14:36:47.981] INFO  [SpringApplicationShutdownHook] [c.z.h.HikariDataSource] HikariDataSource.close:350 - HikariPool-1 - Shutdown initiated...
[2023-04-17 14:36:47.991] INFO  [SpringApplicationShutdownHook] [c.z.h.HikariDataSource] HikariDataSource.close:352 - HikariPool-1 - Shutdown completed.
[2023-04-17 14:36:56.524] INFO  [main] [c.h.t.ToiletMapBackEndApplication] ToiletMapBackEndApplication.logStarting:55 - Starting ToiletMapBackEndApplication using Java 11.0.16.1 on TienHuynhTN with PID 17928 (F:\FPT\Semester-9-Summer-2023\Capstone-Project\Implementation\toilet-map-back-end\target\classes started by tienhltse151104 in F:\FPT\Semester-9-Summer-2023\Capstone-Project\Implementation\toilet-map-back-end)
[2023-04-17 14:36:56.531] INFO  [main] [c.h.t.ToiletMapBackEndApplication] ToiletMapBackEndApplication.logStartupProfileInfo:637 - The following 2 profiles are active: "default", "prod"
[2023-04-17 14:36:57.792] INFO  [main] [o.s.d.r.c.RepositoryConfigurationDelegate] RepositoryConfigurationDelegate.registerRepositoriesIn:132 - Bootstrapping Spring Data JPA repositories in DEFAULT mode.
[2023-04-17 14:36:57.930] INFO  [main] [o.s.d.r.c.RepositoryConfigurationDelegate] RepositoryConfigurationDelegate.registerRepositoriesIn:201 - Finished Spring Data repository scanning in 126 ms. Found 15 JPA repository interfaces.
[2023-04-17 14:36:59.087] INFO  [main] [o.s.b.w.e.t.TomcatWebServer] TomcatWebServer.initialize:108 - Tomcat initialized with port(s): 8081 (http)
[2023-04-17 14:36:59.087] INFO  [main] [o.a.c.c.AprLifecycleListener] AprLifecycleListener.log:173 - Loaded Apache Tomcat Native library [1.2.35] using APR version [1.7.0].
[2023-04-17 14:36:59.091] INFO  [main] [o.a.c.c.AprLifecycleListener] AprLifecycleListener.log:173 - APR capabilities: IPv6 [true], sendfile [true], accept filters [false], random [true], UDS [true].
[2023-04-17 14:36:59.091] INFO  [main] [o.a.c.c.AprLifecycleListener] AprLifecycleListener.log:173 - APR/OpenSSL configuration: useAprConnector [false], useOpenSSL [true]
[2023-04-17 14:36:59.091] INFO  [main] [o.a.c.c.AprLifecycleListener] AprLifecycleListener.log:173 - OpenSSL successfully initialized [OpenSSL 1.1.1q  5 Jul 2022]
[2023-04-17 14:36:59.103] INFO  [main] [o.a.c.c.StandardService] StandardService.log:173 - Starting service [Tomcat]
[2023-04-17 14:36:59.103] INFO  [main] [o.a.c.c.StandardEngine] StandardEngine.log:173 - Starting Servlet engine: [Apache Tomcat/9.0.71]
[2023-04-17 14:36:59.381] INFO  [main] [o.a.c.c.C.[.[.[/]] [/].log:173 - Initializing Spring embedded WebApplicationContext
[2023-04-17 14:36:59.386] INFO  [main] [o.s.b.w.s.c.ServletWebServerApplicationContext] ServletWebServerApplicationContext.prepareWebApplicationContext:292 - Root WebApplicationContext: initialization completed in 2785 ms
[2023-04-17 14:37:00.231] INFO  [main] [o.h.j.i.u.LogHelper] LogHelper.logPersistenceUnitInformation:31 - HHH000204: Processing PersistenceUnitInfo [name: default]
[2023-04-17 14:37:00.313] INFO  [main] [o.h.Version] Version.logVersion:44 - HHH000412: Hibernate ORM core version 5.6.14.Final
[2023-04-17 14:37:00.533] INFO  [main] [o.h.a.c.Version] Version.<clinit>:56 - HCANN000001: Hibernate Commons Annotations {5.1.2.Final}
[2023-04-17 14:37:00.701] INFO  [main] [c.z.h.HikariDataSource] HikariDataSource.getConnection:110 - HikariPool-1 - Starting...
[2023-04-17 14:37:01.626] INFO  [main] [c.z.h.HikariDataSource] HikariDataSource.getConnection:123 - HikariPool-1 - Start completed.
[2023-04-17 14:37:01.652] INFO  [main] [o.h.d.Dialect] Dialect.<init>:175 - HHH000400: Using dialect: org.hibernate.dialect.SQLServer2012Dialect
[2023-04-17 14:37:03.472] INFO  [main] [o.h.e.t.j.p.i.JtaPlatformInitiator] JtaPlatformInitiator.initiateService:52 - HHH000490: Using JtaPlatform implementation: [org.hibernate.engine.transaction.jta.platform.internal.NoJtaPlatform]
[2023-04-17 14:37:03.496] INFO  [main] [o.s.o.j.LocalContainerEntityManagerFactoryBean] LocalContainerEntityManagerFactoryBean.buildNativeEntityManagerFactory:437 - Initialized JPA EntityManagerFactory for persistence unit 'default'
[2023-04-17 14:37:06.489] INFO  [main] [o.s.s.w.DefaultSecurityFilterChain] DefaultSecurityFilterChain.<init>:55 - Will secure any request with [org.springframework.security.web.session.DisableEncodeUrlFilter@672549f3, org.springframework.security.web.context.request.async.WebAsyncManagerIntegrationFilter@4791d904, org.springframework.security.web.context.SecurityContextPersistenceFilter@6edb093f, org.springframework.security.web.header.HeaderWriterFilter@23c61c1b, org.springframework.web.filter.CorsFilter@6ba516ff, org.springframework.security.web.authentication.logout.LogoutFilter@9120cb5, com.happy3friends.toiletmapbackend.sercurity.TokenAuthenticationFilter@2bfa5678, org.springframework.security.web.savedrequest.RequestCacheAwareFilter@7692c0e9, org.springframework.security.web.servletapi.SecurityContextHolderAwareRequestFilter@5f510929, org.springframework.security.web.authentication.AnonymousAuthenticationFilter@3bbb3c84, org.springframework.security.web.session.SessionManagementFilter@773cc551, org.springframework.security.web.access.ExceptionTranslationFilter@eb66b47, org.springframework.security.web.access.intercept.FilterSecurityInterceptor@4e451f9a]
[2023-04-17 14:37:06.903] INFO  [main] [o.s.b.w.e.t.TomcatWebServer] TomcatWebServer.start:220 - Tomcat started on port(s): 8081 (http) with context path ''
[2023-04-17 14:37:06.917] INFO  [main] [c.h.t.ToiletMapBackEndApplication] ToiletMapBackEndApplication.logStarted:61 - Started ToiletMapBackEndApplication in 11.265 seconds (JVM running for 12.714)
